scheme_code,scheme_name,start_date,end_date,observations,cagr,volatility,sharpe_ratio,max_drawdown,category,fund_house,scheme_category
152076,360 ONE Balanced Hybrid Fund- Direct Plan - Growth,2023-10-03,2026-08-14,694,0.1198044845470693,0.0725797826045577,0.8335631554106665,-0.0666971733781431,Balanced Hybrid,360 ONE Mutual Fund,Hybrid Scheme - Balanced Hybrid Fund
122715,360 ONE Dynamic Bond Fund Direct Plan Growth,2013-06-25,2026-08-14,3172,0.0746562369971606,0.0270095244617988,0.5753810888539796,-0.080327314667515,Dynamic Bond,360 ONE Mutual Fund,Debt Scheme - Dynamic Bond
151165,360 ONE ELSS Tax Saver Nifty 50 Index Fund - Direct Plan - Growth,2023-01-02,2026-08-14,890,0.0935892456394886,0.1261224620790411,0.3141779414167672,-0.1538787621873675,ELSS,360 ONE Mutual Fund,Equity Scheme - ELSS
151796,360 ONE FLEXICAP FUND-DIRECT PLAN- GROWTH,2023-07-06,2026-08-14,765,0.1894066070511184,0.1496868665129619,0.862389127625414,-0.1811928141379583,Flexi Cap,360 ONE Mutual Fund,Equity Scheme - Flexi Cap Fund
131580,360 ONE Focused Fund-Direct Plan-Growth,2014-10-31,2026-08-14,2903,0.1567017969386952,0.1643281526077216,0.6246658822827537,-0.3657096285281249,Focused,360 ONE Mutual Fund,Equity Scheme - Focused Fund
149318,360 ONE QUANT FUND DIRECT GROWTH,2021-11-30,2026-08-14,1161,0.1708562084629381,0.1667027475244848,0.6910281453562784,-0.2238599702123884,Sectoral,360 ONE Mutual Fund,Equity Scheme - Sectoral/ Thematic
146407,ADITYA BIRLA SUN LIFE BAL BHAVISHYA YOJNA DIRECT GROWTH,2019-02-12,2026-08-14,1847,0.123072774047702,0.1600126681088965,0.4487564302579175,-0.3391761612620508,Children,Aditya Birla Sun Life Mutual Fund,Solution Oriented Scheme - Children’s Fund
153529,ANGEL ONE NIFTY 50 INDEX FUND-DIRECT-GROWTH,2025-05-28,2026-08-17,302,-0.0039589401373413,0.1254247383643528,-0.4481715217303394,-0.1513815129795372,Index,Angel One Mutual Fund,Other Scheme - Index Funds
153330,ANGEL ONE NIFTY TOTAL MARKET INDEX FUND DIRECT PLAN GROWTH OPTION,2025-03-05,2026-08-17,358,0.1213640244913056,0.1434045800621764,0.4714301419979986,-0.1481186067164424,Index,Angel One Mutual Fund,Other Scheme - Index Funds
132185,Aditya Birla Sun Life Aggressive Hybrid Omni FOF- Direct Plan - Growth Option,2014-10-13,2026-08-14,2861,0.108560761891433,0.0779889467411052,0.6481734815291079,-0.1730293118403931,Fund of Funds,Aditya Birla Sun Life Mutual Fund,Other Scheme - FoF Domestic
119526,Aditya Birla Sun Life Arbitrage Fund - Growth - Direct Plan,2013-01-02,2026-08-14,3350,0.0698007927954003,0.010958303124203,0.8378443605676892,-0.0053658279969966,Arbitrage,Aditya Birla Sun Life Mutual Fund,Hybrid Scheme - Arbitrage Fund
153081,Aditya Birla Sun Life BSE India Infrastructure Index Fund-Direct Growth,2024-12-05,2026-08-14,418,-0.0508278591523623,0.1988090091247277,-0.4702475890995998,-0.2272919141250036,Index,Aditya Birla Sun Life Mutual Fund,Index Funds - Equity Funds
131670,Aditya Birla Sun Life Balanced Advantage Fund - Direct Plan - Growth Option,2014-10-13,2026-08-14,2914,0.1160666694830991,0.0981532667713331,0.5839034794526783,-0.2635851557322729,Balanced Advantage,Aditya Birla Sun Life Mutual Fund,Hybrid Scheme - Dynamic Asset Allocation or Balanced Advantage
119550,Aditya Birla Sun Life Banking & PSU Debt Fund- Direct Plan-Growth,2013-01-02,2026-08-14,3289,0.0826176748598621,0.0162901748473225,1.409751453456917,-0.0303639313028551,Banking & PSU,Aditya Birla Sun Life Mutual Fund,Debt Scheme - Banking and PSU Fund
125597,Aditya Birla Sun Life Banking and Financial Services Fund - Direct Plan - Growth,2013-12-18,2026-08-14,3112,0.1696334500973009,0.2076911165049921,0.5896567417240315,-0.4744958481613286,Sectoral,Aditya Birla Sun Life Mutual Fund,Equity Scheme - Sectoral/ Thematic
149295,Aditya Birla Sun Life Business Cycle Fund-Direct Growth,2021-12-08,2026-08-14,1155,0.12426492269817,0.1386241327918705,0.5006505330851454,-0.1777777777777777,Sectoral,Aditya Birla Sun Life Mutual Fund,Equity Scheme - Sectoral/ Thematic
151427,Aditya Birla Sun Life CRISIL IBX SDL Jun 2032 INDEX FUND - Direct Growth,2023-02-16,2026-08-14,844,0.0810533346122637,0.0218393214346657,0.988005408225946,-0.0220802136487195,Index,Aditya Birla Sun Life Mutual Fund,Other Scheme - Index Funds
153124,Aditya Birla Sun Life Conglomerate Fund-Direct Growth,2024-12-30,2026-08-14,402,0.0805173807917352,0.162808054013625,0.19718802838842,-0.1641391614629795,Sectoral,Aditya Birla Sun Life Mutual Fund,Equity Scheme - Sectoral/ Thematic
132183,Aditya Birla Sun Life Conservative Hybrid Active FOF- Direct Plan - Growth Option,2014-10-13,2026-08-14,2861,0.0920474604462575,0.0458195202337238,0.7179614200268161,-0.1147182931177938,Fund of Funds,Aditya Birla Sun Life Mutual Fund,Other Scheme - FoF Domestic
119591,Aditya Birla Sun Life Consumption Fund - Growth - Direct Plan,2013-01-02,2026-08-14,3350,0.1603727936661314,0.148537498681838,0.6969156228178227,-0.3451622389961769,Sectoral,Aditya Birla Sun Life Mutual Fund,Equity Scheme - Sectoral/ Thematic
119533,Aditya Birla Sun Life Corporate Bond Fund - Growth - Direct Plan,2013-01-02,2026-08-14,3289,0.080711543905221,0.0139418909889474,1.5127563460962337,-0.0237753913175623,Corporate Bond,Aditya Birla Sun Life Mutual Fund,Debt Scheme - Corporate Bond Fund
134387,Aditya Birla Sun Life Credit Risk Fund - Direct Plan - Growth,2015-04-22,2026-08-14,2740,0.0954906619067543,0.0264412165806933,1.3347054204846482,-0.0387083279918494,Credit Risk,Aditya Birla Sun Life Mutual Fund,Debt Scheme - Credit Risk Fund
150702,Aditya Birla Sun Life Crisil IBX 50:50 Gilt Plus SDL Apr 2028 Index Fund-Direct Growth,2022-10-17,2026-08-14,928,0.0776377879005785,0.0125732299245587,1.4184213814761064,-0.0080687719405588,Index,Aditya Birla Sun Life Mutual Fund,Other Scheme - Index Funds
150353,Aditya Birla Sun Life Crisil IBX 60:40 SDL+AAA PSU-Apr 2027 Index Fund-Direct Growth,2022-03-30,2026-08-14,1061,0.064091091502477,0.0130954867767537,0.3594475408390729,-0.0339152418734325,Index,Aditya Birla Sun Life Mutual Fund,Other Scheme - Index Funds
151577,Aditya Birla Sun Life Crisil IBX Gilt Apr 2028 Index Fund-Direct Growth,2023-03-16,2026-08-14,825,0.0719006461451123,0.0111415532075265,1.1281224337973057,-0.0068063885706584,Index,Aditya Birla Sun Life Mutual Fund,Other Scheme - Index Funds
152267,Aditya Birla Sun Life Crisil IBX Gilt Apr 2033 Index Fund-Direct Growth,2023-12-26,2026-08-14,639,0.0825800740723214,0.0231142921140458,0.9875345591295924,-0.0177588543322234,Index,Aditya Birla Sun Life Mutual Fund,Other Scheme - Index Funds
150778,Aditya Birla Sun Life Crisil IBX Gilt-Apr-2029 Index Fund-Direct Growth,2022-10-21,2026-08-14,924,0.0817746922249613,0.0172291009293676,1.2773539446589597,-0.0096632281553398,Index,Aditya Birla Sun Life Mutual Fund,Other Scheme - Index Funds
120539,Aditya Birla Sun Life Digital India Fund - Growth - Direct Plan,2013-01-02,2026-08-14,3349,0.1848531484057802,0.1792435456271092,0.7251145161534516,-0.3450338422792381,Sectoral,Aditya Birla Sun Life Mutual Fund,Equity Scheme - Sectoral/ Thematic
132186,Aditya Birla Sun Life Dynamic Asset Allocation Omni FOF- Direct Plan - Growth Option,2014-10-13,2026-08-14,2861,0.1293843703393928,0.1073239042878275,0.6773586232263773,-0.2215175181476599,Fund of Funds,Aditya Birla Sun Life Mutual Fund,Other Scheme - FoF Domestic
119505,Aditya Birla Sun Life Dynamic Bond Fund - Growth - Direct Plan,2013-01-02,2026-08-14,3289,0.0767448404279915,0.0338285631061802,0.5241837937087643,-0.0746952494986945,Dynamic Bond,Aditya Birla Sun Life Mutual Fund,Debt Scheme - Dynamic Bond
119544,Aditya Birla Sun Life ELSS Tax Saver Fund - Growth - Direct Plan,2013-01-02,2026-08-14,3350,0.1386512781174171,0.1467305344472745,0.5716408187303993,-0.3511937812326485,ELSS,Aditya Birla Sun Life Mutual Fund,Equity Scheme - ELSS
148637,Aditya Birla Sun Life ESG Integration Strategy Fund-Direct Plan-Growth,2020-12-29,2026-08-14,1387,0.1288566917538705,0.1444721923219194,0.5150498369685539,-0.2620689655172414,Sectoral,Aditya Birla Sun Life Mutual Fund,Equity Scheme - Sectoral/ Thematic
120517,Aditya Birla Sun Life Equity Hybrid'95 Fund - Direct Plan-Growth,2013-01-02,2026-08-14,3351,0.1263804881884906,0.1187746986472221,0.5808307471360644,-0.319677675848237,Aggressive Hybrid,Aditya Birla Sun Life Mutual Fund,Hybrid Scheme - Aggressive Hybrid Fund
132995,Aditya Birla Sun Life Equity Savings Fund - Direct Plan - Growth,2014-12-01,2026-08-14,2883,0.0855812794046806,0.060823086132938,0.4256515261772826,-0.1779220779220779,Equity Savings,Aditya Birla Sun Life Mutual Fund,Hybrid Scheme - Equity Savings
120564,Aditya Birla Sun Life Flexi Cap Fund - Growth - Direct Plan,2013-01-02,2026-08-14,3350,0.1644646608660309,0.1606665632737346,0.6785913786277261,-0.3859145952836201,Flexi Cap,Aditya Birla Sun Life Mutual Fund,Equity Scheme - Flexi Cap Fund
119564,Aditya Birla Sun Life Focused Fund - Growth - Direct Plan,2013-01-02,2026-08-14,3350,0.1468483838691365,0.1559923998108613,0.5938547110710831,-0.3673258912495498,Focused,Aditya Birla Sun Life Mutual Fund,Equity Scheme - Focused Fund
132140,Aditya Birla Sun Life Global Emerging Opportunities Fund - Direct plan - Growth Option,2014-10-13,2026-08-14,2860,0.0919645776311157,0.1866249399783594,0.2638066929778661,-0.3355418799777877,Fund of Funds,Aditya Birla Sun Life Mutual Fund,Other Scheme - FoF Overseas
132009,Aditya Birla Sun Life Global Excellence Equity Fund Of Fund - Retail Plan - Direct Plan - Growth Option,2014-10-13,2026-08-14,2860,0.0968597789530469,0.1738698574711448,0.2973765110822978,-0.3906402726288074,Fund of Funds,Aditya Birla Sun Life Mutual Fund,Other Scheme - FoF Overseas
120546,Aditya Birla Sun Life Gold Fund - Growth - Direct Plan,2013-01-02,2026-08-14,3340,0.1129713240224397,0.2061030669884076,0.3454891665396846,-0.2730308781662894,Fund of Funds,Aditya Birla Sun Life Mutual Fund,Other Scheme - FoF Domestic
119605,Aditya Birla Sun Life Government Securities Fund - Growth - Direct Plan,2013-01-02,2026-08-14,3289,0.0834237443805425,0.0429216317049645,0.5715267512692137,-0.1080854920323238,Gilt,Aditya Birla Sun Life Mutual Fund,Debt Scheme - Gilt Fund
119657,Aditya Birla Sun Life Income Fund - Growth - Direct Plan,2013-01-02,2026-08-14,3289,0.076674646150376,0.0370937688475535,0.4792063365593939,-0.1025683434123407,Long Duration,Aditya Birla Sun Life Mutual Fund,Debt Scheme - Medium to Long Duration Fund
131898,Aditya Birla Sun Life Income Plus Arbitrage Active FOF- Direct Plan - Growth Option,2014-10-13,2026-08-14,2861,0.0760235262859625,0.0469866817777015,0.3737269450667431,-0.1010619236988157,Fund of Funds,Aditya Birla Sun Life Mutual Fund,Other Scheme - FoF Domestic
119514,Aditya Birla Sun Life Infrastructure Fund - Growth - Direct Plan,2013-01-02,2026-08-14,3350,0.1590518170915786,0.1852562959239536,0.5858928809550022,-0.5352885073915117,Sectoral,Aditya Birla Sun Life Mutual Fund,Equity Scheme - Sectoral/ Thematic
119517,Aditya Birla Sun Life International Equity Fund - Growth - Direct Plan,2013-01-02,2026-08-14,3349,0.1241793140268057,0.6616253701032911,0.2841914138528081,-0.7388598876560608,Sectoral,Aditya Birla Sun Life Mutual Fund,Equity Scheme - Sectoral/ Thematic
119436,Aditya Birla Sun Life Large & Mid Cap Fund - Growth - Direct Plan,2013-01-02,2026-08-14,3350,0.1487397314927254,0.1701647087666016,0.5681370957873307,-0.3925442723034142,Mid Cap,Aditya Birla Sun Life Mutual Fund,Equity Scheme - Large & Mid Cap Fund
119528,Aditya Birla Sun Life Large Cap Fund - Growth - Direct Plan,2013-01-02,2026-08-14,3350,0.1381695010617167,0.1540325583882408,0.5489055505219346,-0.3766419302353267,Large Cap,Aditya Birla Sun Life Mutual Fund,Equity Scheme - Large Cap Fund
150484,Aditya Birla Sun Life Long Duration Fund-Direct Growth,2022-08-10,2026-08-14,972,0.0793294309550187,0.0309175730973461,0.645445475346389,-0.0333987322668276,Long Duration,Aditya Birla Sun Life Mutual Fund,Debt Scheme - Long Duration Fund
119646,Aditya Birla Sun Life MNC Fund - Growth - Direct Plan,2013-01-02,2026-08-14,3350,0.1359984534533134,0.1322853757090707,0.6006087129809851,-0.324269617434721,Sectoral,Aditya Birla Sun Life Mutual Fund,Equity Scheme - Sectoral/ Thematic
133516,Aditya Birla Sun Life Manufacturing Equity Fund - Direct Plan - Growth,2015-02-03,2026-08-14,2839,0.1385710772325565,0.1569834923301946,0.5431135696395478,-0.391875,Sectoral,Aditya Birla Sun Life Mutual Fund,Equity Scheme - Sectoral/ Thematic
119539,Aditya Birla Sun Life Medium Term Plan - Growth - Direct Plan,2013-01-02,2026-08-14,3289,0.098070974236408,0.0568112725244055,0.6894461941258272,-0.1264992700258919,Medium Duration,Aditya Birla Sun Life Mutual Fund,Debt Scheme - Medium Duration Fund
119620,Aditya Birla Sun Life Midcap Fund - Growth - Direct Plan,2013-01-02,2026-08-14,3350,0.1655308602903769,0.1617378784059462,0.6809348781690712,-0.450828389118997,Mid Cap,Aditya Birla Sun Life Mutual Fund,Equity Scheme - Mid Cap Fund
151307,Aditya Birla Sun Life Multi Asset Allocation Fund-Direct Growth,2023-02-02,2026-08-14,868,0.1818474215420478,0.0979245111509807,1.1870674282632927,-0.1283414463956406,Multi Asset,Aditya Birla Sun Life Mutual Fund,Hybrid Scheme - Multi Asset Allocation
131865,Aditya Birla Sun Life Multi Asset Omni FoF- Direct Plan - Growth Option,2014-11-13,2026-08-14,2843,0.1289433109153472,0.1003518250635553,0.712147747852227,-0.2268704074816299,Fund of Funds,Aditya Birla Sun Life Mutual Fund,Other Scheme - FoF Domestic
150688,Aditya Birla Sun Life Multi-Asset Passive FOF-Direct Growth,2022-10-18,2026-08-14,939,0.1664088477272101,0.1044457546272532,0.991775693479958,-0.1635448596247467,Fund of Funds,Aditya Birla Sun Life Mutual Fund,Other Scheme - FoF Domestic
148921,Aditya Birla Sun Life Multi-Cap Fund-Direct Growth,2021-05-10,2026-08-14,1299,0.1695203397145797,0.1395092540945881,0.7869824979300076,-0.1995412844036698,Multi Cap,Aditya Birla Sun Life Mutual Fund,Equity Scheme - Multi Cap Fund
148962,Aditya Birla Sun Life Nifty 50 Equal Weight Index Fund-Direct Growth,2021-06-10,2026-08-14,1277,0.1362645550542924,0.1376662365069358,0.582148308829974,-0.1802460958925374,Index,Aditya Birla Sun Life Mutual Fund,Index Funds - Equity Funds
119648,Aditya Birla Sun Life Nifty 50 Index Fund - Growth - Direct Plan,2013-01-02,2026-08-14,3350,0.1139758239829069,0.1597560111568024,0.396963666164367,-0.3762131949786412,Index,Aditya Birla Sun Life Mutual Fund,Other Scheme - Index Funds
152798,Aditya Birla Sun Life Nifty India Defence Index Fund-Direct Growth,2024-09-02,2026-08-14,482,0.1949778626248191,0.2814303213920398,0.5729711279034879,-0.2775358971586944,Index,Aditya Birla Sun Life Mutual Fund,Index Funds - Equity Funds
148807,Aditya Birla Sun Life Nifty Midcap 150 Index Fund-Direct Growth,2021-04-06,2026-08-14,1321,0.198575121877444,0.1675508572637545,0.8317495233967911,-0.2118748986720512,Index,Aditya Birla Sun Life Mutual Fund,Index Funds - Equity Funds
149838,Aditya Birla Sun Life Nifty Next 50 Index Fund-Direct Growth,2022-02-21,2026-08-14,1103,0.1520787792244289,0.1788416344941733,0.5649739009652445,-0.2669543580560529,Index,Aditya Birla Sun Life Mutual Fund,Index Funds - Equity Funds
149794,Aditya Birla Sun Life Nifty SDL Apr 2027 Index Fund-Direct Growth,2022-01-31,2026-08-14,1100,0.0644167971612272,0.0138657014607449,0.3609451502046227,-0.0346417814644743,Index,Aditya Birla Sun Life Mutual Fund,Other Scheme - Index Funds
149199,Aditya Birla Sun Life Nifty SDL Plus PSU Bond SEP 2026 60:40 Index Fund-Direct Growth,2021-09-27,2026-08-14,1184,0.0597053424520794,0.012134529061048,0.0288285320588201,-0.0327518200906611,Index,Aditya Birla Sun Life Mutual Fund,Other Scheme - Index Funds
148815,Aditya Birla Sun Life Nifty Smallcap 50 Index Fund-Direct Growth,2021-04-06,2026-08-14,1321,0.1768075188455564,0.2026514620317845,0.627455357316655,-0.367216423054239,Index,Aditya Birla Sun Life Mutual Fund,Index Funds - Equity Funds
147844,Aditya Birla Sun Life PSU Equity Fund-Direct Plan-Growth,2020-01-01,2026-08-14,1634,0.2336079764909466,0.2155390826082004,0.8258136792059451,-0.3376110562685094,Sectoral,Aditya Birla Sun Life Mutual Fund,Equity Scheme - Sectoral/ Thematic
147409,Aditya Birla Sun Life Pharma and Healthcare Fund-Direct-Growth,2019-07-11,2026-08-14,1748,0.2185367667249089,0.1513606149103946,1.0160017016699354,-0.2045779685264663,Sectoral,Aditya Birla Sun Life Mutual Fund,Equity Scheme - Sectoral/ Thematic
152684,Aditya Birla Sun Life Quant Fund - Direct Growth,2024-07-01,2026-08-14,525,0.0296779623839404,0.1517320619889023,-0.1231208204193606,-0.2288372093023256,Sectoral,Aditya Birla Sun Life Mutual Fund,Equity Scheme - Sectoral/ Thematic
120705,Aditya Birla Sun Life Regular Savings Fund - Growth / Payment - Direct Plan,2013-01-04,2026-08-14,3287,0.102912429923482,0.050317502646074,0.8646291068169174,-0.1422726854831296,Conservative Hybrid,Aditya Birla Sun Life Mutual Fund,Hybrid Scheme - Conservative Hybrid Fund
146575,Aditya Birla Sun Life Retirement Fund-The 30s Plan-Direct Growth,2019-03-12,2026-08-14,1828,0.1354955783670848,0.1578997482359064,0.5240535257266876,-0.3423333029280306,Retirement,Aditya Birla Sun Life Mutual Fund,Solution Oriented Scheme - Retirement Fund
146930,Aditya Birla Sun Life Retirement Fund-The 40s Plan-Direct Plan-Growth,2019-03-13,2026-08-14,1827,0.1115370576604015,0.1215104106631865,0.4589689321177835,-0.2727938484071768,Retirement,Aditya Birla Sun Life Mutual Fund,Solution Oriented Scheme - Retirement Fund
146940,Aditya Birla Sun Life Retirement Fund-The 50s Plan-Direct Plan-Growth,2019-03-13,2026-08-14,1798,0.0733740646303617,0.0319152614423507,0.4455560058808629,-0.0499341772990337,Retirement,Aditya Birla Sun Life Mutual Fund,Solution Oriented Scheme - Retirement Fund
146943,Aditya Birla Sun Life Retirement Fund-The 50s Plus-Debt Plan-Direct Plan-Growth,2019-03-13,2026-08-14,1798,0.0562072135702271,0.0153571886826301,-0.1925490314619037,-0.0226060687886049,Retirement,Aditya Birla Sun Life Mutual Fund,Solution Oriented Scheme - Retirement Fund
119498,Aditya Birla Sun Life Short Term Fund - Growth - Direct Plan,2013-01-02,2026-08-14,3289,0.0850235298591168,0.0160405417718829,1.5758725604188366,-0.0274671194635508,Short Duration,Aditya Birla Sun Life Mutual Fund,Debt Scheme - Short Duration Fund
149780,Aditya Birla Sun Life Silver ETF FOF-Direct Growth,2022-02-04,2026-08-14,1104,0.3242003051720785,0.3450922823953422,0.8452399364808793,-0.4530028911365813,Value,Aditya Birla Sun Life Mutual Fund,Equity Schemes - Value Fund
119556,Aditya Birla Sun Life Small Cap Fund - Growth - Direct Plan,2013-01-07,2026-08-14,3347,0.1713402878618464,0.1716613747853409,0.6809297496989087,-0.5740911968545914,Small Cap,Aditya Birla Sun Life Mutual Fund,Equity Scheme - Small Cap Fund
148539,Aditya Birla Sun Life Special Opportunities Fund-Direct-Growth,2020-10-27,2026-08-14,1429,0.216256070798529,0.1441617411523784,1.045642223907871,-0.2029498525073746,Sectoral,Aditya Birla Sun Life Mutual Fund,Equity Scheme - Sectoral/ Thematic
152158,Aditya Birla Sun Life Transportation and Logistics Fund-Direct Growth,2023-11-21,2026-08-14,673,0.2478954611373003,0.1829282031174938,1.0032296854571483,-0.2824615384615384,Sectoral,Aditya Birla Sun Life Mutual Fund,Equity Scheme - Sectoral/ Thematic
149291,Aditya Birla Sun Life US Equity Passive FOF-Direct-Growth,2021-11-08,2026-08-14,1174,0.1960424501738105,0.214330768011433,0.6822509043604608,-0.2894140720764893,Fund of Funds,Aditya Birla Sun Life Mutual Fund,Overseas Fund of Funds - Fund of Funds investing overseas
152140,Aditya Birla Sun Life US Treasury 1-3 Year Bond ETFs Fund Of Funds-Direct Growth,2023-11-02,2026-08-14,684,0.0955237337923615,0.0408667653320113,0.8438506025909543,-0.0269480231008441,Fund of Funds,Aditya Birla Sun Life Mutual Fund,Other Scheme - FoF Overseas
152150,Aditya Birla Sun Life US Treasury 3-10 Year Bond ETFs Fund Of Funds-Direct Growth,2023-11-02,2026-08-14,684,0.098335197240889,0.0563316765314469,0.6722227103151142,-0.033137614019967,Fund of Funds,Aditya Birla Sun Life Mutual Fund,Other Scheme - FoF Overseas
119659,Aditya Birla Sun Life Value Fund - Growth - Direct Plan,2013-01-02,2026-08-14,3350,0.1701838603514216,0.1821376692578488,0.6464488169307008,-0.5747745561890898,Value,Aditya Birla Sun Life Mutual Fund,Equity Scheme - Value Fund
144394,Axis Aggressive Hybrid Fund - Direct Plan - Growth Option,2018-08-16,2026-08-14,1975,0.1120627565146232,0.123607196594313,0.4539146900459718,-0.280067283431455,Aggressive Hybrid,Axis Mutual Fund,Hybrid Scheme - Aggressive Hybrid Fund
130773,Axis Arbitrage Fund - Direct Plan - Growth,2014-08-21,2026-08-14,2955,0.0670829439979829,0.0100655001567759,0.6378727040954669,-0.0064432208016284,Arbitrage,Axis Mutual Fund,Hybrid Scheme - Arbitrage Fund
152422,Axis BSE Sensex Index Fund - Direct Plan - Growth,2024-02-29,2026-08-14,613,0.0423024111015426,0.1356869151691112,-0.0655633338552876,-0.1595127900954035,Index,Axis Mutual Fund,Other Scheme - Index Funds
141642,Axis Balanced Advantage Fund - Direct Plan - Growth,2017-08-07,2026-08-14,2230,0.1037610910003661,0.0822146495987083,0.5359817019316093,-0.1715927750410508,Balanced Advantage,Axis Mutual Fund,Hybrid Scheme - Dynamic Asset Allocation or Balanced Advantage
151368,Axis Business Cycles Fund - Direct Plan - Growth,2023-02-27,2026-08-14,859,0.1882297632585732,0.1409014501628624,0.8893950029176427,-0.1925254813137032,Sectoral,Axis Mutual Fund,Equity Scheme - Sectoral/ Thematic
151300,Axis CRISIL IBX 50:50 Gilt Plus SDL June 2028 Index Fund - Direct Plan - Growth,2023-01-27,2026-08-14,865,0.0760651622489543,0.0117424002825965,1.3533710179775085,-0.0081213546640568,Index,Axis Mutual Fund,Other Scheme - Index Funds
149873,Axis CRISIL IBX SDL May 2027 Index Fund - Direct Plan - Growth,2022-02-25,2026-08-14,1089,0.064921597737295,0.0154556222382561,0.335474665215598,-0.0363171457679937,Index,Axis Mutual Fund,Other Scheme - Index Funds
135762,Axis Children's Fund - Lock in - Direct Growth,2015-12-14,2026-08-14,2637,0.110606473747566,0.111174153071597,0.4786155676688661,-0.2708676525350449,Children,Axis Mutual Fund,Solution Oriented Scheme - Children’s Fund
135764,Axis Children's Fund - No Lock in - Direct Growth,2015-12-14,2026-08-14,2637,0.1125702596470155,0.111158232838494,0.494880600714574,-0.2709280439227849,Children,Axis Mutual Fund,Solution Oriented Scheme - Children’s Fund
152805,Axis Consumption Fund Direct Plan - Growth,2024-09-18,2026-08-14,477,-0.0131118541242112,0.1403191859630743,-0.452221624405777,-0.2009661835748792,Sectoral,Axis Mutual Fund,Equity Scheme - Sectoral/ Thematic
141588,Axis Corporate Bond Fund - Direct Plan Growth,2017-07-18,2026-08-14,2205,0.0755322654418468,0.020229624307084,0.7789178419584206,-0.0381434799976203,Corporate Bond,Axis Mutual Fund,Debt Scheme - Corporate Bond Fund
130314,Axis Credit Risk Fund - Direct Plan - Growth,2014-07-21,2026-08-14,2923,0.083365290236401,0.015768409640879,1.4877990190937374,-0.0347887070207948,Credit Risk,Axis Mutual Fund,Debt Scheme - Credit Risk Fund
147928,Axis ESG Integration Strategy Fund - Direct Plan - Growth Option,2020-02-18,2026-08-14,1607,0.1351318582851839,0.1445546792117448,0.549929275534969,-0.2429854096520762,Sectoral,Axis Mutual Fund,Equity Scheme - Sectoral/ Thematic
135120,Axis Equity Savings Fund - Direct Plan - Growth,2015-08-20,2026-08-14,2712,0.0936254626285391,0.0688423919930689,0.4906375203304218,-0.1756198347107437,Equity Savings,Axis Mutual Fund,Hybrid Scheme - Equity Savings
141925,Axis Flexi Cap Fund - Direct Plan - Growth,2017-11-24,2026-08-14,2156,0.1421523006355922,0.154184584325476,0.5676209123792906,-0.2987012987012986,Flexi Cap,Axis Mutual Fund,Equity Scheme - Flexi Cap Fund
149049,Axis Floater Fund - Direct Plan - Growth,2021-08-02,2026-08-14,1228,0.073472537474309,0.0176732704491652,0.7605070406060098,-0.0126422575115693,Floating Rate,Axis Mutual Fund,Debt Scheme - Floater Fund
148485,Axis Global Equity Alpha Fund of Fund - Direct Plan - Growth Option,2020-09-30,2026-08-14,1397,0.1865231828039457,0.16344570722193,0.8238154224769226,-0.1986298377937621,Fund of Funds,Axis Mutual Fund,Other Scheme - FoF Overseas
148954,Axis Global Innovation Fund of Fund - Direct Plan - Growth,2021-06-03,2026-08-14,1236,0.1514493565765458,0.2032609362681718,0.5422973955627691,-0.3083778966131908,Fund of Funds,Axis Mutual Fund,Other Scheme - FoF Overseas
147889,Axis Income Plus Arbitrage Omni FOF - Direct Plan - Growth Option,2020-01-31,2026-08-14,1587,0.0715385084406259,0.0225545003590284,0.5325644797827063,-0.027479478654859,Value,Axis Mutual Fund,Equity Schemes - Value Fund
152202,Axis India Manufacturing Fund - Direct Plan - Growth,2023-12-27,2026-08-14,657,0.2122722497731599,0.1603176089770196,0.9202713204458388,-0.2299077733860343,Sectoral,Axis Mutual Fund,Equity Scheme - Sectoral/ Thematic
148634,Axis Innovation Fund - Direct Plan - Growth Option,2020-12-28,2026-08-14,1394,0.1580436681616159,0.1375396370067188,0.7187971106039699,-0.2362482369534555,Sectoral,Axis Mutual Fund,Equity Scheme - Sectoral/ Thematic
145110,Axis Large & Mid Cap Fund - Direct Plan - Growth,2018-10-26,2026-08-14,1927,0.1919978260197801,0.1463580765476979,0.8888164731104335,-0.3186728395061728,Mid Cap,Axis Mutual Fund,Equity Scheme - Large & Mid Cap Fund
151179,Axis Long Duration Fund - Direct Plan - Growth,2022-12-30,2026-08-14,884,0.0714460942307591,0.0401455050772159,0.3027085814465844,-0.0558731782539458,Long Duration,Axis Mutual Fund,Debt Scheme - Long Duration Fund
153083,Axis Momentum Fund - Direct Plan - Growth Option,2024-12-18,2026-08-14,415,-0.0427035069986736,0.1706247233932736,-0.5237704741745269,-0.2152152152152152,Sectoral,Axis Mutual Fund,Equity Scheme - Sectoral/ Thematic
149847,Axis Multi Factor Passive FoF - Direct Plan - Growth Option,2022-02-28,2026-08-14,1106,0.1096944908843216,0.1249821363546585,0.4291328504104282,-0.220123424924326,Fund of Funds,Axis Mutual Fund,Other Scheme - FoF Domestic
149383,Axis Multicap Fund - Direct Growth,2021-12-23,2026-08-14,1152,0.1717877375302618,0.139714832040209,0.793816400897241,-0.1808346213292117,Multi Cap,Axis Mutual Fund,Equity Scheme - Multi Cap Fund
150751,Axis NASDAQ 100 US Specific Equity Passive FOF - Direct Plan - Growth,2022-11-04,2026-08-14,912,0.3509533042604966,0.1929450113449848,1.4145100237029349,-0.2304962467505915,Fund of Funds,Axis Mutual Fund,Other Scheme - FoF Overseas
147666,Axis Nifty 100 Index Fund - Direct Plan - Growth Option,2019-10-23,2026-08-14,1689,0.1299023390619258,0.173001120992558,0.4582752921652275,-0.3702651515151515,Index,Axis Mutual Fund,Other Scheme - Index Funds
149373,Axis Nifty 50 Index Fund - Direct Plan - Growth,2021-12-08,2026-08-14,1163,0.0845556690384412,0.136598693417691,0.2325578286274436,-0.1581568764063986,Index,Axis Mutual Fund,Other Scheme - Index Funds
152731,Axis Nifty 500 Index Fund - Direct Plan - Growth Option,2024-07-16,2026-08-14,522,0.0163057003924278,0.1422893951434517,-0.2363425845697337,-0.1857338173589174,Index,Axis Mutual Fund,Other Scheme - Index Funds
152629,Axis Nifty Bank Index Fund - Direct Plan - Growth Option,2024-05-29,2026-08-14,555,0.0864759517493649,0.1671033225685018,0.2235472153443345,-0.1833234678978731,Index,Axis Mutual Fund,Other Scheme - Index Funds
151785,Axis Nifty IT Index Fund - Direct Plan - Growth,2023-07-18,2026-08-14,765,0.0174233699943522,0.2183675651729158,-0.0855016982081151,-0.4230729990307607,Index,Axis Mutual Fund,Other Scheme - Index Funds
149936,Axis Nifty Midcap 50 Index Fund - Direct Plan - Growth Option,2022-03-31,2026-08-14,1085,0.2001710625132156,0.1714578463208037,0.8181736194949963,-0.2027293573524554,Index,Axis Mutual Fund,Other Scheme - Index Funds
149466,Axis Nifty Next 50 Index Fund - Direct Plan - Growth,2022-02-02,2026-08-14,1124,0.1398369545168527,0.177778441961312,0.5002302242081087,-0.2634700991096926,Index,Axis Mutual Fund,Other Scheme - Index Funds
149894,Axis Nifty Smallcap 50 Index Fund - Direct Plan - Growth Option,2022-03-15,2026-08-14,1096,0.18464176603657,0.1953063780435109,0.6729038773974017,-0.2773797909407665,Index,Axis Mutual Fund,Other Scheme - Index Funds
153244,Axis Nifty500 Momentum 50 Index Fund - Direct Plan - Growth Option,2025-02-18,2026-08-14,372,0.1102047874564269,0.1878969693464321,0.3351524865784445,-0.1701587635001488,Index,Axis Mutual Fund,Other Scheme - Index Funds
152949,Axis Nifty500 Value 50 Index Fund - Direct Plan - Growth Option,2024-10-30,2026-08-14,448,0.0802563323357383,0.1776181685340765,0.189221876126703,-0.1811093029563331,Index,Axis Mutual Fund,Other Scheme - Index Funds
148993,Axis Quant Fund - Direct Plan - Growth,2021-07-07,2026-08-14,1266,0.1173136341240321,0.1426242534823887,0.4416716999100464,-0.2296650717703349,Sectoral,Axis Mutual Fund,Equity Scheme - Sectoral/ Thematic
147825,Axis Retirement Fund - Aggressive Plan - Direct Growth,2019-12-27,2026-08-14,1645,0.1155511730663061,0.1275367437419328,0.4654437492766855,-0.2587677725118483,Retirement,Axis Mutual Fund,Solution Oriented Scheme - Retirement Fund
147830,Axis Retirement Fund - Conservative Plan - Direct Growth,2019-12-27,2026-08-14,1615,0.0915546717844293,0.0641949771602061,0.5106204172680217,-0.1273268372293956,Retirement,Axis Mutual Fund,Solution Oriented Scheme - Retirement Fund
147826,Axis Retirement Fund - Dynamic Plan - Direct Growth,2019-12-27,2026-08-14,1645,0.1270155300928235,0.1148961727954465,0.5934449917772532,-0.1712962962962962,Retirement,Axis Mutual Fund,Solution Oriented Scheme - Retirement Fund
153624,Axis Services Opportunities Fund - Direct Plan - Growth Option,2025-07-30,2026-08-14,261,0.0144714566608372,0.1428612170962035,-0.2474252721680041,-0.1841085271317829,Sectoral,Axis Mutual Fund,Equity Scheme - Sectoral/ Thematic
120510,Axis Short Duration Fund - Direct Plan - Growth Option,2013-01-02,2026-08-14,3295,0.0812556185173605,0.014667352566038,1.4643201990152332,-0.0259829865649573,Short Duration,Axis Mutual Fund,Debt Scheme - Short Duration Fund
150615,Axis Silver Fund of Fund- Direct Plan-Growth Option,2022-09-27,2026-08-14,963,0.4402869734271979,0.3533248714950991,1.06243512821659,-0.4610322849197767,Fund of Funds,Axis Mutual Fund,Other Scheme - FoF Domestic
125354,Axis Small Cap Fund - Direct Plan - Growth,2013-12-05,2026-08-14,3130,0.2286968748132609,0.1474173352567436,1.095725610004379,-0.3463863337713534,Small Cap,Axis Mutual Fund,Equity Scheme - Small Cap Fund
152240,Axis US Specific Treasury Dynamic Debt Passive FOF - Direct Plan - Growth Option,2023-12-27,2026-08-14,640,0.0787556830138358,0.0693112443814345,0.3040247804791971,-0.0493566461131287,Fund of Funds,Axis Mutual Fund,Other Scheme - FoF Overseas
149166,Axis Value Fund - Direct Plan - Growth,2021-09-28,2026-08-14,1210,0.1725319501958622,0.146016023001883,0.7705969146556203,-0.2020389249304911,Value,Axis Mutual Fund,Equity Scheme - Value Fund
153075,BAJAJ FINSERV CONSUMPTION FUND - DIRECT - GROWTH,2024-12-03,2026-08-14,420,-0.023345613993925,0.1444491604434253,-0.5099352109020434,-0.2139716658524669,Sectoral,Bajaj Finserv Mutual Fund,Equity Scheme - Sectoral/ Thematic
153201,BAJAJ FINSERV ELSS TAX SAVER FUND - DIRECT - GROWTH,2025-02-03,2026-08-14,377,0.1215632236737527,0.1324847362017764,0.4984336394114892,-0.1351328337874658,ELSS,Bajaj Finserv Mutual Fund,Equity Scheme - ELSS
153157,BAJAJ FINSERV HEALTHCARE FUND - DIRECT - GROWTH,2024-12-30,2026-08-14,402,0.1121855450719477,0.1352682328095522,0.4248652700368051,-0.156798894809552,Sectoral,Bajaj Finserv Mutual Fund,Equity Scheme - Sectoral/ Thematic
152783,BAJAJ FINSERV LARGE CAP FUND - DIRECT PLAN - GROWTH,2024-08-23,2026-08-14,488,0.0252062641928521,0.130259146941049,-0.2003746235702474,-0.169478672985782,Large Cap,Bajaj Finserv Mutual Fund,Equity Scheme - Large Cap Fund
153309,BAJAJ FINSERV MULTI CAP FUND - DIRECT - GROWTH,2025-03-03,2026-08-14,358,0.1688227062968963,0.1416865847307329,0.7731929881101443,-0.1417543264336612,Multi Cap,Bajaj Finserv Mutual Fund,Equity Scheme - Multi Cap Fund
153612,BAJAJ FINSERV SMALL CAP FUND - DIRECT - GROWTH,2025-07-22,2026-08-14,262,0.1189401298286159,0.1632683317348198,0.4200109550656414,-0.1621891540996705,Small Cap,Bajaj Finserv Mutual Fund,Equity Scheme - Small Cap Fund
131355,BANDHAN Balanced Advantage Fund Direct Plan Growth,2014-10-13,2026-08-14,2923,0.0966813265386761,0.0861845579484582,0.4404388348752509,-0.2588832487309644,Balanced Advantage,Bandhan Mutual Fund,Hybrid Scheme - Dynamic Asset Allocation or Balanced Advantage
150888,BANDHAN CRISIL IBX 90:10 SDL PLUS GILT - SEP27 INDEX FUND - DIRECT GROWTH,2022-11-25,2026-08-14,910,0.0761505515393237,0.0106462690282757,1.475993246571652,-0.0041775868524248,Index,Bandhan Mutual Fund,Other Scheme - Index Funds
150871,BANDHAN CRISIL IBX 90:10 SDL PLUS GILT APRIL 2032 INDEX FUND - DIRECT GROWTH,2022-11-30,2026-08-14,907,0.0802447958804943,0.0212406433386627,0.9306310326058216,-0.0225249644487394,Index,Bandhan Mutual Fund,Other Scheme - Index Funds
151408,BANDHAN CRISIL IBX GILT APRIL 2032 INDEX FUND - DIRECT GROWTH,2023-02-16,2026-08-14,852,0.0835329853472075,0.0221895635965247,1.045058488435531,-0.0199045205032112,Index,Bandhan Mutual Fund,Other Scheme - Index Funds
148792,BANDHAN CRISIL IBX Gilt April 2028 Index Fund Direct Plan-Growth,2021-03-24,2026-08-14,1313,0.0638159438545498,0.0177519675364895,0.2377239533300324,-0.0286575882866136,Index,Bandhan Mutual Fund,Other Scheme - Index Funds
148789,BANDHAN CRISIL IBX Gilt June 2027 Index Fund Direct Plan-Growth,2021-03-24,2026-08-14,1313,0.0623951095290911,0.0163707815778624,0.1717877393312402,-0.0308594673856485,Index,Bandhan Mutual Fund,Other Scheme - Index Funds
118491,BANDHAN Conservative Hybrid Fund-Direct Plan-Growth,2013-01-02,2026-08-14,3296,0.0815144785075838,0.0466302881745643,0.4864686241533272,-0.1138295017443421,Conservative Hybrid,Bandhan Mutual Fund,Hybrid Scheme - Conservative Hybrid Fund
135916,BANDHAN Corporate Bond Fund - Direct Growth,2016-01-13,2026-08-14,2570,0.0737473503476275,0.0169441947233414,0.8280568676583077,-0.0346846523642103,Corporate Bond,Bandhan Mutual Fund,Debt Scheme - Corporate Bond Fund
140603,BANDHAN Credit Risk Fund-Direct Plan-Growth,2017-03-06,2026-08-14,2295,0.0707438017108206,0.0152778084361389,0.7206346579165768,-0.0258666666666667,Credit Risk,Bandhan Mutual Fund,Debt Scheme - Credit Risk Fund
118416,BANDHAN Dynamic Bond Fund-Direct Plan-Growth,2013-01-02,2026-08-14,3296,0.0832181475836115,0.0375928341270019,0.636831478317077,-0.0695658671448852,Dynamic Bond,Bandhan Mutual Fund,Debt Scheme - Dynamic Bond
118473,BANDHAN ELSS Tax Saver Fund - Direct Plan - Growth,2013-01-02,2026-08-14,3360,0.1665107580968712,0.1567120601403365,0.7000532889907841,-0.4259866191890192,ELSS,Bandhan Mutual Fund,Equity Scheme - ELSS
118477,BANDHAN Equity Savings Fund-Direct Plan-Growth,2014-01-01,2026-08-14,3113,0.0753311097538727,0.0461651856634712,0.330995756172888,-0.1728506787330317,Equity Savings,Bandhan Mutual Fund,Hybrid Scheme - Equity Savings
151816,BANDHAN FINANCIAL SERVICES FUND - DIRECT PLAN - GROWTH,2023-07-31,2026-08-14,757,0.1618726819216793,0.154570704694874,0.672660428884641,-0.1731160896130346,Sectoral,Bandhan Mutual Fund,Equity Scheme - Sectoral/ Thematic
118424,BANDHAN Flexi Cap Fund-Direct Plan-Growth,2013-01-02,2026-08-14,3360,0.1375993025078306,0.1475792064469396,0.5602321519794519,-0.3689338579726438,Flexi Cap,Bandhan Mutual Fund,Equity Scheme - Flexi Cap Fund
118469,BANDHAN Infrastructure Fund-Direct Plan-Growth,2013-01-02,2026-08-14,3360,0.1489769341203239,0.191113284782328,0.5246306472099793,-0.5686805693601402,Sectoral,Bandhan Mutual Fund,Equity Scheme - Sectoral/ Thematic
118479,BANDHAN Large Cap Fund-Direct Plan-Growth,2013-01-02,2026-08-14,3360,0.1309445068206389,0.1561549919381828,0.4992388304187529,-0.3514225500526871,Large Cap,Bandhan Mutual Fund,Equity Scheme - Large Cap Fund
150404,BANDHAN MIDCAP FUND - GROWTH - DIRECT PLAN,2022-08-19,2026-08-14,990,0.1969931088897609,0.1498782123437877,0.8938450699249851,-0.2271260539190173,Mid Cap,Bandhan Mutual Fund,Equity Scheme - Mid Cap Fund
149303,BANDHAN MULTI CAP FUND - GROWTH - DIRECT PLAN,2021-12-03,2026-08-14,1167,0.1476224056126669,0.1338983320241239,0.662846935234362,-0.1829699625191364,Multi Cap,Bandhan Mutual Fund,Equity Scheme - Multi Cap Fund
149832,BANDHAN NIFTY 100 INDEX FUND - DIRECT PLAN - GROWTH,2022-02-25,2026-08-14,1108,0.1078032536182223,0.1360010776443427,0.392288701201711,-0.1726480413564003,Index,Bandhan Mutual Fund,Other Scheme - Index Funds
150636,BANDHAN NIFTY100 LOW VOLATILITY 30 INDEX FUND - GROWTH - DIRECT PLAN,2022-10-07,2026-08-14,957,0.1337968428971689,0.1091401591290208,0.6733622347029888,-0.1823736641108381,Index,Bandhan Mutual Fund,Other Scheme - Index Funds
150591,BANDHAN NIFTY200 MOMENTUM 30 INDEX FUND - GROWTH - DIRECT PLAN,2022-09-05,2026-08-14,980,0.1224163117460341,0.1828545172408807,0.4043757560759791,-0.3173312010825273,Index,Bandhan Mutual Fund,Other Scheme - Index Funds
118482,BANDHAN Nifty 50 Index Fund-Direct Plan-Growth,2013-01-02,2026-08-14,3360,0.1195065034696121,0.1593948891889982,0.4271566712963384,-0.3757653733471811,Index,Bandhan Mutual Fund,Other Scheme - Index Funds
152264,BANDHAN Nifty Smallcap 250 Index Fund - Direct Plan - Growth,2023-12-26,2026-08-14,659,0.1123389770865304,0.1942963473159256,0.341644845976068,-0.2611979494159683,Index,Bandhan Mutual Fund,Other Scheme - Index Funds
147946,BANDHAN SMALL CAP FUND - DIRECT PLAN GROWTH,2020-02-26,2026-08-14,1603,0.3078425542003329,0.1729701032096058,1.3186385413147117,-0.2433628318584071,Small Cap,Bandhan Mutual Fund,Equity Scheme - Small Cap Fund
150716,BANDHAN TRANSPORTATION AND LOGISTICS FUND - GROWTH - DIRECT PLAN,2022-10-27,2026-08-14,945,0.2367275132043724,0.1479490244701508,1.124812609680591,-0.2496007984031936,Sectoral,Bandhan Mutual Fund,Equity Scheme - Sectoral/ Thematic
143614,BANK OF INDIA Arbitrage Fund Direct Plan Growth,2018-06-20,2026-08-14,2007,0.0540216466233731,0.0102101572921904,-0.594666017864084,-0.0058776406628321,Arbitrage,Bank of India Mutual Fund,Hybrid Scheme - Arbitrage Fund
127850,BANK OF INDIA BALANCED ADVANTAGE FUND DIRECT PLAN  GROWTH,2014-03-24,2026-08-14,3035,0.0890355319441111,0.0844704189314983,0.3713672397014655,-0.177957675555356,Balanced Advantage,Bank of India Mutual Fund,Hybrid Scheme - Dynamic Asset Allocation or Balanced Advantage
119393,BANK OF INDIA Conservative Hybrid Fund Fund-Direct Plan-Growth,2013-01-14,2026-08-14,3279,0.0826056460234863,0.0567724349036951,0.4306609510769168,-0.1537273748937841,Long Duration,Bank of India Mutual Fund,Debt Scheme - Medium to Long Duration Fund
119351,BANK OF INDIA ELSS Tax Saver -Direct Plan- Growth,2013-01-02,2026-08-14,3351,0.1691094418578309,0.1647717442980841,0.6901547774075636,-0.3169365824125926,ELSS,Bank of India Mutual Fund,Equity Scheme - ELSS
148404,BANK OF INDIA Flexi Cap Fund Direct Plan -Growth,2020-07-01,2026-08-14,1512,0.266270716497534,0.1666360183730551,1.17033186524302,-0.2372923382097693,Flexi Cap,Bank of India Mutual Fund,Equity Scheme - Flexi Cap Fund
119350,BANK OF INDIA Large & Mid Cap Fund Direct Plan-Growth,2013-01-02,2026-08-14,3351,0.1393450242241702,0.160871230053062,0.5386946094583801,-0.3785178236397748,Mid Cap,Bank of India Mutual Fund,Equity Scheme - Large & Mid Cap Fund
148980,BANK OF INDIA Large Cap Fund Direct Plan Growth,2021-07-01,2026-08-14,1262,0.1229695761051048,0.146472216930744,0.4742568591088444,-0.2258883248730964,Large Cap,Bank of India Mutual Fund,Equity Scheme - Large Cap Fund
139527,BANK OF INDIA MID & SMALL CAP EQUITY & DEBT FUND - DIRECT PLAN GROWTH,2016-07-27,2026-08-14,2476,0.1658497403050216,0.1434487821423117,0.7486591441120521,-0.3663876368319382,Aggressive Hybrid,Bank of India Mutual Fund,Hybrid Scheme - Aggressive Hybrid Fund
119364,BANK OF INDIA Manufacturing & Infrastructure Fund-Direct Plan-Growth,2013-01-02,2026-08-14,3351,0.1786651044888902,0.1725824714219462,0.7148261268755336,-0.435049598488427,Sectoral,Bank of India Mutual Fund,Equity Scheme - Sectoral/ Thematic
119382,BANK OF INDIA Short Term Income Fund-Direct Plan- Growth,2013-01-03,2026-08-14,3286,0.0689007208770426,0.0629134072548443,0.182993797776664,-0.1980135545688245,Short Duration,Bank of India Mutual Fund,Debt Scheme - Short Duration Fund
145678,BANK OF INDIA Small Cap Fund Direct Plan Growth,2018-12-27,2026-08-14,1881,0.2781060343037869,0.1808956842552542,1.147559626421639,-0.323671497584541,Small Cap,Bank of India Mutual Fund,Equity Scheme - Small Cap Fund
150206,BARODA BNP PARIBAS Conservative Hybrid Fund - Direct Plan - Growth Option,2022-03-14,2026-08-14,1071,0.0870064432109951,0.0357276883054978,0.7690691694866584,-0.0449590280293313,Conservative Hybrid,Baroda BNP Paribas Mutual Fund,Hybrid Scheme - Conservative Hybrid Fund
150237,BARODA BNP PARIBAS Corporate Bond Fund - Direct Plan - Growth Option,2022-03-14,2026-08-14,1071,0.0687440978265272,0.0125918971900446,0.7369554695531031,-0.0233454273551479,Corporate Bond,Baroda BNP Paribas Mutual Fund,Debt Scheme - Corporate Bond Fund
150159,BARODA BNP PARIBAS ELSS Tax Saver Fund - Direct Plan - Growth Option,2022-03-14,2026-08-14,1089,0.1577990659169683,0.1398993033777686,0.713565430938934,-0.1734060326208117,ELSS,Baroda BNP Paribas Mutual Fund,Equity Scheme - ELSS
150264,BARODA BNP PARIBAS Focused Fund - Direct Plan - Growth Option,2022-03-14,2026-08-14,1089,0.122771461486052,0.1501251814915843,0.4655037079274841,-0.2246435045881846,Focused,Baroda BNP Paribas Mutual Fund,Equity Scheme - Focused Fund
150266,BARODA BNP PARIBAS India Consumption Fund - Direct Plan - Growth Option,2022-03-14,2026-08-14,1089,0.1467989573596635,0.1239804378103749,0.7090470962783125,-0.2144564831675167,Sectoral,Baroda BNP Paribas Mutual Fund,Equity Scheme - Sectoral/ Thematic
150187,BARODA BNP PARIBAS LARGE CAP Fund - Direct Plan - Growth Option,2022-03-14,2026-08-14,1089,0.1387248500628692,0.1286324344239473,0.6319297960754835,-0.1816398336474249,Large Cap,Baroda BNP Paribas Mutual Fund,Equity Scheme - Large Cap Fund
150212,BARODA BNP PARIBAS Mid Cap Fund - Direct Plan - Growth Option,2022-03-14,2026-08-14,1089,0.1904215782165974,0.1449808323708559,0.8898247139564561,-0.1863500446738806,Mid Cap,Baroda BNP Paribas Mutual Fund,Equity Scheme - Mid Cap Fund
149401,BHARAT Bond ETF FOF - April 2032 Direct Growth,2021-12-16,2026-08-14,1133,0.0665088017335457,0.0348663651916587,0.2126018366996976,-0.0407652511103857,Fund of Funds,Edelweiss Mutual Fund,Other Scheme - FoF Domestic
150989,BHARAT Bond ETF FOF - April 2033 - Direct Plan - Growth,2022-12-16,2026-08-14,889,0.0776882790209612,0.0435052385811251,0.4292663953621325,-0.0434538803961489,Fund of Funds,Edelweiss Mutual Fund,Other Scheme - FoF Domestic
148446,BHARAT Bond FOF- April 2025- Direct Pan- Growth Option,2020-07-27,2025-04-16,1148,0.0552731373433434,0.0200067557562123,-0.2000740907311407,-0.026045996120809,Fund of Funds,Edelweiss Mutual Fund,Other Scheme - FoF Domestic
148450,BHARAT Bond FOF- April 2031- Direct Plan- Growth Option,2020-07-27,2026-08-14,1471,0.0617594935216589,0.031256878370823,0.0840889167732119,-0.0377337468199292,Fund of Funds,Edelweiss Mutual Fund,Other Scheme - FoF Domestic
152194,Bajaj Finserv Balanced Advantage Fund-Direct Plan-Growth,2023-12-18,2026-08-14,655,0.0823593040742991,0.1000677434326442,0.2599071454467747,-0.1251579213341193,Balanced Advantage,Bajaj Finserv Mutual Fund,Hybrid Scheme - Dynamic Asset Allocation or Balanced Advantage
152162,Bajaj Finserv Banking and PSU Fund-Direct Plan- Growth,2023-11-15,2026-08-14,665,0.0757679347281219,0.0121978037428081,1.3282057861330994,-0.0076043010752687,Banking & PSU,Bajaj Finserv Mutual Fund,Debt Scheme - Banking and PSU Fund
151895,Bajaj Finserv Flexi Cap Fund-Direct Plan-Growth,2023-08-16,2026-08-14,737,0.1813829235248387,0.1324689583086984,0.9042865390187226,-0.1752529898804047,Flexi Cap,Bajaj Finserv Mutual Fund,Equity Scheme - Flexi Cap Fund
153206,Bajaj Finserv Gilt Fund - Direct - Growth,2025-01-16,2026-08-14,382,0.0523433756109192,0.0342940085552535,-0.1832485000429833,-0.0387310677914721,Gilt,Bajaj Finserv Mutual Fund,Debt Scheme - Gilt Fund
152408,Bajaj Finserv Large and Mid Cap Fund- Direct Plan- Growth,2024-02-29,2026-08-14,605,0.1110269752804338,0.1352938243166833,0.4217575542405937,-0.1620063867902484,Mid Cap,Bajaj Finserv Mutual Fund,Equity Scheme - Large & Mid Cap Fund
152639,Bajaj Finserv Multi Asset Allocation Fund - Direct Growth,2024-06-06,2026-08-14,541,0.1193631146673095,0.1042999828599409,0.5808565610088313,-0.132116722513561,Multi Asset,Bajaj Finserv Mutual Fund,Hybrid Scheme - Multi Asset Allocation
153506,Bajaj Finserv Nifty 50 Index Fund - Direct - Growth,2025-05-19,2026-08-14,308,-0.009672025446484,0.1252578797625125,-0.495378461440901,-0.1491589346192455,Index,Bajaj Finserv Mutual Fund,Other Scheme - Index Funds
153479,Bajaj Finserv Nifty Next 50 Index Fund - Direct - Growth,2025-05-14,2026-08-14,311,0.1096053519623225,0.1598710213469244,0.3662824402758141,-0.1477717521545793,Index,Bajaj Finserv Mutual Fund,Other Scheme - Index Funds
140382,Bandhan Aggressive Hybrid Fund-Direct Plan Growth,2017-01-02,2026-08-14,2379,0.130289395070968,0.1243404534092047,0.5836928822325937,-0.3154574132492114,Aggressive Hybrid,Bandhan Mutual Fund,Hybrid Scheme - Aggressive Hybrid Fund
118485,Bandhan Aggressive Hybrid Passive FOF - Direct Plan - Growth,2013-01-02,2026-08-14,3293,0.1097269094574497,0.1024622160168771,0.5249876062467602,-0.2895792618014841,Fund of Funds,Bandhan Mutual Fund,Other Scheme - FoF Domestic
152844,Bandhan BSE Healthcare Index Fund Direct Plan - Growth,2024-09-09,2026-08-14,484,0.0901857043131306,0.1466643341276676,0.25641478709606,-0.1617672290534743,Index,Bandhan Mutual Fund,Other Scheme - Index Funds
121279,Bandhan Banking and PSU Fund - Direct Growth,2013-03-08,2026-08-14,3251,0.0771359984637367,0.0149036568561148,1.1759834482692957,-0.0328664455092763,Banking & PSU,Bandhan Mutual Fund,Debt Scheme - Banking and PSU Fund
152878,Bandhan Business Cycle Fund - Direct Plan - Growth,2024-10-01,2026-08-14,468,0.0097978853045952,0.1556068390251941,-0.2447744127431551,-0.175828348998386,Sectoral,Bandhan Mutual Fund,Equity Scheme - Sectoral/ Thematic
153389,Bandhan CRISIL-IBX 10:90 Gilt Plus SDL Index - Dec 2029 Fund-Direct Plan-Growth,2025-03-11,2026-08-14,352,0.0718304565382366,0.0213487993813231,0.5282036733389112,-0.01146240664208,Index,Bandhan Mutual Fund,Other Scheme - Index Funds
118486,Bandhan Conservative Hybrid Passive FOF - Direct Plan - Growth,2013-04-03,2026-08-14,3234,0.0855043976278935,0.0352143671094594,0.7410421657225589,-0.0977701689471918,Fund of Funds,Bandhan Mutual Fund,Other Scheme - FoF Domestic
118421,Bandhan Focused Fund - Direct Plan - Growth,2013-01-02,2026-08-14,3360,0.1296625602644747,0.162905664085845,0.4781957931284943,-0.3754472271914132,Focused,Bandhan Mutual Fund,Equity Scheme - Focused Fund
118464,Bandhan Gilt Fund - Direct Plan - Growth,2013-01-02,2026-08-14,3296,0.087743425886156,0.0412834101358819,0.6885842977218671,-0.0705315973146838,Gilt,Bandhan Mutual Fund,Debt Scheme - Gilt Fund
118387,Bandhan Gilt Fund with 10 year constant duration Fund - Direct Plan - Growth,2013-01-02,2026-08-14,3296,0.0882898554609497,0.0328944025182151,0.8706584166978927,-0.0499963733757424,Gilt,Bandhan Mutual Fund,Debt Scheme - Gilt Fund with 10 year constant duration
118410,Bandhan Income Plus Arbitrage Active FOF - Direct Plan - Growth,2013-02-22,2026-08-14,3259,0.0780271766756757,0.0138675109858165,1.3271314957552576,-0.0296902130897088,Fund of Funds,Bandhan Mutual Fund,Other Scheme - FoF Domestic
152607,Bandhan Innovation Fund - Direct Plan - Growth,2024-05-02,2026-08-14,574,0.228754507063694,0.1716633844608727,0.94205172918346,-0.1968849236352639,Sectoral,Bandhan Mutual Fund,Equity Scheme - Sectoral/ Thematic
118419,Bandhan Large & Mid Cap Fund - Direct Plan - Growth,2013-01-02,2026-08-14,3360,0.1571112743343072,0.1583517053140731,0.6423139137344323,-0.3854246365723029,Mid Cap,Bandhan Mutual Fund,Equity Scheme - Large & Mid Cap Fund
152520,Bandhan Long Duration Fund - Direct Plan - Growth,2024-03-21,2026-08-14,589,0.0624128361929567,0.0401740693998991,0.0757443553075531,-0.0456867146215159,Long Duration,Bandhan Mutual Fund,Debt Scheme - Long Duration Fund
118401,Bandhan Medium Duration Fund - Direct Plan - Growth,2013-01-02,2026-08-14,3296,0.0761144116896088,0.0198349209777372,0.8358392717762577,-0.035994625215088,Medium Duration,Bandhan Mutual Fund,Debt Scheme - Medium Duration Fund
118394,Bandhan Medium to Long Duration Fund - Direct Plan - Growth,2013-01-02,2026-08-14,3296,0.0766453513208158,0.0357267503783368,0.4907681145645384,-0.068987092672392,Long Duration,Bandhan Mutual Fund,Debt Scheme - Medium to Long Duration Fund
152324,Bandhan Multi Asset Allocation Fund - Direct Plan - Growth,2024-02-01,2026-08-14,634,0.172467067260452,0.0926651894184667,1.1305408532761545,-0.1002223234500248,Multi Asset,Bandhan Mutual Fund,Hybrid Scheme - Multi Asset Allocation
118489,Bandhan Multi-Asset Passive FOF - Direct Plan - Growth,2013-02-26,2026-08-14,3256,0.0984870699592643,0.0666401119614061,0.6024170062500528,-0.1801935634516133,Fund of Funds,Bandhan Mutual Fund,Other Scheme - FoF Domestic
153722,Bandhan Multi-Factor Fund - Direct Plan - Growth,2025-08-01,2026-08-14,259,0.029013746011109,0.1319582613980373,-0.1696548706011213,-0.1268821153139918,Sectoral,Bandhan Mutual Fund,Equity Scheme - Sectoral/ Thematic
153114,Bandhan Nifty 200 Quality 30 Index Fund - Direct Plan - Growth,2024-12-05,2026-08-14,424,-0.007530437956303,0.1373832262216563,-0.4235028924894498,-0.164613363103765,Index,Bandhan Mutual Fund,Other Scheme - Index Funds
153003,Bandhan Nifty 500 Momentum 50 Index Fund Direct Plan-Growth,2024-10-30,2026-08-14,448,-0.0475846645433207,0.2019183203187305,-0.4396292798998793,-0.2922236129291153,Index,Bandhan Mutual Fund,Other Scheme - Index Funds
152990,Bandhan Nifty 500 Value 50 Index Fund Direct Plan - Growth,2024-10-30,2026-08-14,448,0.075795486011607,0.1781590401374885,0.1657795264662717,-0.1825149793790365,Index,Bandhan Mutual Fund,Other Scheme - Index Funds
152177,Bandhan Nifty Alpha 50 Index Fund - Direct Plan - Growth,2023-11-10,2026-08-14,688,0.1497518275992888,0.2244255833333664,0.4752052419946646,-0.3183542261538743,Index,Bandhan Mutual Fund,Other Scheme - Index Funds
153213,Bandhan Nifty Alpha Low Volatility 30 Index Fund - Direct Plan - Growth,2025-01-24,2026-08-14,389,0.0385844465503899,0.1297050481315237,-0.1035439887278227,-0.1343611292505419,Index,Bandhan Mutual Fund,Other Scheme - Index Funds
152793,Bandhan Nifty Bank Index Fund - Direct Plan - Growth,2024-08-28,2026-08-14,493,0.0662437100962651,0.1567655090256288,0.1062756054272879,-0.1837575998871941,Index,Bandhan Mutual Fund,Other Scheme - Index Funds
152041,Bandhan Nifty IT Index Fund - Direct Plan - Growth,2023-09-01,2026-08-14,734,0.0189000883124694,0.2216071179360594,-0.0744204796691133,-0.4243740553328514,Index,Bandhan Mutual Fund,Other Scheme - Index Funds
152855,Bandhan Nifty Midcap 150 Index Fund-Direct Plan-Growth,2024-09-20,2026-08-14,475,0.0269336687929453,0.1728886079899917,-0.1054824974742163,-0.2104739225484071,Index,Bandhan Mutual Fund,Other Scheme - Index Funds
153350,Bandhan Nifty Next 50 Index Fund - Direct Plan - Growth,2025-03-03,2026-08-14,364,0.2011910515465313,0.1709150621004407,0.8129557361482417,-0.1444944707104712,Index,Bandhan Mutual Fund,Other Scheme - Index Funds
152716,Bandhan Nifty Total Market Index Fund - Direct Plan - Growth,2024-07-11,2026-08-14,525,0.0183705192268759,0.1436830890678255,-0.2183527165419269,-0.1894843313915373,Index,Bandhan Mutual Fund,Other Scheme - Index Funds
152102,Bandhan Retirement Fund - Direct Plan - Growth,2023-10-19,2026-08-14,703,0.1107704250252166,0.0838893642937046,0.5946955583225545,-0.097676835151785,Retirement,Bandhan Mutual Fund,Solution Oriented Scheme - Retirement Fund
118407,Bandhan Short Duration Fund - Direct Plan - Growth,2013-01-03,2026-08-14,3295,0.0783561625032562,0.0145321208629914,1.284230824185448,-0.025474317445627,Short Duration,Bandhan Mutual Fund,Debt Scheme - Short Duration Fund
151548,Bandhan US Treasury Bond 0-1 year specific Debt Passive FOF - DIRECT PLAN - GROWTH,2023-03-29,2026-08-14,793,0.0903060269307269,0.037933018062067,0.887803837434813,-0.0341001864853949,Fund of Funds,Bandhan Mutual Fund,Other Scheme - FoF Overseas
149098,Bandhan US specific Equity Active FOF - GROWTH - DIRECT PLAN,2021-08-23,2026-08-14,1125,0.1584024731845066,0.2126988434779142,0.5957502755703425,-0.27104532839963,Fund of Funds,Bandhan Mutual Fund,Other Scheme - FoF Overseas
118481,Bandhan Value Fund - Direct Plan - Growth,2013-01-02,2026-08-14,3360,0.1623992727615466,0.1611002105505761,0.6631355664614396,-0.5189508985067072,Value,Bandhan Mutual Fund,Equity Scheme - Value Fund
152789,Bank of India Business Cycle Fund - Direct Plan - Growth,2024-09-02,2026-08-14,482,-0.0005128121741563,0.1586000345131227,-0.3023481893786837,-0.2521489971346705,Sectoral,Bank of India Mutual Fund,Equity Scheme - Sectoral/ Thematic
153139,Bank of India Consumption Fund - Direct - Growth,2024-12-23,2026-08-14,406,0.0951136473167226,0.1368261781856214,0.3074862365717244,-0.151567944250871,Sectoral,Bank of India Mutual Fund,Equity Scheme - Sectoral/ Thematic
152396,Bank of India Multi Asset Allocation Fund-Direct Plan-Growth,2024-03-01,2026-08-14,593,0.119144132910735,0.0902215267414147,0.6833268760122179,-0.0935875063895792,Multi Asset,Bank of India Mutual Fund,Hybrid Scheme - Multi Asset Allocation
151443,Bank of India Multi Cap Fund Direct Plan - Growth,2023-03-06,2026-08-14,846,0.2374762378362929,0.1527988219811121,1.1160508815660373,-0.2030671602326811,Multi Cap,Bank of India Mutual Fund,Equity Scheme - Multi Cap Fund
150260,Baroda BNP Paribas Aggressive Hybrid Fund- DIRECT PLAN - GROWTH OPTION,2022-03-14,2026-08-14,1089,0.1310906362226171,0.1007688267275771,0.7064958604902829,-0.1290694883016636,Aggressive Hybrid,Baroda BNP Paribas Mutual Fund,Hybrid Scheme - Aggressive Hybrid Fund
150285,Baroda BNP Paribas Aqua Fund of Fund - Direct Plan - Growth Option,2022-03-13,2026-08-14,1053,0.1357501920305026,0.1688590995347641,0.5275351676362297,-0.1773494023085282,Fund of Funds,Baroda BNP Paribas Mutual Fund,Other Scheme - FoF Overseas
145396,Baroda BNP Paribas Balanced Advantage Fund-Direct Plan-Growth Option,2018-11-20,2026-08-14,1907,0.1474292842119575,0.1092356290015119,0.7929314776053882,-0.2071611253196931,Balanced Advantage,Baroda BNP Paribas Mutual Fund,Hybrid Scheme - Dynamic Asset Allocation or Balanced Advantage
119333,Baroda BNP Paribas Banking and Financial Services Fund - Direct - Growth Option,2013-01-02,2026-08-14,3351,0.1200660105650088,0.2104736098034501,0.3725891939560121,-0.4278517452320979,Sectoral,Baroda BNP Paribas Mutual Fund,Equity Scheme - Sectoral/ Thematic
149141,Baroda BNP Paribas Business Cycle Fund - Direct Plan - Growth,2021-09-21,2026-08-14,1208,0.1216690657781713,0.1395458032699196,0.4811399797676368,-0.2026976374693005,Sectoral,Baroda BNP Paribas Mutual Fund,Equity Scheme - Sectoral/ Thematic
153171,Baroda BNP Paribas Children's Fund - Direct Plan - Growth Option,2024-12-31,2026-08-14,401,0.1008964584913261,0.1343991143618904,0.3498694577911869,-0.1262663808305384,Children,Baroda BNP Paribas Mutual Fund,Solution Oriented Scheme - Children’s Fund
133488,Baroda BNP Paribas Credit Risk Fund -Direct-Growth Option,2015-01-27,2026-08-14,2793,0.0874114092167621,0.0254613135421135,1.0864087865432224,-0.0809715290527786,Credit Risk,Baroda BNP Paribas Mutual Fund,Debt Scheme - Credit Risk Fund
150180,Baroda BNP Paribas Dynamic Bond Fund - Direct Plan - Growth Option,2022-03-14,2026-08-14,1071,0.0658413872477874,0.0214262039984965,0.3079641297938703,-0.025099886314558,Dynamic Bond,Baroda BNP Paribas Mutual Fund,Debt Scheme - Dynamic Bond
153225,Baroda BNP Paribas Energy Opportunities Fund - Direct Plan - Growth Option,2025-02-12,2026-08-14,370,0.1260736340550057,0.1406543371386302,0.5087649080459505,-0.0810505070234549,Sectoral,Baroda BNP Paribas Mutual Fund,Equity Scheme - Sectoral/ Thematic
147496,Baroda BNP Paribas Equity Savings Fund - Direct Plan - Growth,2019-07-30,2026-08-14,1736,0.0946936617525517,0.0544937837786316,0.6246145786116697,-0.0842803030303031,Equity Savings,Baroda BNP Paribas Mutual Fund,Hybrid Scheme - Equity Savings
150387,Baroda BNP Paribas Flexi Cap Fund - Direct Plan - Growth Option,2022-08-22,2026-08-14,980,0.1486977328579153,0.1405799048108315,0.6539671545250321,-0.2039579756118855,Flexi Cap,Baroda BNP Paribas Mutual Fund,Equity Scheme - Flexi Cap Fund
119341,Baroda BNP Paribas GILT FUND - Direct Plan - Growth Option,2013-01-02,2026-08-14,3287,0.0759557585421935,0.0364562181189762,0.4690915301768055,-0.0672380562251526,Gilt,Baroda BNP Paribas Mutual Fund,Debt Scheme - Gilt Fund
153604,Baroda BNP Paribas Health and Wellness Fund Direct Growth,2025-07-01,2026-08-14,277,0.0794826719422203,0.1157074394625713,0.2150557033499702,-0.1110827650493057,Sectoral,Baroda BNP Paribas Mutual Fund,Equity Scheme - Sectoral/ Thematic
152470,Baroda BNP Paribas Innovation Fund Direct plan - Growth Option,2024-03-07,2026-08-14,600,0.1592300427510731,0.1601540065071264,0.6516011935520066,-0.2227012351572289,Sectoral,Baroda BNP Paribas Mutual Fund,Equity Scheme - Sectoral/ Thematic
148474,Baroda BNP Paribas Large and Mid Cap Fund- Direct Plan -Growth Option,2020-09-11,2026-08-14,1461,0.2076042580734658,0.1495553303300816,0.963634130138476,-0.2061114175399889,Mid Cap,Baroda BNP Paribas Mutual Fund,Equity Scheme - Large & Mid Cap Fund
119354,Baroda BNP Paribas MULTI CAP FUND - Direct Plan - Growth Option,2013-01-02,2026-08-14,3351,0.15010265264742,0.1619278250046744,0.595680566227158,-0.3425884460367219,Multi Cap,Baroda BNP Paribas Mutual Fund,Equity Scheme - Multi Cap Fund
152697,Baroda BNP Paribas Manufacturing Fund - Direct Plan - Growth Option,2024-07-03,2026-08-14,523,0.0748757914037889,0.1468557758402708,0.1666722311689867,-0.2203765650387078,Sectoral,Baroda BNP Paribas Mutual Fund,Equity Scheme - Sectoral/ Thematic
153552,Baroda BNP Paribas Multi Asset Active FOF Direct Growth,2025-06-02,2026-08-14,294,0.125933395520895,0.0872144685774304,0.7586765851610549,-0.0831491618782089,Fund of Funds,Baroda BNP Paribas Mutual Fund,Other Scheme - FoF Domestic
150865,Baroda BNP Paribas Multi Asset Fund - Direct Plan - Growth Option,2022-12-26,2026-08-14,895,0.1648775741730483,0.100810978647926,1.0061512828391617,-0.119467083424822,Multi Asset,Baroda BNP Paribas Mutual Fund,Hybrid Scheme - Multi Asset Allocation
151574,Baroda BNP Paribas NIFTY SDL December 2028 Index Fund - Direct Plan - Growth Option,2023-03-27,2026-08-14,818,0.0787122798087376,0.0164927529532318,1.1661410170192363,-0.0118014437505069,Index,Baroda BNP Paribas Mutual Fund,Other Scheme - Index Funds
152329,Baroda BNP Paribas Nifty 50 Index Fund - Direct Plan - Growth option,2024-01-30,2026-08-14,627,0.0606279476006823,0.1356489324784335,0.0688963576620983,-0.1552369999178509,Index,Baroda BNP Paribas Mutual Fund,Other Scheme - Index Funds
153000,Baroda BNP Paribas Nifty Midcap 150 Index Fund - Direct Plan - Growth Option,2024-11-06,2026-08-14,437,0.055467011231735,0.1736269763285623,0.0591147330024523,-0.1879530876380613,Index,Baroda BNP Paribas Mutual Fund,Other Scheme - Index Funds
152931,Baroda BNP Paribas Nifty200 Momentum 30 Index Fund - Direct Plan - Growth Option,2024-10-16,2026-08-14,451,-0.100043892496772,0.1903218223072323,-0.7865223587776934,-0.3037313207850547,Index,Baroda BNP Paribas Mutual Fund,Other Scheme - Index Funds
152628,Baroda BNP Paribas Retirement Fund - Direct plan - Growth option,2024-05-31,2026-08-14,545,0.0970148960746184,0.114486892102519,0.3590885331118564,-0.1235541257954505,Retirement,Baroda BNP Paribas Mutual Fund,Solution Oriented Scheme - Retirement Fund
119400,Baroda BNP Paribas Short Duration Fund - Direct Plan - Growth Option,2013-01-09,2026-08-14,3283,0.0792648455353548,0.012116591307404,1.6260496188931528,-0.020913876233025,Short Duration,Baroda BNP Paribas Mutual Fund,Debt Scheme - Short Duration Fund
152128,Baroda BNP Paribas Small Cap Fund - Direct Plan - Growth option,2023-11-01,2026-08-14,686,0.147745004117638,0.1718754092326535,0.5589094517254023,-0.2499830193036556,Small Cap,Baroda BNP Paribas Mutual Fund,Equity Scheme - Small Cap Fund
151755,Baroda BNP Paribas Value Fund - Direct Plan - Growth option,2023-06-09,2026-08-14,783,0.1220795569516279,0.1442789472348314,0.4753947854357959,-0.1978036609877185,Value,Baroda BNP Paribas Mutual Fund,Equity Scheme - Value Fund
147857,Bharat Bond FOF - April 2030 - Direct Plan - Growth Option,2020-01-01,2026-08-14,1607,0.0740868097580578,0.038798565504639,0.385875665844309,-0.0480361494330064,Fund of Funds,Edelweiss Mutual Fund,Other Scheme - FoF Domestic
118309,CANARA ROBECO CONSERVATIVE HYBRID FUND - DIRECT PLAN - GROWTH OPTION,2013-01-02,2026-08-14,3287,0.0944014685859688,0.0426898064890638,0.8222263376166817,-0.1015246639441764,Conservative Hybrid,Canara Robeco Mutual Fund,Hybrid Scheme - Conservative Hybrid Fund
118273,CANARA ROBECO CONSUMPTION FUND - DIRECT PLAN - GROWTH OPTION,2013-01-02,2026-08-14,3351,0.1622133332272866,0.1611185087897342,0.6642787256428018,-0.3469595281675819,Sectoral,Canara Robeco Mutual Fund,Equity Scheme - Sectoral/ Thematic
126685,CANARA ROBECO CORPORATE BOND FUND - DIRECT PLAN - GROWTH OPTION,2014-02-10,2026-08-14,3018,0.074730825943921,0.0129974675395679,1.1834651079944831,-0.0201243660735085,Corporate Bond,Canara Robeco Mutual Fund,Debt Scheme - Corporate Bond Fund
118284,CANARA ROBECO DYNAMIC BOND FUND - DIRECT PLAN - GROWTH OPTION,2013-01-02,2026-08-14,3287,0.0745288792537295,0.0326543668291275,0.4772437872018128,-0.0617549644717451,Dynamic Bond,Canara Robeco Mutual Fund,Debt Scheme - Dynamic Bond
118285,CANARA ROBECO ELSS TAX SAVER - DIRECT PLAN - GROWTH OPTION,2013-01-02,2026-08-14,3351,0.1514763616408956,0.1547637045814379,0.623698651373946,-0.3427242181442232,ELSS,Canara Robeco Mutual Fund,Equity Scheme - ELSS
118272,CANARA ROBECO EQUITY HYBRID FUND - DIRECT PLAN - GROWTH OPTION,2013-01-02,2026-08-14,3351,0.1398827185600535,0.1172377292618444,0.6909855608232003,-0.256946296197536,Aggressive Hybrid,Canara Robeco Mutual Fund,Hybrid Scheme - Aggressive Hybrid Fund
118275,CANARA ROBECO FLEXICAP FUND - DIRECT PLAN - GROWTH OPTION,2013-01-02,2026-08-14,3351,0.1426013312632106,0.1551355533794955,0.5714614666634578,-0.3323869013817907,Flexi Cap,Canara Robeco Mutual Fund,Equity Scheme - Flexi Cap Fund
118299,CANARA ROBECO GILT FUND - DIRECT PLAN - GROWTH OPTION,2013-01-02,2026-08-14,3287,0.0771806713523599,0.0387437836562291,0.4742817686237644,-0.0784390061354507,Gilt,Canara Robeco Mutual Fund,Debt Scheme - Gilt Fund
118282,CANARA ROBECO INCOME FUND - DIRECT PLAN - GROWTH OPTION,2013-01-02,2026-08-14,3287,0.0755158119081593,0.029565845043532,0.5562839265455501,-0.0552207243950809,Long Duration,Canara Robeco Mutual Fund,Debt Scheme - Medium to Long Duration Fund
118267,CANARA ROBECO INFRASTRUCTURE FUND - DIRECT PLAN - GROWTH OPTION,2013-01-02,2026-08-14,3351,0.1695673670594153,0.1739355402930793,0.6651101377237921,-0.4406659582004959,Sectoral,Canara Robeco Mutual Fund,Equity Scheme - Sectoral/ Thematic
118278,CANARA ROBECO LARGE AND MID CAP FUND - DIRECT PLAN - GROWTH OPTION,2013-01-02,2026-08-14,3351,0.1915560519393413,0.1641548642509078,0.8109119255280991,-0.3619945379261738,Mid Cap,Canara Robeco Mutual Fund,Equity Scheme - Large & Mid Cap Fund
118269,CANARA ROBECO LARGE CAP FUND - DIRECT PLAN - GROWTH OPTION,2013-01-02,2026-08-14,3350,0.1414042845608281,0.1527164949635286,0.5712258321334165,-0.3256041802743306,Large Cap,Canara Robeco Mutual Fund,Equity Scheme - Large Cap Fund
118320,CANARA ROBECO SHORT DURATION FUND - DIRECT PLAN - GROWTH OPTION,2013-01-02,2026-08-14,3287,0.0717880999849467,0.0127396305911344,0.9784962614958768,-0.0215286439158287,Short Duration,Canara Robeco Mutual Fund,Debt Scheme - Short Duration Fund
146130,CANARA ROBECO SMALL CAP FUND - DIRECT PLAN - GROWTH OPTION,2019-02-19,2026-08-14,1843,0.2271017843563627,0.1764194591748868,0.9371014279775164,-0.3618361836183618,Small Cap,Canara Robeco Mutual Fund,Equity Scheme - Small Cap Fund
153738,CAPITALMIND FLEXI CAP FUND DIRECT GROWTH,2025-08-06,2026-08-14,252,0.0453298349531439,0.1158834928627395,-0.0676058281558606,-0.0924691003161828,Flexi Cap,Capitalmind Mutual Fund,Equity Scheme - Flexi Cap Fund
152688,Canara Robeco Balanced Advantage Fund - Direct Plan - Growth Option,2024-08-06,2026-08-14,500,0.0340859945448994,0.0925529710495549,-0.2325394758907037,-0.1101614434947768,Balanced Advantage,Canara Robeco Mutual Fund,Hybrid Scheme - Dynamic Asset Allocation or Balanced Advantage
148883,Canara Robeco Focused Fund - Direct Plan - Growth Option,2021-05-18,2026-08-14,1294,0.1565625439785269,0.1338823443334834,0.728828110557443,-0.1814701378254212,Focused,Canara Robeco Mutual Fund,Equity Scheme - Focused Fund
152450,Canara Robeco Manufacturing Fund - Direct Plan - Growth Option,2024-03-15,2026-08-14,595,0.1798434654309544,0.1732595849703598,0.718872931858264,-0.2423791821561338,Sectoral,Canara Robeco Mutual Fund,Equity Scheme - Sectoral/ Thematic
150817,Canara Robeco Mid Cap Fund- Direct Plan- Growth Option,2022-12-06,2026-08-14,909,0.1988610639605004,0.1501770500306627,0.9123170231887096,-0.212403951701427,Mid Cap,Canara Robeco Mutual Fund,Equity Scheme - Mid Cap Fund
153465,Canara Robeco Multi Asset Allocation Fund - Direct Plan - Growth,2025-06-03,2026-08-14,297,0.1294983318862199,0.1023797554763938,0.676873341453364,-0.1049868766404198,Multi Asset,Canara Robeco Mutual Fund,Hybrid Scheme - Multi Asset Allocation
151824,Canara Robeco Multi Cap Fund - Direct Plan - Growth Option,2023-08-02,2026-08-14,746,0.1639632019427783,0.1400182542426846,0.7546836676318317,-0.1832460732984292,Multi Cap,Canara Robeco Mutual Fund,Equity Scheme - Multi Cap Fund
149085,Canara Robeco Value Fund - Direct Plan - Growth Option,2021-09-06,2026-08-14,1217,0.1478250483202821,0.139554399666759,0.6510119051538626,-0.189663578742077,Value,Canara Robeco Mutual Fund,Equity Scheme - Value Fund
131301,DSP 10Y G-Sec Fund - Direct Plan - Growth,2014-09-29,2026-08-14,2878,0.0736812876541606,0.0400024657757542,0.3687764374333077,-0.0550336310508325,Gilt,DSP Mutual Fund,Debt Scheme - Gilt Fund with 10 year constant duration
119019,DSP Aggressive Hybrid Fund - Direct Plan - Growth,2013-01-02,2026-08-14,3354,0.1326006555202754,0.1199986656539677,0.6222300393983128,-0.2881157662146353,Aggressive Hybrid,DSP Mutual Fund,Hybrid Scheme - Aggressive Hybrid Fund
142283,DSP Arbitrage Fund - Direct - Growth,2018-01-29,2026-08-14,2104,0.0622549115113133,0.0103761960477352,0.1792679468708088,-0.0059812760055477,Arbitrage,DSP Mutual Fund,Hybrid Scheme - Arbitrage Fund
153219,DSP BSE SENSEX Next 30 Index Fund - Direct - Growth,2025-01-30,2026-08-14,379,0.1586155700962606,0.1527812174021727,0.6706088290486307,-0.1145259951494482,Index,DSP Mutual Fund,Other Scheme - Index Funds
152206,DSP Banking & Financial Services Fund - Direct - Growth,2023-12-11,2026-08-14,660,0.1801549888178986,0.1684189705588023,0.7344235641980044,-0.1468729427254772,Sectoral,DSP Mutual Fund,Equity Scheme - Sectoral/ Thematic
124175,DSP Banking & PSU Debt Fund - Direct Plan - Growth,2013-09-16,2026-08-14,3126,0.0781890798711353,0.0158727010906055,1.1658727471013344,-0.0305026192835904,Banking & PSU,DSP Mutual Fund,Debt Scheme - Banking and PSU Fund
118924,DSP Bond Fund - Direct Plan - Growth,2013-01-02,2026-08-14,3296,0.0704730587108581,0.0283297190627508,0.3993524747641631,-0.0543069339871321,Medium Duration,DSP Mutual Fund,Debt Scheme - Medium Duration Fund
153121,DSP Business Cycle Fund - Direct - Growth,2024-12-18,2026-08-14,409,0.0438222982260319,0.1401404338553394,-0.0455926939307094,-0.1476935260344487,Sectoral,DSP Mutual Fund,Equity Scheme - Sectoral/ Thematic
151329,DSP CRISIL-IBX 50:50 Gilt Plus SDL - April 2033 Index Fund - Direct - Growth,2023-01-27,2026-08-14,860,0.0816667955779468,0.0198226047189084,1.1029209649461724,-0.0183831551385554,Index,DSP Mutual Fund,Other Scheme - Index Funds
144646,DSP Corporate Bond Fund - Direct - Growth,2018-09-11,2026-08-14,1924,0.0722906418895292,0.0163146626114252,0.7731978856967109,-0.0317680802498798,Corporate Bond,DSP Mutual Fund,Debt Scheme - Corporate Bond Fund
119082,DSP Credit Risk Fund - Direct Plan - Growth,2013-01-02,2026-08-14,3296,0.0925329815145243,0.0447733958577307,0.7397719260108623,-0.0597934920729963,Credit Risk,DSP Mutual Fund,Debt Scheme - Credit Risk Fund
126393,DSP Dynamic Asset Allocation Fund - Direct Plan - Growth,2014-02-07,2026-08-14,3058,0.1016719315180323,0.069611202205147,0.608305196635938,-0.1929982551922102,Balanced Advantage,DSP Mutual Fund,Hybrid Scheme - Dynamic Asset Allocation or Balanced Advantage
119242,DSP ELSS Tax Saver Fund - Direct Plan - Growth,2013-01-02,2026-08-14,3353,0.1669041947512437,0.1587380559563176,0.6974347679099824,-0.3716374425795843,ELSS,DSP Mutual Fund,Equity Scheme - ELSS
136567,DSP Equity Savings Fund - Direct Plan - Growth,2016-03-30,2026-08-14,2560,0.0930109424410263,0.0568596615828468,0.5714634505625975,-0.18892277143465,Equity Savings,DSP Mutual Fund,Hybrid Scheme - Equity Savings
119076,DSP Flexi Cap Fund - Direct Plan - Growth,2013-01-02,2026-08-14,3353,0.1473156260566603,0.1639510377823383,0.5746978319783627,-0.3571428571428571,Flexi Cap,DSP Mutual Fund,Equity Scheme - Flexi Cap Fund
148771,DSP Floater Fund - Direct Plan - Growth,2021-03-22,2026-08-14,1310,0.0683783696113771,0.0105748463218626,0.8300358182739186,-0.0049983338887037,Floating Rate,DSP Mutual Fund,Debt Scheme - Floater Fund
119096,DSP Focused Fund - Direct Plan - Growth,2013-01-02,2026-08-14,3353,0.134344189180239,0.164625469052578,0.5023439179989727,-0.392961664920331,Focused,DSP Mutual Fund,Equity Scheme - Focused Fund
119099,DSP Gilt Fund - Direct Plan - Growth,2013-01-02,2026-08-14,3296,0.0800911677392555,0.0390402551490078,0.5375398778193394,-0.0759066310487248,Gilt,DSP Mutual Fund,Debt Scheme - Gilt Fund
119275,DSP Global Clean Energy Overseas Equity Omni FoF Direct Plan - Growth,2013-01-04,2026-08-14,3196,0.0767456466383618,0.2139746081779567,0.1974247712905972,-0.4972977414807744,Fund of Funds,DSP Mutual Fund,Other Scheme - FoF Overseas
149816,DSP Global Innovation Overseas Equity Omni FoF - Direct - Growth,2022-02-15,2026-08-14,1011,0.2067582431776757,0.2079468617434267,0.8289909130207409,-0.2761084523387074,Fund of Funds,DSP Mutual Fund,Other Scheme - FoF Overseas
152183,DSP Gold ETF Fund of Fund - Direct - Growth,2023-11-20,2026-08-14,674,0.3762760962412141,0.2239232556672815,1.304808296442025,-0.2522471189869091,Fund of Funds,DSP Mutual Fund,Other Scheme - FoF Domestic
145454,DSP Healthcare Fund - Direct Plan - Growth,2018-12-03,2026-08-14,1874,0.2347703811319159,0.144192980995844,1.1711314771723993,-0.217405013400599,Sectoral,DSP Mutual Fund,Equity Scheme - Sectoral/ Thematic
130493,DSP Income Plus Arbitrage Omni FoF - Direct Plan - Growth,2014-08-25,2026-08-14,2823,0.0752170348470075,0.0893207290326227,0.2408794725770839,-0.170062340606404,Fund of Funds,DSP Mutual Fund,Other Scheme - FoF Domestic
119247,DSP India T.I.G.E.R. Fund - Direct Plan - Growth,2013-01-02,2026-08-14,3353,0.1700556063709317,0.1822437052217536,0.6448465768008315,-0.4693460615277497,Sectoral,DSP Mutual Fund,Equity Scheme - Sectoral/ Thematic
119218,DSP Large & Mid Cap Fund - Direct Plan - Growth,2013-01-02,2026-08-14,3353,0.1612425385621234,0.1595393760153247,0.6635066869469224,-0.3675292823074031,Mid Cap,DSP Mutual Fund,Equity Scheme - Large & Mid Cap Fund
119250,DSP Large Cap Fund - Direct Plan - Growth,2013-01-02,2026-08-14,3353,0.1167369947579488,0.1654829576808724,0.4037088324241245,-0.4033389327858313,Large Cap,DSP Mutual Fund,Equity Scheme - Large Cap Fund
119071,DSP Midcap Fund - Direct Plan - Growth,2013-01-02,2026-08-14,3353,0.1713149963925464,0.1615801988339305,0.7119240549902539,-0.3271558535200897,Mid Cap,DSP Mutual Fund,Equity Scheme - Mid Cap Fund
152056,DSP Multi Asset Allocation Fund - Direct - Growth,2023-09-29,2026-08-14,659,0.2039766617299945,0.0887165731191115,1.6726886341677811,-0.0970893118594435,Multi Asset,DSP Mutual Fund,Hybrid Scheme - Multi Asset Allocation
152310,DSP Multicap Fund - Direct - Growth,2024-01-31,2026-08-14,626,0.1041545749807029,0.1482533584556961,0.3528072192558005,-0.2126700290386672,Multi Cap,DSP Mutual Fund,Equity Scheme - Multi Cap Fund
119028,DSP Natural Resources and New Energy Fund - Direct Plan - Growth,2013-01-04,2026-08-14,3256,0.175338803576682,0.1980222884856932,0.6562478287195995,-0.4802803212440534,Sectoral,DSP Mutual Fund,Equity Scheme - Sectoral/ Thematic
141877,DSP Nifty 50 Equal Weight Index Fund - Direct Plan - Growth,2017-10-23,2026-08-14,2172,0.1236530084739089,0.1680102347167285,0.437104068365638,-0.4094942031313484,Index,DSP Mutual Fund,Other Scheme - Index Funds
146376,DSP Nifty 50 Index Fund - Direct Plan - Growth,2019-02-22,2026-08-14,1840,0.1247759574427411,0.1729293239320316,0.4367827066619826,-0.3778105482303956,Index,DSP Mutual Fund,Other Scheme - Index Funds
152654,DSP Nifty Bank Index Fund - Direct - Growth,2024-05-31,2026-08-14,545,0.0810095272438367,0.1685891110547345,0.2003353554465467,-0.1834397727182798,Index,DSP Mutual Fund,Other Scheme - Index Funds
153594,DSP Nifty Healthcare Index Fund - Direct- Growth,2025-06-20,2026-08-14,284,0.1505566602381003,0.1354202605082781,0.6850801115046034,-0.0842781769196228,Index,DSP Mutual Fund,Other Scheme - Index Funds
153590,DSP Nifty IT Index Fund - Direct - Growth,2025-06-20,2026-08-14,284,-0.1559406248643617,0.2408634551090123,-0.8490340614702584,-0.3401933850199935,Index,DSP Mutual Fund,Other Scheme - Index Funds
150428,DSP Nifty Midcap 150 Quality 50 Index Fund - Direct - Growth,2022-08-04,2026-08-14,990,0.1095036165339589,0.1434112687446405,0.3971587964847267,-0.2141041208165743,Index,DSP Mutual Fund,Other Scheme - Index Funds
146381,DSP Nifty Next 50 Index Fund - Direct Plan - Growth,2019-02-22,2026-08-14,1840,0.1549115561137839,0.1893869966051755,0.5578950371220217,-0.3601577734444248,Index,DSP Mutual Fund,Other Scheme - Index Funds
153348,DSP Nifty Private Bank Index Fund - Direct - Growth,2025-03-06,2026-08-14,355,0.084308597895313,0.1620933050710395,0.2225020869851437,-0.1731109257714762,Index,DSP Mutual Fund,Other Scheme - Index Funds
149970,DSP Nifty SDL Plus G-Sec Jun 2028 30:70 Index Fund - Direct - Growth,2022-03-22,2026-08-14,1070,0.0679799652821491,0.0157840862282765,0.5261475476043787,-0.0271728291651708,Index,DSP Mutual Fund,Other Scheme - Index Funds
152243,DSP Nifty Smallcap250 Quality 50 Index Fund - Direct - Growth,2023-12-26,2026-08-14,650,0.0503388662402302,0.1964744829784869,0.0488037241506181,-0.3071062865253569,Index,DSP Mutual Fund,Other Scheme - Index Funds
152814,DSP Nifty Top 10 Equal Weight Index Fund - Direct - Growth,2024-09-06,2026-08-14,478,-0.0415221430857959,0.1361917557834241,-0.6910660029556254,-0.1885619797012201,Index,DSP Mutual Fund,Other Scheme - Index Funds
147306,DSP Quant Fund - Direct Plan - Growth,2019-06-11,2026-08-14,1770,0.1221624516456958,0.1629430996595583,0.4372015561691504,-0.3265503026050346,Sectoral,DSP Mutual Fund,Equity Scheme - Sectoral/ Thematic
118994,DSP Regular Savings Fund - Direct Plan - Growth,2013-01-03,2026-08-14,3290,0.0846018698378079,0.0436622699653978,0.5876048103997287,-0.1202889051040726,Conservative Hybrid,DSP Mutual Fund,Hybrid Scheme - Conservative Hybrid Fund
119226,DSP Short Term Fund - Direct Plan - Growth,2013-01-02,2026-08-14,3296,0.0775195794248655,0.0135674147801808,1.3144047967279744,-0.0275166239912559,Short Duration,DSP Mutual Fund,Debt Scheme - Short Duration Fund
119212,DSP Small Cap Fund - Direct Plan - Growth,2013-01-02,2026-08-14,3353,0.2162777924550334,0.165511209864879,0.9320544899812854,-0.490585208154648,Small Cap,DSP Mutual Fund,Equity Scheme - Small Cap Fund
119239,DSP Strategic Bond Fund - Direct Plan - Growth,2013-01-02,2026-08-14,3296,0.0783864962290166,0.0344900767238896,0.5559543249497698,-0.0450060587761736,Dynamic Bond,DSP Mutual Fund,Debt Scheme - Dynamic Bond
152528,DSP US Specific Debt Passive FoF - Direct - Growth,2024-03-19,2026-08-14,568,0.098632901912685,0.0640218590541328,0.6648722810940354,-0.040646121697965,Fund of Funds,DSP Mutual Fund,Other Scheme - FoF Overseas
119252,DSP US Specific Equity Omni FoF - Direct Plan - Growth,2013-01-04,2026-08-14,3113,0.1835707382425697,0.1675489613071921,0.8343666333523935,-0.2806063296254828,Fund of Funds,DSP Mutual Fund,Other Scheme - FoF Overseas
148595,DSP Value Fund - Direct Plan - Growth,2020-12-11,2026-08-14,1317,0.1756963802407196,0.1079387363605326,1.1277451133122984,-0.1645137880986937,Value,DSP Mutual Fund,Equity Scheme - Value Fund
119277,DSP World Gold Mining Overseas Equity Omni FoF - Direct Plan - Growth,2013-01-03,2026-08-14,3179,0.0959207917795781,0.3293200293890387,0.2822584560524706,-0.5715766497016497,Fund of Funds,DSP Mutual Fund,Other Scheme - FoF Overseas
119279,DSP World Mining Overseas Equity Omni FoF - Direct Plan - Growth,2013-01-04,2026-08-14,3196,0.0929121455648223,0.2668393217242812,0.2659513732861624,-0.6220784524848237,Fund of Funds,DSP Mutual Fund,Other Scheme - FoF Overseas
140256,Edelweiss ASEAN Equity Off-shore Fund - Direct Plan - Growth Option,2016-11-28,2026-08-14,2319,0.1025802421555708,0.1420345961932611,0.3747948389735271,-0.3607621977270785,Fund of Funds,Edelweiss Mutual Fund,Other Scheme - FoF Overseas
118624,Edelweiss Aggressive Hybrid Fund-Direct Plan-Growth Option,2013-01-08,2026-08-14,3349,0.1403635293941068,0.1256950829048621,0.6555459777289058,-0.2860110803324099,Aggressive Hybrid,Edelweiss Mutual Fund,Hybrid Scheme - Aggressive Hybrid Fund
153497,Edelweiss BSE Internet Economy Index Fund - Direct Plan - Growth,2025-05-16,2026-08-14,309,0.1226780567586749,0.1795613097998332,0.4122641079582901,-0.21377990430622,Index,Edelweiss Mutual Fund,Other Scheme - Index Funds
118615,Edelweiss Balanced Advantage Fund -Direct Plan-Growth Option,2013-01-22,2026-08-14,3338,0.1236870755768901,0.0897136995984225,0.7073052059076351,-0.162262746557499,Balanced Advantage,Edelweiss Mutual Fund,Hybrid Scheme - Dynamic Asset Allocation or Balanced Advantage
140286,Edelweiss Banking and PSU Debt Fund - Direct Plan - Growth Option,2016-11-28,2026-08-14,2354,0.0747605205653245,0.0265117925146637,0.5780397447826334,-0.0429494679369324,Banking & PSU,Edelweiss Mutual Fund,Debt Scheme - Banking and PSU Fund
152710,Edelweiss Business Cycle Fund - Direct Plan - Growth,2024-07-31,2026-08-14,504,-0.0324341431755605,0.1699708443273909,-0.4659257831902887,-0.2638813598698984,Sectoral,Edelweiss Mutual Fund,Equity Scheme - Sectoral/ Thematic
150671,Edelweiss CRISIL IBX 50:50 Gilt Plus SDL April 2037 Index Fund - Direct Plan - Growth,2022-10-13,2026-08-14,930,0.0833100519052429,0.025576823223611,0.9227379993278284,-0.0285266433827164,Index,Edelweiss Mutual Fund,Other Scheme - Index Funds
150807,Edelweiss CRISIL IBX 50:50 Gilt Plus SDL Sep 2028 Index Fund - Direct Plan - Growth,2022-11-14,2026-08-14,911,0.0773249971682443,0.0121223272291228,1.434721558631624,-0.0081882765407798,Index,Edelweiss Mutual Fund,Other Scheme - Index Funds
151365,Edelweiss CRISIL IBX 50:50 Gilt Plus SDL Short Duration Index fund - Direct Plan - Growth,2023-02-16,2026-08-14,844,0.0758115631167515,0.0100368721092706,1.6256053356849107,-0.0085530383499531,Index,Edelweiss Mutual Fund,Other Scheme - Index Funds
149950,Edelweiss CRISIL PSU Plus SDL 50:50 Oct 2025 Index Fund - Direct Plan Growth,2022-03-11,2025-10-31,882,0.0605004845076684,0.0104356620722924,0.1192505290698584,-0.0269971629087651,Index,Edelweiss Mutual Fund,Other Scheme - Index Funds
153214,Edelweiss Consumption Fund - Direct - Growth,2025-02-24,2026-08-14,362,0.1103847068778733,0.1361130760898054,0.4153190318822672,-0.1651803417000632,Sectoral,Edelweiss Mutual Fund,Equity Scheme - Sectoral/ Thematic
118620,Edelweiss ELSS Tax Saver Fund - Direct Plan-Growth Option,2013-01-24,2026-08-14,3337,0.1489073604384969,0.1565695706565624,0.6035902222120051,-0.3679764965112009,ELSS,Edelweiss Mutual Fund,Equity Scheme - ELSS
140327,Edelweiss Emerging Markets Opportunities Equity Offshore Fund - Direct Plan - Growth Option,2016-11-28,2026-08-14,2316,0.1278839408361205,0.1778970932584488,0.4669174960359163,-0.3879857509766682,Fund of Funds,Edelweiss Mutual Fund,Other Scheme - FoF Overseas
140347,Edelweiss Equity Savings Fund - Direct Plan - Growth Option,2016-11-28,2026-08-14,2396,0.1065810814330316,0.047774087197822,0.933922396597504,-0.0949730535789032,Equity Savings,Edelweiss Mutual Fund,Hybrid Scheme - Equity Savings
140296,Edelweiss Europe Dynamic Equity Offshore Fund - Growth Option - Direct Plan,2016-11-28,2026-08-14,2354,0.141903327478708,0.1690428075833848,0.5462727418117754,-0.357168984598143,Fund of Funds,Edelweiss Mutual Fund,Other Scheme - FoF Overseas
140353,Edelweiss Flexi Cap Fund - Direct Plan - Growth Option,2016-11-28,2026-08-14,2397,0.1696658400857502,0.1589582425733304,0.7097846257494917,-0.3610217826588192,Flexi Cap,Edelweiss Mutual Fund,Equity Scheme - Flexi Cap Fund
150376,Edelweiss Focused Fund - Direct Plan - Growth,2022-08-03,2026-08-14,992,0.1588363612402854,0.1387340837339798,0.7262746436128292,-0.1714617041250208,Focused,Edelweiss Mutual Fund,Equity Scheme - Focused Fund
150581,Edelweiss Gold and Silver ETF FOF - Direct Plan - Growth,2022-09-16,2026-08-14,963,0.3775275749239961,0.2572359328493476,1.1731427737751312,-0.3423376623376624,Fund of Funds,Edelweiss Mutual Fund,Other Scheme - FoF Domestic
140298,Edelweiss Government Securities Fund - Direct Plan - Growth Option,2016-11-28,2026-08-14,2354,0.0716568700540078,0.0308902245867247,0.4028266258571987,-0.0328603716253059,Gilt,Edelweiss Mutual Fund,Debt Scheme - Gilt Fund
140243,Edelweiss Greater China Equity Off-shore Fund - Direct Plan - Growth Option,2016-11-28,2026-08-14,2246,0.1385938842550813,0.2247555233509583,0.4749664342591511,-0.543847210528648,Fund of Funds,Edelweiss Mutual Fund,Other Scheme - FoF Overseas
140175,Edelweiss Large & Mid Cap Fund - Direct Plan - Growth Option,2016-11-28,2026-08-14,2397,0.1724654100302582,0.1575647496879361,0.7300620638631233,-0.3491932036759991,Mid Cap,Edelweiss Mutual Fund,Equity Scheme - Large & Mid Cap Fund
118617,Edelweiss Large Cap Fund - Direct Plan-Growth option,2013-01-08,2026-08-14,3348,0.141109614181381,0.1512971817412847,0.5729294971428006,-0.3514634146341463,Large Cap,Edelweiss Mutual Fund,Equity Scheme - Large Cap Fund
148555,Edelweiss MSCI India Domestic & World Healthcare 45 Index Fund Direct Plan - Growth,2020-11-02,2026-08-14,1376,0.1689303950164238,0.1197746157493162,0.939764242117621,-0.1630915280968737,Index,Edelweiss Mutual Fund,Other Scheme - Index Funds
140228,Edelweiss Mid Cap Fund - Direct Plan - Growth Option,2016-11-28,2026-08-14,2397,0.2065118102052334,0.1720699018042422,0.8525583192186323,-0.392054586808188,Mid Cap,Edelweiss Mutual Fund,Equity Scheme - Mid Cap Fund
140237,Edelweiss Money Market Fund - Direct Plan - Growth Option,2016-11-28,2026-08-14,2354,0.0660656179762968,0.0177024467906864,0.3775129264652955,-0.0217024507529421,Money Market,Edelweiss Mutual Fund,Debt Scheme - Money Market Fund
151792,Edelweiss Multi Asset Allocation Fund - Direct Plan - Growth,2023-06-26,2026-08-14,760,0.0768387089551665,0.0194217812056973,0.8882394113775397,-0.0177208918249379,Multi Asset,Edelweiss Mutual Fund,Hybrid Scheme - Multi Asset Allocation
152094,Edelweiss Multi Cap Fund - Direct Plan - Growth,2023-10-30,2026-08-14,689,0.1978047113708498,0.1539751773308475,0.885824245778568,-0.2018872334928582,Multi Cap,Edelweiss Mutual Fund,Equity Scheme - Multi Cap Fund
149343,Edelweiss NIFTY Large Midcap 250 Index Fund - Direct Plan Growth,2021-12-03,2026-08-14,1159,0.1307837132056939,0.1495261491210199,0.5138931190459795,-0.1886888760336204,Index,Edelweiss Mutual Fund,Other Scheme - Index Funds
148795,Edelweiss NIFTY PSU Bond Plus SDL Apr 2026 50:50 Index Fund - Direct Plan - Growth,2021-03-22,2026-04-30,1234,0.0632912621015693,0.0122784773409152,0.336133048045744,-0.0308247528159908,Index,Edelweiss Mutual Fund,Other Scheme - Index Funds
149247,Edelweiss NIFTY PSU Bond Plus SDL Apr 2027 50:50 Index Fund - Direct Plan Growth,2021-10-18,2026-08-14,1170,0.0619725853148163,0.0142309465980935,0.1828659632405989,-0.0350459506593772,Index,Edelweiss Mutual Fund,Other Scheme - Index Funds
149254,Edelweiss Nifty 100 Quality 30 Index Fund Direct Plan Growth,2021-10-07,2026-08-14,1196,0.0868018442594515,0.1300939614144489,0.2585917571265767,-0.2103159204439763,Index,Edelweiss Mutual Fund,Other Scheme - Index Funds
149250,Edelweiss Nifty 50 Index Fund Direct Plan Growth,2021-10-07,2026-08-14,1196,0.0770924412868034,0.1381212401719088,0.1849154923112472,-0.1660080560487181,Index,Edelweiss Mutual Fund,Other Scheme - Index Funds
152616,Edelweiss Nifty Alpha Low Volatility 30 Index Fund - Direct Plan - Growth,2024-05-21,2026-08-14,554,0.0106719566499857,0.1361664904129093,-0.2932770186569532,-0.2484962469713144,Index,Edelweiss Mutual Fund,Other Scheme - Index Funds
150902,Edelweiss Nifty Midcap150 Momentum 50 Index Fund - Direct Plan - Growth,2022-12-02,2026-08-14,912,0.1827874459224765,0.1857432539170236,0.6953625760435237,-0.2578543020182308,Index,Edelweiss Mutual Fund,Other Scheme - Index Funds
150899,Edelweiss Nifty Next 50 Index Fund - Direct Plan - Growth,2022-12-02,2026-08-14,912,0.1591950285194669,0.1741506369045603,0.6112424218551336,-0.2642928003745276,Index,Edelweiss Mutual Fund,Other Scheme - Index Funds
150892,Edelweiss Nifty Smallcap 250 Index Fund - Direct Plan - Growth,2022-12-02,2026-08-14,912,0.187327404652247,0.1811111469632547,0.730125518740397,-0.2611928721390822,Index,Edelweiss Mutual Fund,Other Scheme - Index Funds
152985,Edelweiss Nifty500 Multicap Momentum Quality 50 Index Fund - Direct - Growth,2024-11-05,2026-08-14,438,-0.043551916261863,0.1846965408004923,-0.4788516300367064,-0.277216346289686,Index,Edelweiss Mutual Fund,Other Scheme - Index Funds
142388,Edelweiss Recently Listed IPO Fund Direct Plan Growth,2018-02-27,2026-08-14,2085,0.1591986815342989,0.1879352501183308,0.579728272921415,-0.3233677711757043,Sectoral,Edelweiss Mutual Fund,Equity Scheme - Sectoral/ Thematic
146196,Edelweiss Small Cap Fund - Direct Plan - Growth,2019-02-14,2026-08-14,1848,0.2534757144736728,0.1746071307582049,1.0684389692242615,-0.3708625079567155,Small Cap,Edelweiss Mutual Fund,Equity Scheme - Small Cap Fund
152437,Edelweiss Technology Fund - Direct Plan - Growth,2024-03-07,2026-08-14,599,0.1305321684715767,0.1502988628214316,0.5142815301916203,-0.2624123357020109,Sectoral,Edelweiss Mutual Fund,Equity Scheme - Sectoral/ Thematic
148063,Edelweiss US Technology Equity Fund of Fund- Direct Plan- Growth,2020-03-09,2026-08-14,1519,0.2634753536130554,0.307098583473239,0.7717613302339889,-0.4531500925100765,Fund of Funds,Edelweiss Mutual Fund,Other Scheme - FoF Overseas
140274,Edelweiss US Value Equity Offshore Fund - Direct Plan - Growth Option,2016-11-28,2026-08-14,2292,0.139209540066437,0.1686457586840989,0.5540748016903075,-0.3476776700439409,Fund of Funds,Edelweiss Mutual Fund,Other Scheme - FoF Overseas
118559,Franklin Asian Equity Fund - Direct - Growth,2013-01-01,2026-08-14,3351,0.1034252195746441,0.1560860938767053,0.339586916184225,-0.4019842883746816,Sectoral,Franklin Templeton Mutual Fund,Equity Scheme - Sectoral/ Thematic
118557,Franklin Build India Fund - Direct - Growth,2013-01-01,2026-08-14,3352,0.2027205629766377,0.1744222480101177,0.8277552971481043,-0.4280321802623319,Sectoral,Franklin Templeton Mutual Fund,Equity Scheme - Sectoral/ Thematic
118546,Franklin India Aggressive Hybrid Fund - Direct - Growth,2013-01-01,2026-08-14,3352,0.1360996843836925,0.1112999746815115,0.6909596587579172,-0.2781742191482519,Aggressive Hybrid,Franklin Templeton Mutual Fund,Hybrid Scheme - Aggressive Hybrid Fund
153043,Franklin India Arbitrage Fund - Direct - Growth,2024-11-19,2026-08-14,429,0.0706819435999546,0.0102814003697874,0.9484424580828272,-0.004377841387439,Arbitrage,Franklin Templeton Mutual Fund,Hybrid Scheme - Arbitrage Fund
150481,Franklin India Balanced Advantage Fund- Growth- Direct,2022-09-06,2026-08-14,969,0.1185514675687264,0.068445688381777,0.8356326567465567,-0.0809965633523112,Balanced Advantage,Franklin Templeton Mutual Fund,Hybrid Scheme - Dynamic Asset Allocation or Balanced Advantage
129008,Franklin India Banking & PSU Debt Fund - Direct - Growth,2014-04-25,2026-08-14,2973,0.0780751752866293,0.0171492341730518,1.083907826178521,-0.0363885541456959,Banking & PSU,Franklin Templeton Mutual Fund,Debt Scheme - Banking and PSU Fund
118574,Franklin India Conservative Hybrid Fund - Direct - GROWTH,2013-01-01,2026-08-14,3352,0.0885783216025692,0.0424355956274596,0.6555083960915247,-0.118892495318728,Conservative Hybrid,Franklin Templeton Mutual Fund,Hybrid Scheme - Conservative Hybrid Fund
118569,Franklin India Corporate Debt Fund - Direct - GROWTH,2013-01-01,2026-08-14,3288,0.0835433733260833,0.0229137035539915,1.0486781489719816,-0.0736021010786618,Corporate Bond,Franklin Templeton Mutual Fund,Debt Scheme - Corporate Bond Fund
118553,Franklin India Credit Risk Fund - Direct - Growth,2013-01-01,2023-06-11,2519,0.0811462540047796,0.0307446507545849,0.7157443065018332,-0.0955245553077841,Credit Risk,Franklin Templeton Mutual Fund,Debt Scheme - Credit Risk Fund
118495,Franklin India Dynamic Accrual Fund - Direct - Growth,2013-01-01,2022-08-07,2315,0.0833489804112967,0.0365493932206856,0.6661282276537654,-0.080614105710378,Dynamic Bond,Franklin Templeton Mutual Fund,Debt Scheme - Dynamic Bond
118543,Franklin India Dynamic Asset Allocation Active Fund Of Funds - Direct - Growth,2013-01-01,2026-08-14,3286,0.110702889082032,0.0960175604623424,0.5669682048435377,-0.3093894375890978,Fund of Funds,Franklin Templeton Mutual Fund,Other Scheme - FoF Domestic
118540,Franklin India ELSS Tax Saver Fund - Direct - Growth,2013-01-01,2026-08-14,3352,0.1502202550473008,0.1533175097458566,0.620781778295997,-0.3898916668154993,ELSS,Franklin Templeton Mutual Fund,Equity Scheme - ELSS
144466,Franklin India Equity Savings Fund- Growth Direct,2018-08-27,2026-08-14,1957,0.0826969877897139,0.0590523240020606,0.3944123036010314,-0.1670309721398932,Equity Savings,Franklin Templeton Mutual Fund,Hybrid Scheme - Equity Savings
118535,Franklin India Flexi Cap Fund - Direct - Growth,2013-01-01,2026-08-14,3352,0.1559726006763626,0.1524941000463102,0.6567880796773817,-0.3771518089978042,Flexi Cap,Franklin Templeton Mutual Fund,Equity Scheme - Flexi Cap Fund
118564,Franklin India Focused Equity Fund - Direct - Growth,2013-01-01,2026-08-14,3352,0.1650806059909517,0.1609517869131888,0.6803610248145104,-0.3769423419293055,Focused,Franklin Templeton Mutual Fund,Equity Scheme - Focused Fund
118498,Franklin India Government Securities Fund - Direct - Growth,2013-01-01,2026-08-14,3288,0.0706641336169471,0.0440209322854646,0.2782980689841223,-0.127313620700328,Gilt,Franklin Templeton Mutual Fund,Debt Scheme - Gilt Fund
118581,Franklin India INDEX FUND- NSE NIFTY 50 INDEX FUND- Direct - Growth,2013-01-01,2026-08-14,3352,0.1158618116415242,0.1588445041631071,0.4089605610639591,-0.3760439383086381,Index,Franklin Templeton Mutual Fund,Other Scheme - Index Funds
118554,Franklin India Income Opportunities Fund - Direct - Growth,2013-01-01,2021-12-12,2154,0.0835042904413854,0.0415591563057243,0.5982491417177109,-0.1370157202989435,Medium Duration,Franklin Templeton Mutual Fund,Debt Scheme - Medium Duration Fund
132989,Franklin India Income Plus Arbitrage Active Fund of Funds- Growth Plan - Direct,2014-11-28,2026-08-14,2831,0.0825933587410345,0.0886931607599526,0.3055293391331658,-0.2762649178860822,Fund of Funds,Franklin Templeton Mutual Fund,Other Scheme - FoF Domestic
118510,Franklin India Large & Mid Cap Fund - Direct - Growth,2013-01-01,2026-08-14,3351,0.1415676326328712,0.1578311666421252,0.5587965539968625,-0.4178149751701724,Mid Cap,Franklin Templeton Mutual Fund,Equity Scheme - Large & Mid Cap Fund
118531,Franklin India Large Cap Fund- Direct - Growth,2013-01-01,2026-08-14,3351,0.1230707659507039,0.155376385240923,0.4571404929382396,-0.3625371114633122,Large Cap,Franklin Templeton Mutual Fund,Equity Scheme - Large Cap Fund
153102,Franklin India Long Duration Fund - Direct - Growth,2024-12-11,2026-08-14,406,0.0592166004781176,0.035108574559827,0.0143121740483641,-0.0429151471859844,Long Duration,Franklin Templeton Mutual Fund,Debt Scheme - Long Duration Fund
118530,Franklin India Low Duration Fund - Direct - Growth,2013-01-01,2022-08-07,2316,0.0909907696781846,0.0328275948681957,0.960659320445453,-0.1063798546362234,Low Duration,Franklin Templeton Mutual Fund,Debt Scheme - Low Duration Fund
152851,Franklin India Medium to Long Duration Fund - Direct Growth,2024-09-24,2026-08-14,458,0.0706426725267941,0.0186338022365486,0.600289177791888,-0.0171380926055156,Long Duration,Franklin Templeton Mutual Fund,Debt Scheme - Medium to Long Duration Fund
118533,Franklin India Mid Cap Fund - Direct - Growth,2013-01-01,2026-08-14,3352,0.1824032392076133,0.1535973166647244,0.8040118747653442,-0.3659172812757607,Mid Cap,Franklin Templeton Mutual Fund,Equity Scheme - Mid Cap Fund
153731,Franklin India Multi Asset Allocation Fund- Direct-Growth,2025-07-31,2026-08-14,254,0.1338071700179937,0.1221676161429792,0.632546832086625,-0.115476159338791,Multi Asset,Franklin Templeton Mutual Fund,Hybrid Scheme - Multi Asset Allocation
152739,Franklin India Multi Cap Fund - Direct - Growth,2024-07-29,2026-08-14,505,0.0655362128811114,0.1518736927430558,0.1077155501848442,-0.1868048604809967,Multi Cap,Franklin Templeton Mutual Fund,Equity Scheme - Multi Cap Fund
118539,Franklin India Opportunities Fund - Direct - Growth,2013-01-01,2026-08-14,3351,0.1745595674090012,0.1618326398586363,0.7291721891294496,-0.3934496056683366,Sectoral,Franklin Templeton Mutual Fund,Equity Scheme - Sectoral/ Thematic
118548,Franklin India Retirement Fund - Direct - Growth,2013-01-01,2026-08-14,3352,0.0978252485318977,0.062202091569847,0.6031586954720415,-0.138072758300583,Retirement,Franklin Templeton Mutual Fund,Solution Oriented Scheme - Retirement Fund
118565,Franklin India SHORT TERM INCOME PLAN - Direct - GROWTH,2013-01-01,2025-05-02,2973,0.164699815650634,0.4946446011474531,0.3231531560272396,-0.127869585171032,Short Duration,Franklin Templeton Mutual Fund,Debt Scheme - Short Duration Fund
118525,Franklin India Small Cap Fund - Direct - Growth,2013-01-01,2026-08-14,3352,0.2002247462346615,0.1579955063144744,0.8831500085062775,-0.4991771356141838,Small Cap,Franklin Templeton Mutual Fund,Equity Scheme - Small Cap Fund
118537,Franklin India Technology Fund - Direct - Growth,2013-01-01,2026-08-14,3349,0.1743532434523107,0.16613922545938,0.7138191793679415,-0.3074569019222153,Sectoral,Franklin Templeton Mutual Fund,Equity Scheme - Sectoral/ Thematic
118560,Franklin India Ultra Short Bond Fund - Super Institutional Plan - Direct - Growth,2013-01-01,2022-08-07,2317,0.0901251174138362,0.0172004325881122,1.7597620077271352,-0.0435673814412621,Ultra Short Duration,Franklin Templeton Mutual Fund,Debt Scheme - Ultra Short Duration Fund
118551,Franklin U.S. Opportunities Equity Active Fund of Funds - Direct - Growth,2013-01-02,2026-08-14,3288,0.1780141424160681,0.2099686911621008,0.6339026491793839,-0.3840715071063856,Fund of Funds,Franklin Templeton Mutual Fund,Other Scheme - FoF Overseas
145599,Groww Aggressive Hybrid Fund (formerly known as Indiabulls Equity Hybrid Fund) - Direct Plan - Growth option,2018-12-14,2026-08-14,1888,0.1178292937483327,0.1279382927986287,0.4869047638132139,-0.2819238873136852,Aggressive Hybrid,Groww Mutual Fund,Hybrid Schemes - Aggressive Hybrid Fund
152254,Groww Banking & Financial Services Fund - Direct Plan - Growth,2024-02-07,2026-08-14,621,0.1309780735795926,0.161039429568403,0.4898446170699965,-0.1635330164121909,Sectoral,Groww Mutual Fund,Equity Schemes - Sectoral Fund
145589,Groww Dynamic Term Fund (formerly known as Indiabulls Dynamic Bond Fund) - Direct Plan - Growth option,2018-12-06,2026-08-14,1863,0.0615526804029145,0.0187150648066147,0.1246249784962975,-0.022852636819353,Dynamic Bond,Groww Mutual Fund,Income/Debt Oriented Schemes - Dynamic Term Fund
141808,Groww ELSS Tax Saver Fund (formerly known as Indiabulls Tax Savings Fund)- Direct Plan- Growth Option,2017-12-29,2026-08-14,2124,0.0963757570789987,0.1570450626586971,0.2968348107693225,-0.3462998102466793,ELSS,Groww Mutual Fund,Equity Schemes - ELSS- Tax Saver Fund
153477,Groww Gilt Fund - Direct - Growth,2025-05-13,2026-08-14,308,0.0038176119181536,0.0352288439633996,-1.5742573254468035,-0.0390389201706034,Gilt,Groww Mutual Fund,Income/Debt Oriented Schemes - Gilt Fund
152980,Groww Gold ETF FOF - DIRECT - GROWTH,2024-11-08,2026-08-14,435,0.4315437797222607,0.2562987042642203,1.3293571832654472,-0.2487813792000731,Value,Groww Mutual Fund,Equity Schemes - Value Fund
119133,Groww Largecap Fund (formerly known as Indiabulls Blue Chip Fund) - Direct Plan - Growth Option,2013-01-02,2026-08-14,3352,0.1238979130557427,0.1614532814670384,0.4504123008149964,-0.3658920834974398,Large Cap,Groww Mutual Fund,Equity Schemes - Large Cap Fund
153034,Groww Multicap Fund - Direct - Growth,2024-12-18,2026-08-14,409,0.1421810952847946,0.1571732170748375,0.5607558784751513,-0.1653004108691768,Multi Cap,Groww Mutual Fund,Equity Schemes - Multi Cap Fund
153328,Groww Nifty 200 ETF FOF - Direct - Growth,2025-03-04,2026-08-14,357,0.1249914083657,0.1807856943945542,0.4249788330612149,-0.1461688848170537,Value,Groww Mutual Fund,Equity Schemes - Value Fund
153704,Groww Nifty 50 Index Fund Direct Growth,2025-07-22,2026-08-14,262,-0.0193025015993266,0.1304456492841368,-0.5481960934114424,-0.1514280000380926,Index,Groww Mutual Fund,Index Funds - Equity Funds
153453,Groww Nifty 500 Momentum 50 ETF FOF - Direct Plan - Growth,2025-04-25,2026-08-14,323,0.0783042262008391,0.1768967085854325,0.1834139193411983,-0.1728506787330317,Value,Groww Mutual Fund,Equity Schemes - Value Fund
152770,Groww Nifty EV & New Age Automotive ETF FOF- Direct Plan - Growth,2024-08-14,2026-08-14,494,0.0249623442491433,0.1855395187594936,-0.0950947953435539,-0.3132481604861442,Value,Groww Mutual Fund,Equity Schemes - Value Fund
152925,Groww Nifty India Defence ETF FOF - Direct Growth,2024-10-15,2026-08-14,452,0.2195010639715391,0.282174618788138,0.6469241714632588,-0.2698728866564668,Value,Groww Mutual Fund,Equity Schemes - Value Fund
153626,Groww Nifty India Internet ETF FOF - Direct - Growth,2025-07-04,2026-08-14,274,0.0549364029280399,0.2158186641571312,0.0835630842805104,-0.2864454024791388,Value,Groww Mutual Fund,Equity Schemes - Value Fund
153230,Groww Nifty India Railways PSU Index Fund - Direct Plan - Growth,2025-02-07,2026-08-14,373,-0.1339881504461788,0.2378205235595775,-0.7543472401015403,-0.3078425467057287,Index,Groww Mutual Fund,Index Funds - Equity Funds
152637,Groww Nifty Non-Cyclical Consumer Index Fund - Direct Plan Growth,2024-05-24,2026-08-14,550,0.0299006253948603,0.1437725075906593,-0.1364933149016355,-0.2669906433596867,Index,Groww Mutual Fund,Index Funds - Equity Funds
152431,Groww Nifty Smallcap 250 Index Fund - Direct Plan - Growth,2024-03-01,2026-08-14,604,0.0820274145230492,0.1987609500207473,0.2046515032311865,-0.2623043317051152,Index,Groww Mutual Fund,Index Funds - Equity Funds
152092,Groww Nifty Total Market Index Fund - Direct Plan - Growth,2023-10-25,2026-08-14,691,0.1363089150398089,0.1467578911727212,0.5565012340838269,-0.1889435041029965,Index,Groww Mutual Fund,Index Funds - Equity Funds
123704,Groww Short Term Fund (formerly known as Indiabulls Short Term Fund) - Direct Plan - Growth Option,2013-09-16,2026-08-14,3119,0.0752925299990463,0.0102328258447055,1.5441386786283635,-0.0121110830008757,Short Duration,Groww Mutual Fund,Income/Debt Oriented Schemes - Short Term Fund
153525,Groww Silver ETF FOF - Direct - Growth,2025-05-26,2026-08-14,303,0.9438446765733716,0.5730993148053176,1.3737814806997588,-0.436165862200053,Value,Groww Mutual Fund,Equity Schemes - Value Fund
135341,Groww Value Fund (formerly known as Indiabulls Value Fund) - Direct Plan - Growth Option,2015-09-09,2026-08-14,2690,0.1171905129574968,0.1541159684587736,0.4249072276558922,-0.4664253541271972,Value,Groww Mutual Fund,Equity Schemes - Value Fund
129052,HDFC ARBITRAGE FUND -Direct Plan - Growth Option,2014-03-27,2026-08-14,3045,0.064366413632015,0.0113403005886976,0.3546315880294001,-0.0081567796610169,Arbitrage,HDFC Mutual Fund,Hybrid Scheme - Arbitrage Fund
151728,HDFC BSE 500 Index Fund - Growth Option - Direct Plan,2023-04-21,2026-08-14,817,0.1522498046465386,0.1364623802070101,0.6923734967829005,-0.1882265149125149,Index,HDFC Mutual Fund,Other Scheme - Index Funds
118968,HDFC Balanced Advantage Fund - Growth Plan - Direct Plan,2013-01-01,2026-08-14,3352,0.1416315723269696,0.1446127617055115,0.5959168464161597,-0.3419573643410853,Balanced Advantage,HDFC Mutual Fund,Hybrid Scheme - Dynamic Asset Allocation or Balanced Advantage
148986,HDFC Banking & Financial Services Fund - Growth Option - Direct Plan,2021-07-01,2026-08-14,1262,0.1392334075488026,0.1622764944270479,0.5336989812357122,-0.2171572458105408,Sectoral,HDFC Mutual Fund,Equity Scheme - Sectoral/ Thematic
128629,HDFC Banking and PSU Debt Fund - Growth Option - Direct Plan,2014-03-26,2026-08-14,2991,0.0787195112040324,0.0158787238240755,1.21166056918375,-0.0312691272336151,Banking & PSU,HDFC Mutual Fund,Debt Scheme - Banking and PSU Fund
150805,HDFC Business Cycle Fund - Growth Option - Direct Plan,2022-11-30,2026-08-14,913,0.1365038267356677,0.1285882046628381,0.6166075258937699,-0.1804417193267847,Sectoral,HDFC Mutual Fund,Equity Scheme - Sectoral/ Thematic
151804,HDFC Consumption Fund - Growth Option - Direct Plan,2023-07-12,2026-08-14,761,0.1303946302499754,0.133165821826615,0.5595334004171938,-0.2348268586322452,Sectoral,HDFC Mutual Fund,Equity Scheme - Sectoral/ Thematic
118987,HDFC Corporate Bond Fund - Growth Option - Direct Plan,2013-01-01,2026-08-14,3290,0.0797836917325482,0.0178065924085498,1.137072351334632,-0.0400344809172534,Corporate Bond,HDFC Mutual Fund,Debt Scheme - Corporate Bond Fund
128051,HDFC Credit Risk Debt Fund - Growth Option - Direct Plan,2014-03-25,2026-08-14,2992,0.0876613845579317,0.0147476160757573,1.8872958041378236,-0.0258016849846222,Credit Risk,HDFC Mutual Fund,Debt Scheme - Credit Risk Fund
151750,HDFC Defence Fund - Growth Option - Direct Plan,2023-06-02,2026-08-14,788,0.4324257405280189,0.2519730428975284,1.352049500993826,-0.3454076572108708,Sectoral,HDFC Mutual Fund,Equity Scheme - Sectoral/ Thematic
149180,HDFC Developed World Overseas Equity Passive FOF - Direct Plan - Growth Option,2021-10-06,2026-08-14,1192,0.1807221596362498,0.1475465456790693,0.8238626621286061,-0.1957691593987753,Fund of Funds,HDFC Mutual Fund,Other Scheme - FoF Overseas
119075,HDFC Dynamic Debt Fund - Growth Option - Direct Plan,2013-01-01,2026-08-14,3290,0.0763157901829469,0.0341326514051957,0.5071722147286595,-0.074946549299844,Dynamic Bond,HDFC Mutual Fund,Debt Scheme - Dynamic Bond
119060,HDFC ELSS Tax saver - Growth Option - Direct Plan,2013-01-01,2026-08-14,3352,0.142705483121597,0.1611876240306437,0.5564901800564891,-0.4414345688952337,ELSS,HDFC Mutual Fund,Equity Scheme - ELSS
119128,HDFC Equity Savings Fund - Growth Option - Direct Plan,2013-01-01,2026-08-14,3337,0.1000996277008552,0.0584785968005175,0.6814722864244677,-0.1695374682733299,Equity Savings,HDFC Mutual Fund,Hybrid Scheme - Equity Savings
118955,HDFC Flexi Cap Fund - Growth Option - Direct Plan,2013-01-01,2026-08-14,3352,0.1619424243573337,0.171225547295834,0.6335461582766967,-0.4183944301784041,Flexi Cap,HDFC Mutual Fund,Equity Scheme - Flexi Cap Fund
118950,HDFC Focused Fund - Growth Option - Direct Plan,2013-01-01,2026-08-14,3352,0.1500522162751536,0.167060225218516,0.5820198879264561,-0.4562829406608153,Focused,HDFC Mutual Fund,Equity Scheme - Focused Fund
119116,HDFC Gilt Fund - Growth Option - Direct Plan,2013-01-01,2026-08-14,3290,0.0747071581059717,0.0380186998325038,0.4180748576325241,-0.1186663671661906,Gilt,HDFC Mutual Fund,Debt Scheme - Gilt Fund
141924,HDFC Housing Opportunities Fund  - Growth Option - Direct Plan,2017-12-07,2026-08-14,2139,0.1044726248670318,0.1805661363195863,0.3221366287182995,-0.4218063776971549,Sectoral,HDFC Mutual Fund,Equity Scheme - Sectoral/ Thematic
119118,HDFC Hybrid Debt Fund - Growth Option - Direct Plan,2013-01-01,2026-08-14,3290,0.0944403225395857,0.0517205129246175,0.6863484611553422,-0.1208458188501339,Conservative Hybrid,HDFC Mutual Fund,Hybrid Scheme - Conservative Hybrid Fund
119062,HDFC Hybrid Equity Fund - Growth Option - Direct Plan,2013-01-01,2026-08-14,3352,0.1138792441570824,0.147619225923419,0.4158909863230912,-0.3355609132538308,Aggressive Hybrid,HDFC Mutual Fund,Hybrid Scheme - Aggressive Hybrid Fund
153620,HDFC INNOVATION FUND - DIRECT PLAN - GROWTH OPTION,2025-07-17,2026-08-14,265,0.1783986579260756,0.1427740621000523,0.8322273111821781,-0.1230331753554502,Sectoral,HDFC Mutual Fund,Equity Scheme - Sectoral/ Thematic
119069,HDFC Income Fund - Growth Option - Direct Plan,2013-01-01,2026-08-14,3290,0.071800378993021,0.0346996186825572,0.3731380636304778,-0.1064017814872613,Long Duration,HDFC Mutual Fund,Debt Scheme - Medium to Long Duration Fund
130543,HDFC Income Plus Arbitrage Active FOF - Growth Option - Direct Plan,2014-06-30,2026-08-14,2983,0.1141556636242,0.0943689679191653,0.5854283386471004,-0.2313896266208405,Fund of Funds,HDFC Mutual Fund,Other Scheme - FoF Domestic
118979,HDFC Infrastructure Fund - Growth Option - Direct Plan,2013-01-01,2026-08-14,3352,0.1209453100670159,0.2070273478626928,0.3792081056875596,-0.6308105872622002,Sectoral,HDFC Mutual Fund,Equity Scheme - Sectoral/ Thematic
119018,HDFC Large Cap Fund - Growth Option - Direct Plan,2013-01-01,2026-08-14,3352,0.1325594602751891,0.1702211796745795,0.4821112615608566,-0.4081167518288423,Large Cap,HDFC Mutual Fund,Equity Scheme - Large Cap Fund
130498,HDFC Large and Mid Cap Fund - Growth Option - Direct Plan,2014-06-30,2026-08-14,2983,0.1332889358143285,0.1669236599477002,0.4928145597537452,-0.3948977562721637,Mid Cap,HDFC Mutual Fund,Equity Scheme - Large & Mid Cap Fund
151313,HDFC Long Duration Debt Fund - Growth Option - Direct Plan,2023-01-20,2026-08-14,862,0.0712410626288329,0.0413439903265175,0.3062834324150131,-0.0598813790478606,Long Duration,HDFC Mutual Fund,Debt Scheme - Long Duration Fund
118929,HDFC Long Term Advantage Plan - Growth Option - Direct Plan,2013-01-01,2022-01-14,2225,0.1727813300310228,0.1655074365354421,0.7070977610276437,-0.3962648548324952,ELSS,HDFC Mutual Fund,Equity Scheme - ELSS
151458,HDFC MNC Fund - Growth Option - Direct Plan,2023-03-09,2026-08-14,844,0.1238470632426387,0.1235238694038749,0.5464214664598211,-0.2452854230377166,Sectoral,HDFC Mutual Fund,Equity Scheme - Sectoral/ Thematic
152600,HDFC Manufacturing fund - Growth Option - Direct Plan,2024-05-16,2026-08-14,555,0.0932377762637872,0.161537331063526,0.2731900322882948,-0.2153752816779337,Sectoral,HDFC Mutual Fund,Equity Scheme - Sectoral/ Thematic
119081,HDFC Medium Term Debt Fund - Growth Option - Direct Plan,2013-01-01,2026-08-14,3290,0.0817455305393644,0.0175087549327528,1.2643104102756144,-0.0347113622223343,Medium Duration,HDFC Mutual Fund,Debt Scheme - Medium Duration Fund
118989,HDFC Mid Cap Fund - Growth Option - Direct Plan,2013-01-01,2026-08-14,3352,0.2043471960780913,0.1563728547276727,0.9131211837926724,-0.3951323148061361,Mid Cap,HDFC Mutual Fund,Equity Scheme - Mid Cap Fund
149368,HDFC Multi Cap Fund - Growth Option - Direct Plan,2021-12-10,2026-08-14,1153,0.1610234641199697,0.1465849067062422,0.7064321605710009,-0.202040034479456,Multi Cap,HDFC Mutual Fund,Equity Scheme - Multi Cap Fund
148903,HDFC Multi-Asset Active FOF - Growth Option -Direct Plan,2021-05-05,2026-08-14,1303,0.1508009984960767,0.0730482380257939,1.179177600883809,-0.0883930281555257,Fund of Funds,HDFC Mutual Fund,Other Scheme - FoF Domestic
119131,HDFC Multi-Asset Fund - Growth Option - Direct Plan,2013-01-01,2026-08-14,3323,0.1163609115792805,0.0805814063668227,0.7071371193333348,-0.2708068702711658,Multi Asset,HDFC Mutual Fund,Hybrid Scheme - Multi Asset Allocation
149868,HDFC NIFTY 100 Index Fund - Direct Plan - Growth Option,2022-02-23,2026-08-14,1101,0.0992865038307728,0.1388376450622195,0.3358730254102579,-0.1733967782773824,Index,HDFC Mutual Fund,Other Scheme - Index Funds
152889,HDFC NIFTY LargeMidcap 250 Index Fund - Growth Option - Direct,2024-10-09,2026-08-14,456,0.019106253238871,0.1507936042122501,-0.1942965581911356,-0.1674700591363117,Index,HDFC Mutual Fund,Other Scheme - Index Funds
151724,HDFC NIFTY Midcap 150 Index Fund - Growth Option - Direct Plan,2023-04-21,2026-08-14,817,0.2332558032156209,0.1649754469226369,1.0209506677088005,-0.2107660995720697,Index,HDFC Mutual Fund,Other Scheme - Index Funds
149288,HDFC NIFTY Next 50 Index Fund - Direct Plan - Growth Option,2021-11-03,2026-08-14,1177,0.126329121903818,0.1802696487498378,0.4336015789899486,-0.2667360179583345,Index,HDFC Mutual Fund,Other Scheme - Index Funds
151727,HDFC NIFTY Smallcap 250 Index Fund - Growth Option - Direct Plan,2023-04-21,2026-08-14,817,0.2318468502447441,0.1839608783492913,0.9274128957266774,-0.2618520509040348,Index,HDFC Mutual Fund,Other Scheme - Index Funds
149107,HDFC NIFTY50 Equal weight Index Fund - Direct Plan - Growth Option,2021-08-20,2026-08-14,1228,0.1369588327806385,0.1394749579591787,0.5817154739377013,-0.1802805127743887,Index,HDFC Mutual Fund,Other Scheme - Index Funds
149870,HDFC Nifty 100 Equal Weight Index Fund - Direct Plan - Growth Option,2022-02-23,2026-08-14,1101,0.1404950306631045,0.1509506179257543,0.5705207768680569,-0.2159580851631256,Index,HDFC Mutual Fund,Other Scheme - Index Funds
151495,HDFC Nifty G-Sec Apr 2029 Index Fund - Growth Option - Direct Plan,2023-03-10,2026-08-14,829,0.0809474016908848,0.0158588754407995,1.3498504745633026,-0.0094049528578694,Index,HDFC Mutual Fund,Other Scheme - Index Funds
150847,HDFC Nifty G-Sec July 2031 Index Fund - Growth Option - Direct Plan,2022-11-10,2026-08-14,913,0.0823470536107833,0.0226518521723729,0.9916653615961808,-0.0218287913967982,Index,HDFC Mutual Fund,Other Scheme - Index Funds
151181,HDFC Nifty G-Sec Jun 2027 Index Fund - Growth Option - Direct Plan,2022-12-09,2026-08-14,892,0.0735945287280248,0.0109513250957661,1.276044613634383,-0.0060240963855421,Index,HDFC Mutual Fund,Other Scheme - Index Funds
151489,HDFC Nifty G-Sec Jun 2036 Index Fund - Growth Option - Direct Plan,2023-03-15,2026-08-14,826,0.0866090847402363,0.0317424916495963,0.857172110462797,-0.0318092219688478,Index,HDFC Mutual Fund,Other Scheme - Index Funds
151183,HDFC Nifty G-Sec Sep 2032 Index Fund - Growth Option - Direct Plan,2022-12-09,2026-08-14,892,0.0820703664260218,0.0243515726435503,0.9197392043366696,-0.0227975359849507,Index,HDFC Mutual Fund,Other Scheme - Index Funds
153097,HDFC Nifty India Digital Index Fund - Growth Option - Direct,2024-12-11,2026-08-14,414,-0.0662839970426192,0.1892585096730564,-0.5923313293134802,-0.2754697926773727,Index,HDFC Mutual Fund,Other Scheme - Index Funds
152082,HDFC Pharma and Healthcare Fund - Growth Option - Direct Plan,2023-10-04,2026-08-14,705,0.3222373948361401,0.1410919574050961,1.6739708398134894,-0.1491303599104528,Sectoral,HDFC Mutual Fund,Equity Scheme - Sectoral/ Thematic
136094,HDFC Retirement Savings Fund - Equity Plan - Growth Option - Direct Plan,2016-02-26,2026-08-14,2577,0.1798024355476097,0.1402003500235069,0.850441609659182,-0.3489321108696804,Retirement,HDFC Mutual Fund,Solution Oriented Scheme - Retirement Fund
136465,HDFC Retirement Savings Fund - Hybrid-Debt Plan - Growth Option - Direct Plan,2016-02-26,2026-08-14,2532,0.0915291161383737,0.035402154054033,0.900764467366544,-0.0783717982253164,Retirement,HDFC Mutual Fund,Solution Oriented Scheme - Retirement Fund
136464,HDFC Retirement Savings Fund - Hybrid-Equity Plan - Growth Option - Direct Plan,2016-02-26,2026-08-14,2577,0.1500421647283512,0.1083962511559528,0.8215942871358191,-0.2750307371572139,Retirement,HDFC Mutual Fund,Solution Oriented Scheme - Retirement Fund
119016,HDFC Short Term  Debt Fund - Growth Option - Direct Plan,2013-01-01,2026-08-14,3290,0.0798866398287778,0.0133788081389351,1.5156609336881113,-0.0267040786000245,Short Duration,HDFC Mutual Fund,Debt Scheme - Short Duration Fund
150737,HDFC Silver ETF Fund of Fund - Growth Option - Direct Plan,2022-10-28,2026-08-14,936,0.4246061043109079,0.377076244108003,0.9968862243654908,-0.4600041046490036,Fund of Funds,HDFC Mutual Fund,Other Scheme - FoF Domestic
130503,HDFC Small Cap Fund - Growth Option - Direct Plan,2014-06-30,2026-08-14,2983,0.1824458939802629,0.1647407494926832,0.7614126389533852,-0.4825565334070011,Small Cap,HDFC Mutual Fund,Equity Scheme - Small Cap Fund
152059,HDFC Technology Fund - Growth Option - Direct Plan,2023-09-08,2026-08-14,720,0.0814850968334262,0.1763464563143488,0.2043222349312521,-0.3060105765510126,Sectoral,HDFC Mutual Fund,Equity Scheme - Sectoral/ Thematic
151901,HDFC Transportation and Logistics Fund - Growth Option - Direct Plan,2023-08-17,2026-08-14,736,0.2773212516494292,0.1696153573427709,1.2123300449292402,-0.2350063312996431,Sectoral,HDFC Mutual Fund,Equity Scheme - Sectoral/ Thematic
118935,HDFC Value Fund - Growth Option - Direct Plan,2013-01-01,2026-08-14,3352,0.1613038785308425,0.1586053635665326,0.6674086474274018,-0.4389577455275592,Value,HDFC Mutual Fund,Equity Scheme - Value Fund
129200,HSBC Aggressive Hybrid Active FOF - Growth Direct,2014-05-05,2026-08-14,2972,0.1322250952418051,0.1320940767385434,0.5913949367190376,-0.3105814261042739,Value,HSBC Mutual Fund,Equity Schemes - Value Fund
151122,HSBC Aggressive Hybrid Fund - Direct Growth,2022-11-28,2026-08-14,915,0.1486847347976911,0.1256251730967053,0.714425792224613,-0.1958713203176755,Aggressive Hybrid,HSBC Mutual Fund,Hybrid Schemes - Aggressive Hybrid Fund
151129,HSBC Balanced Advantage Fund - Direct Growth,2022-11-28,2026-08-14,915,0.1111489111183468,0.0659706556914808,0.7579315926118552,-0.0866719098802799,Balanced Advantage,HSBC Mutual Fund,Hybrid Schemes - Balanced Advantage Fund/ Dynamic Asset Allocation
120035,HSBC Brazil Fund - Growth Direct,2013-01-03,2026-08-14,3087,0.0041473144284671,0.3284694608448611,-0.0035661251840132,-0.650809610988323,Fund of Funds,HSBC Mutual Fund,Overseas Fund of Funds - Fund of Funds investing overseas
151142,HSBC Business Cycles Fund - Direct Growth,2022-11-28,2026-08-14,915,0.1817587696431963,0.1691617991395451,0.7404122112544288,-0.2340833281329577,Thematic,HSBC Mutual Fund,Equity Schemes - Thematic Fund
149966,HSBC CRISIL IBX 50:50 Gilt Plus SDL Apr 2028 Index Fund - Direct - Growth,2022-04-04,2026-08-14,1059,0.0684855096550405,0.0154566066494489,0.578566046786345,-0.0236072520838747,Index,HSBC Mutual Fund,Other Scheme - Index Funds
120073,HSBC Conservative Hybrid Fund - Direct Growth,2013-01-11,2026-08-14,3281,0.0891138395273571,0.0495702156442896,0.6125048721930705,-0.1037661305178246,Conservative Hybrid,HSBC Mutual Fund,Hybrid Schemes - Conservative Hybrid Fund
152032,HSBC Consumption Fund - Direct Growth,2023-09-04,2026-08-14,724,0.1747509197740975,0.1503112056363395,0.7754722910405355,-0.2120250600006233,Thematic,HSBC Mutual Fund,Equity Schemes - Thematic Fund
150996,HSBC Corporate Bond Fund - Direct Growth,2022-11-28,2026-08-14,901,0.0741605374214797,0.0113937467160217,1.262684688917061,-0.0071342689308667,Corporate Bond,HSBC Mutual Fund,Income/Debt Oriented Schemes - Corporate Bond Fund
151045,HSBC Credit Risk Fund - Direct Growth,2022-11-28,2026-08-14,901,0.1103007215981091,0.0589784712598204,0.8533602574553524,-0.0038046356267058,Credit Risk,HSBC Mutual Fund,Income/Debt Oriented Schemes - Credit Risk Fund
151087,HSBC Dynamic Bond Fund - Direct Growth,2022-11-28,2026-08-14,901,0.0712344042672661,0.0209596940247536,0.5585464384140368,-0.0196226786494183,Dynamic Bond,HSBC Mutual Fund,Income/Debt Oriented Schemes - Dynamic Term Fund
151078,HSBC ELSS Tax saver Fund - Direct Growth,2022-11-28,2026-08-14,915,0.174563098819638,0.1549338034906444,0.7530441599174428,-0.1920813360176557,ELSS,HSBC Mutual Fund,Equity Scheme - ELSS
151060,HSBC Equity Savings Fund - Direct Growth,2022-11-28,2026-08-14,915,0.1383368610264765,0.0662165676779555,1.1289680203253123,-0.1153383375503207,Equity Savings,HSBC Mutual Fund,Hybrid Scheme - Equity Savings
153266,HSBC Financial Services Fund - Direct Growth,2025-03-04,2026-08-14,357,0.1890937507499608,0.171788158605695,0.7681777907870805,-0.1478445084975351,Sectoral,HSBC Mutual Fund,Equity Scheme - Sectoral/ Thematic
120046,HSBC Flexi Cap Fund - Direct Growth,2013-01-02,2026-08-14,3351,0.1523191959733687,0.1697926102210576,0.5873744794411822,-0.3978750558809009,Flexi Cap,HSBC Mutual Fund,Equity Scheme - Flexi Cap Fund
148411,HSBC Focused Fund - Direct Growth,2020-07-29,2026-08-14,1492,0.1986767370633173,0.1575018003185608,0.8734201246773147,-0.2121371911978998,Focused,HSBC Mutual Fund,Equity Scheme - Focused Fund
151014,HSBC Gilt Fund - Direct Growth,2022-11-28,2026-08-14,901,0.0654111467085418,0.0287376002575313,0.2170147749504225,-0.0357923397981644,Gilt,HSBC Mutual Fund,Debt Scheme - Gilt Fund
120043,HSBC Global Emerging Market Fund - Growth Direct,2013-01-03,2026-08-14,3029,0.0923404209566927,0.1745237430512292,0.3168880026249298,-0.3459137925982359,Fund of Funds,HSBC Mutual Fund,Other Scheme - FoF Overseas
129197,HSBC Income Plus Arbitrage Active FOF - Growth Direct,2014-05-05,2026-08-14,2966,0.0742877342513887,0.0326572182502706,0.4689420951858616,-0.0514980979029773,Fund of Funds,HSBC Mutual Fund,Other Scheme - FoF Domestic
152829,HSBC India Export Opportunities Fund - Direct Growth,2024-09-30,2026-08-14,462,0.1005386991431633,0.1609476264155953,0.3161774008735705,-0.2054891936305366,Sectoral,HSBC Mutual Fund,Equity Scheme - Sectoral/ Thematic
151040,HSBC Infrastructure Fund - Direct Growth,2022-11-28,2026-08-14,915,0.2196137266397324,0.1789133102588952,0.8903783881590218,-0.253462374209328,Sectoral,HSBC Mutual Fund,Equity Scheme - Sectoral/ Thematic
146772,HSBC Large & Mid Cap Fund - Direct Growth,2019-04-04,2026-08-14,1813,0.1775043869858017,0.1844324929079448,0.6752705537769321,-0.3610361818443389,Mid Cap,HSBC Mutual Fund,Equity Scheme - Large & Mid Cap Fund
120030,HSBC Large Cap Fund - Direct Growth,2013-01-02,2026-08-14,3351,0.126076325666008,0.1639730195955389,0.4582308128161523,-0.3604672401203603,Large Cap,HSBC Mutual Fund,Equity Scheme - Large Cap Fund
151146,HSBC Medium Duration Fund - Direct Growth,2022-11-28,2026-08-14,901,0.0805999565758639,0.0118330669269214,1.7410708869448646,-0.0058160523043598,Medium Duration,HSBC Mutual Fund,Debt Scheme - Medium Duration Fund
120059,HSBC Medium to Long Duration Fund - Direct Growth,2013-01-08,2026-08-14,3284,0.0683682009283896,0.0332426012309957,0.2881816105078993,-0.0883784982377517,Long Duration,HSBC Mutual Fund,Debt Scheme - Medium to Long Duration Fund
151036,HSBC Midcap Fund - Direct Growth,2022-11-28,2026-08-14,915,0.2541175680976948,0.1711313121916731,1.0894199155925168,-0.2596046912079705,Mid Cap,HSBC Mutual Fund,Equity Scheme - Mid Cap Fund
129193,HSBC Multi Asset Active FOF - Growth Direct,2014-05-05,2026-08-14,2972,0.1302241000372737,0.110365156648375,0.6670459484540769,-0.2538845711858222,Fund of Funds,HSBC Mutual Fund,Other Scheme - FoF Domestic
152380,HSBC Multi Asset Allocation Fund - Direct - Growth,2024-03-01,2026-08-14,604,0.1608975684214373,0.1437917296723806,0.719013001843852,-0.1868717528244022,Multi Asset,HSBC Mutual Fund,Hybrid Scheme - Multi Asset Allocation
151290,HSBC Multi Cap Fund - Direct - Growth,2023-02-03,2026-08-14,867,0.2403239584224434,0.1523046689579794,1.134206485780994,-0.200742863418969,Multi Cap,HSBC Mutual Fund,Equity Scheme - Multi Cap Fund
151157,HSBC NIFTY 50 INDEX FUND - Direct Growth,2022-11-28,2026-08-14,915,0.0860665320043312,0.1262664804174854,0.2568962128291956,-0.155103232643366,Index,HSBC Mutual Fund,Other Scheme - Index Funds
151160,HSBC NIFTY NEXT 50 INDEX FUND - Direct Growth,2022-11-28,2026-08-14,915,0.1623584467803984,0.174633086601931,0.6257295642127361,-0.2659466110875605,Index,HSBC Mutual Fund,Other Scheme - Index Funds
151130,HSBC Small Cap Fund - Direct Growth,2022-11-28,2026-08-14,915,0.1965155695520191,0.1724603096775437,0.8030664683788808,-0.2716391483334071,Small Cap,HSBC Mutual Fund,Equity Scheme - Small Cap Fund
151113,HSBC Value Fund - Direct Growth,2022-11-28,2026-08-14,915,0.1975196241864081,0.1512577449037191,0.8986496076864523,-0.196056134040513,Value,HSBC Mutual Fund,Equity Scheme - Value Fund
152509,Helios Balanced Advantage Fund- Direct Plan- Growth Option,2024-03-28,2026-08-14,587,0.0764992192959681,0.1064941744310289,0.1982549523668574,-0.1105354058721933,Balanced Advantage,Helios Mutual Fund,Hybrid Schemes - Balanced Advantage Fund/ Dynamic Asset Allocation
152679,Helios Financial Services Fund - Direct Plan - Growth Option,2024-06-25,2026-08-14,529,0.0790732966129796,0.1739172574772026,0.1877854116410918,-0.1767554479418887,Sectoral,Helios Mutual Fund,Equity Schemes - Sectoral Fund
152135,Helios Flexi Cap Fund - Direct Plan - Growth Option,2023-11-15,2026-08-14,678,0.1845046057887311,0.1647707959850319,0.7694376045999352,-0.1823020625415835,Flexi Cap,Helios Mutual Fund,Equity Schemes - Flexi Cap Fund
152941,Helios Large & Mid Cap Fund - Direct Plan - Growth Option,2024-11-04,2026-08-14,439,0.1015789409823264,0.1604684299150589,0.3217055199562462,-0.1803738317757008,Mid Cap,Helios Mutual Fund,Equity Schemes - Large & Mid Cap Fund
153326,Helios Mid Cap Fund - Direct Plan - Growth Option,2025-03-17,2026-08-14,349,0.2730916753889281,0.1628154486484101,1.2275557000924453,-0.1674242424242423,Mid Cap,Helios Mutual Fund,Equity Schemes - Mid Cap Fund
152728,ICICI PRUDENTIAL ENERGY OPPORTUNITIES FUND - Direct Plan - Growth,2024-07-23,2026-08-14,510,0.0862186291812876,0.1448189617806826,0.2402611134726501,-0.1873804971319312,Sectoral,ICICI Prudential Mutual Fund,Equity Scheme - Sectoral/ Thematic
150310,ICICI PRUDENTIAL HOUSING OPPORTUNITIES FUND - Direct Plan Growth,2022-04-19,2026-08-14,1066,0.1522405020279413,0.1262945004812669,0.7356311247898517,-0.1668478260869564,Sectoral,ICICI Prudential Mutual Fund,Equity Scheme - Sectoral/ Thematic
150685,ICICI PRUDENTIAL TRANSPORTATION AND LOGISTICS FUND - Direct Plan - Growth,2022-10-31,2026-08-14,934,0.2596848039115409,0.1593691055264147,1.1853287284859146,-0.2358309317963496,Sectoral,ICICI Prudential Mutual Fund,Equity Scheme - Sectoral/ Thematic
153684,ICICI Prudential Active Momentum Fund - Direct Plan - Growth,2025-07-28,2026-08-14,258,0.1136101443579811,0.1221703810654597,0.4732818354800882,-0.1100917431192661,Sectoral,ICICI Prudential Mutual Fund,Equity Scheme - Sectoral/ Thematic
120700,ICICI Prudential Aggressive Hybrid Active FOF - Direct Plan - Growth,2013-04-05,2026-08-14,2803,0.1550924385820438,0.1646806295699829,0.7640753890492247,-0.357398515250675,Fund of Funds,ICICI Prudential Mutual Fund,Other Scheme - FoF Domestic
120603,ICICI Prudential All Seasons Bond Fund - Direct Plan - Growth,2013-01-03,2026-08-14,3288,0.0945708918633161,0.0249347233611187,1.388146111359206,-0.0358929166865145,Dynamic Bond,ICICI Prudential Mutual Fund,Debt Scheme - Dynamic Bond
120364,ICICI Prudential Arbitrage Fund - Direct Plan - Growth,2013-01-08,2026-08-14,3347,0.070204627643656,0.0103773589308237,0.9193320460038578,-0.0060011907414374,Arbitrage,ICICI Prudential Mutual Fund,Hybrid Scheme - Arbitrage Fund
149331,ICICI Prudential BSE 500 ETF FOF - Direct Plan - Growth,2021-12-02,2026-08-14,1159,0.1059715256500624,0.1393700050292269,0.3784122400771676,-0.1943005643535504,Fund of Funds,ICICI Prudential Mutual Fund,Other Scheme - FoF Domestic
120377,ICICI Prudential Balanced Advantage Fund - Direct Plan -  Growth,2013-01-02,2026-08-14,3351,0.1282282623733901,0.0897973220140066,0.7531592654954319,-0.2702572733830247,Balanced Advantage,ICICI Prudential Mutual Fund,Hybrid Scheme - Dynamic Asset Allocation or Balanced Advantage
120244,ICICI Prudential Banking and Financial Services Fund - Direct Plan -  Growth,2013-01-02,2026-08-14,3351,0.1451539758925615,0.198361239349669,0.4975611289651751,-0.4775670372792675,Sectoral,ICICI Prudential Mutual Fund,Equity Scheme - Sectoral/ Thematic
120256,ICICI Prudential Banking and PSU Debt Fund - Direct Plan -  Growth,2013-03-14,2026-08-14,3239,0.0808137688083843,0.0169838351152378,1.254894404524164,-0.0288476512355162,Banking & PSU,ICICI Prudential Mutual Fund,Debt Scheme - Banking and PSU Fund
146951,ICICI Prudential Bharat Consumption Fund - Direct Plan - Growth Option,2019-04-15,2026-08-14,1806,0.1499927883697698,0.1550555725134847,0.6139617265983086,-0.3134461264470169,Sectoral,ICICI Prudential Mutual Fund,Equity Scheme - Sectoral/ Thematic
120300,ICICI Prudential Blended Plan B - Direct Plan -  Growth Option - I,2013-01-03,2016-10-07,904,0.093441072451107,0.0263270779149118,1.2942924287713966,-0.0498521776950731,Debt,ICICI Prudential Mutual Fund,Income
120619,ICICI Prudential Bond Fund - Direct Plan - Growth,2013-01-03,2026-08-14,3287,0.0800678791782387,0.0314382591491858,0.6647691188168904,-0.1020225586331503,Long Duration,ICICI Prudential Mutual Fund,Debt Scheme - Medium to Long Duration Fund
148651,ICICI Prudential Business Cycle Fund Direct Plan Growth,2021-01-19,2026-08-14,1371,0.1922676128506255,0.1277126087901199,1.0044283776742404,-0.1438651509212074,Sectoral,ICICI Prudential Mutual Fund,Equity Scheme - Sectoral/ Thematic
147662,ICICI Prudential Commodities Fund - Direct Plan - Growth Option,2019-10-16,2026-08-14,1685,0.2714001673167359,0.2311419217772046,0.9188593188325488,-0.4120370370370371,Sectoral,ICICI Prudential Mutual Fund,Equity Scheme - Sectoral/ Thematic
131061,ICICI Prudential Constant Maturity Gilt Fund - Direct Plan - Growth,2014-11-05,2026-08-14,2849,0.0842486062870104,0.0381474890033895,0.6553702903718722,-0.0468211804542004,Gilt,ICICI Prudential Mutual Fund,Debt Scheme - Gilt Fund with 10 year constant duration
120692,ICICI Prudential Corporate Bond Fund - Direct Plan - Growth,2013-01-03,2026-08-14,3288,0.0812851101139464,0.0118730040680071,1.821456643937605,-0.020074739944038,Corporate Bond,ICICI Prudential Mutual Fund,Debt Scheme - Corporate Bond Fund
120711,ICICI Prudential Credit Risk Fund - Direct Plan - Growth,2013-01-03,2026-08-14,3287,0.0898042746457803,0.0145032898903002,2.060189269931846,-0.0293316821858652,Credit Risk,ICICI Prudential Mutual Fund,Debt Scheme - Credit Risk Fund
120702,ICICI Prudential Diversified Debt Strategy Active FOF  - Direct Plan - Growth,2013-01-04,2026-08-14,3259,0.0809220085511777,0.0200486913479209,1.1028761121983677,-0.0464174403816446,Fund of Funds,ICICI Prudential Mutual Fund,Other Scheme - FoF Domestic
148035,ICICI Prudential Diversified Equity All Cap Omni FOF - Direct Plan - Growth,2020-02-26,2026-08-14,1568,0.2066450540875961,0.1574354078138353,0.9391025305507384,-0.3141184781511758,Fund of Funds,ICICI Prudential Mutual Fund,Other Scheme - FoF Domestic
120679,ICICI Prudential Dynamic Asset Allocation Active FOF - Direct Plan - Growth,2013-01-11,2026-08-14,3313,0.1228359230864961,0.0911669922026161,0.7018946352221638,-0.2635124313883455,Fund of Funds,ICICI Prudential Mutual Fund,Other Scheme - FoF Domestic
120582,ICICI Prudential Dynamic Bond Fund - Direct Plan -  Growth,2013-01-02,2018-05-25,1298,0.0916508340386126,0.0376232800868313,0.8657526723716078,-0.0756217667761786,Debt,ICICI Prudential Mutual Fund,Income
120592,ICICI Prudential ELSS Tax Saver Fund - Direct Plan - Growth,2013-01-02,2026-08-14,3351,0.1490536197238681,0.1491926989212351,0.6268243529293269,-0.3751336525498583,ELSS,ICICI Prudential Mutual Fund,Equity Scheme - ELSS
148516,ICICI Prudential ESG Exclusionary Strategy Fund - Direct Plan - Growth,2020-10-12,2026-08-14,1439,0.1570407457204801,0.1243025562423478,0.7802442788867723,-0.1917808219178081,Sectoral,ICICI Prudential Mutual Fund,Equity Scheme - Sectoral/ Thematic
120251,ICICI Prudential Equity & Debt Fund - Direct Plan - Growth,2013-01-02,2026-08-14,3351,0.165998835738808,0.1189293931591825,0.8780045000684032,-0.3070152562263658,Aggressive Hybrid,ICICI Prudential Mutual Fund,Hybrid Scheme - Aggressive Hybrid Fund
153070,ICICI Prudential Equity Minimum Variance Fund - Direct Plan - Growth,2024-12-09,2026-08-14,416,0.0468779803713856,0.1163937201829849,-0.056274926907092,-0.1400881057268722,Sectoral,ICICI Prudential Mutual Fund,Equity Scheme - Sectoral/ Thematic
120688,ICICI Prudential Exports & Services Fund - Direct Plan - Growth,2013-01-08,2026-08-14,3346,0.1825424017174006,0.1430932172917763,0.8533709148257131,-0.3749417068241877,Sectoral,ICICI Prudential Mutual Fund,Equity Scheme - Sectoral/ Thematic
120587,ICICI Prudential FMCG Fund - Direct Plan -  Growth,2013-01-02,2026-08-14,3350,0.1132076000641275,0.1420386842202521,0.4224349148029054,-0.2959168793292016,Sectoral,ICICI Prudential Mutual Fund,Equity Scheme - Sectoral/ Thematic
148990,ICICI Prudential Flexicap Fund - Direct Plan - Growth,2021-07-19,2026-08-14,1250,0.1713654611086412,0.1357110654555868,0.8184656140535617,-0.1971014492753622,Flexi Cap,ICICI Prudential Mutual Fund,Equity Scheme - Flexi Cap Fund
120722,ICICI Prudential Focused Equity Fund - Direct Plan - Growth,2013-01-10,2026-08-14,3345,0.1570216888662983,0.1509326427954347,0.6681723589289682,-0.3414921851961073,Focused,ICICI Prudential Mutual Fund,Equity Scheme - Focused Fund
120590,ICICI Prudential Gilt Fund - Direct Plan - Growth,2013-01-02,2026-08-14,3288,0.0850041043625338,0.0442386626217408,0.590782929166007,-0.1230894477280427,Gilt,ICICI Prudential Mutual Fund,Debt Scheme - Gilt Fund
120605,ICICI Prudential Gilt Fund Investment Plan PF Option - Direct Plan -Growth Option,2013-01-02,2018-05-25,1298,0.0931612090740185,0.0556340925354826,0.6266259540609999,-0.1257145701792958,Gilt,ICICI Prudential Mutual Fund,Gilt
120611,ICICI Prudential Gilt Fund Treasury Plan PF Option - Direct Plan -Growth Option,2013-02-26,2018-05-25,1251,0.0662424355330222,0.0417800489552019,0.2068152019160945,-0.0494734719831261,Gilt,ICICI Prudential Mutual Fund,Gilt
147648,ICICI Prudential Global Advantage Fund (FOF) - Direct Plan - Growth Option,2019-10-09,2026-08-14,1600,0.1348709719033223,0.1433150924281273,0.6059471805174981,-0.2706231982305853,Fund of Funds,ICICI Prudential Mutual Fund,Other Scheme - FoF Domestic
123654,ICICI Prudential Global Stable Equity Fund (FOF) - Direct - Growth,2013-09-17,2026-08-14,2953,0.1068314812823592,0.1262637448031097,0.4737963102646446,-0.2615894039735099,Fund of Funds,ICICI Prudential Mutual Fund,Other Scheme - FoF Overseas
120685,ICICI Prudential Gold ETF FOF - Direct Plan - Growth,2013-01-02,2026-08-14,3292,0.1131090109234724,0.1683421927933039,0.3916247916651043,-0.2579677297312446,Fund of Funds,ICICI Prudential Mutual Fund,Other Scheme - FoF Domestic
120313,ICICI Prudential Income plus Arbitrage Omni FOF - Direct Plan - Growth,2013-04-08,2026-08-14,3224,0.0956087013190021,0.0580551113713931,0.6375878715746907,-0.1400431111157617,Fund of Funds,ICICI Prudential Mutual Fund,Other Scheme - FoF Domestic
120621,ICICI Prudential Infrastructure Fund - Direct Plan -  Growth,2013-01-02,2026-08-14,3351,0.1641294123889716,0.1785731605885425,0.6255843361129196,-0.4683040159309658,Sectoral,ICICI Prudential Mutual Fund,Equity Scheme - Sectoral/ Thematic
151580,ICICI Prudential Innovation Fund - Direct Plan - Growth,2023-05-02,2026-08-14,810,0.2443468469266181,0.1207016906297626,1.4176610413929671,-0.1650992685475444,Sectoral,ICICI Prudential Mutual Fund,Equity Scheme - Sectoral/ Thematic
120596,ICICI Prudential Large & Mid Cap Fund - Direct Plan - Growth,2013-01-02,2026-08-14,3351,0.1619807585678676,0.1528777415598542,0.6904067110369276,-0.3741864916598304,Mid Cap,ICICI Prudential Mutual Fund,Equity Scheme - Large & Mid Cap Fund
120586,ICICI Prudential Large Cap Fund (erstwhile Bluechip Fund) - Direct Plan - Growth,2013-01-02,2026-08-14,3351,0.147386796448756,0.1525677610509305,0.6065266628556844,-0.373022481265612,Large Cap,ICICI Prudential Mutual Fund,Equity Scheme - Large Cap Fund
120743,ICICI Prudential Long Term Bond Fund - Direct Plan - Growth,2013-01-02,2026-08-14,3288,0.0792048466822714,0.0449037001260994,0.4581032267330548,-0.1203107988976539,Long Duration,ICICI Prudential Mutual Fund,Debt Scheme - Long Duration Fund
120668,ICICI Prudential MIP - Direct Plan -  Growth,2013-01-03,2018-05-25,1297,0.099879945858704,0.0426236767764792,0.9541562296714292,-0.0813511931231064,Debt,ICICI Prudential Mutual Fund,Income
147346,ICICI Prudential MNC Fund - Direct Plan - Growth Option,2019-06-18,2026-08-14,1764,0.1880677004182429,0.1352436215852805,0.9283035028289134,-0.3073394495412844,Sectoral,ICICI Prudential Mutual Fund,Equity Scheme - Sectoral/ Thematic
120670,ICICI Prudential Medium Term Bond Fund - Direct Plan - Growth,2013-01-24,2026-08-14,3272,0.0856711844403919,0.0193042862864743,1.3480271178382066,-0.0513509140915707,Medium Duration,ICICI Prudential Mutual Fund,Debt Scheme - Medium Duration Fund
120381,ICICI Prudential MidCap Fund - Direct Plan -  Growth,2013-01-02,2026-08-14,3351,0.1953867214660054,0.1700801072634736,0.8078164054478767,-0.4403892944038928,Mid Cap,ICICI Prudential Mutual Fund,Equity Scheme - Mid Cap Fund
120242,ICICI Prudential Multi Sector Passive FOF - Direct Plan - Growth,2013-01-02,2026-08-14,3351,0.1255273194703545,0.1323709157017609,0.5281245933713848,-0.3487890786040578,Fund of Funds,ICICI Prudential Mutual Fund,Other Scheme - FoF Domestic
120334,ICICI Prudential Multi-Asset Fund - Direct Plan - Growth,2013-01-02,2026-08-14,3349,0.1623584350505904,0.1178072845925865,0.8587763677755744,-0.3060866741546137,Multi Asset,ICICI Prudential Mutual Fund,Hybrid Scheme - Multi Asset Allocation
120599,ICICI Prudential Multicap Fund - Direct Plan -  Growth,2013-01-02,2026-08-14,3351,0.164092072226661,0.1539882050808201,0.6986149593291457,-0.388783618581907,Multi Cap,ICICI Prudential Mutual Fund,Equity Scheme - Multi Cap Fund
149219,ICICI Prudential NASDAQ 100 Index Fund - Direct Plan - Growth,2021-10-19,2026-08-14,1145,0.2070458566707336,0.2412457066119071,0.6997543232987916,-0.3003754114731664,Index,ICICI Prudential Mutual Fund,Other Scheme - Index Funds
148822,ICICI Prudential Nifty 100 Low Volatility 30 ETF FOF - Direct Plan - Growth,2021-04-13,2026-08-14,1316,0.1265651838536419,0.1154623635943536,0.5937850234574971,-0.1832340468497576,Fund of Funds,ICICI Prudential Mutual Fund,Other Scheme - FoF Domestic
150452,ICICI Prudential Nifty 200 Momentum 30 Index Fund - Direct Plan - Growth,2022-08-08,2026-08-14,988,0.1365140943343978,0.1823003536881662,0.4824505575515291,-0.3182426899176261,Index,ICICI Prudential Mutual Fund,Other Scheme - Index Funds
153161,ICICI Prudential Nifty 500 Index Fund - Direct Plan - Growth,2024-12-23,2026-08-14,406,0.0380662213516311,0.1437441237301256,-0.0804514730715994,-0.147457627118644,Index,ICICI Prudential Mutual Fund,Other Scheme - Index Funds
149158,ICICI Prudential Nifty Alpha Low - Volatility 30 ETF FOF - Direct Plan - Growth,2021-09-21,2026-08-14,1207,0.0929739161906608,0.1319331566206067,0.3006388572564187,-0.2507559517093534,Fund of Funds,ICICI Prudential Mutual Fund,Other Scheme - FoF Domestic
150643,ICICI Prudential Nifty Auto Index Fund - Direct Plan - Growth,2022-10-12,2026-08-14,945,0.2488275914461029,0.1803547499972889,1.0204030084323985,-0.2832903789796944,Index,ICICI Prudential Mutual Fund,Other Scheme - Index Funds
149858,ICICI Prudential Nifty Bank Index Fund - Direct Plan Growth,2022-03-03,2026-08-14,1096,0.1237956404291762,0.1629474715283184,0.4469045592770211,-0.1831186601680444,Index,ICICI Prudential Mutual Fund,Other Scheme - Index Funds
153394,ICICI Prudential Nifty EV & New Age Automotive ETF FOF - Direct Plan - Growth,2025-04-21,2026-08-14,327,0.1911842229263427,0.1811070193968474,0.7404881129737604,-0.1962114558741772,Fund of Funds,ICICI Prudential Mutual Fund,Other Scheme - FoF Domestic
150733,ICICI Prudential Nifty G-Sec Dec 2030 Index Fund - Direct Plan - Growth,2022-10-12,2026-08-14,930,0.0815165239369961,0.0206734159109481,1.0555103598144628,-0.0185289334083205,Index,ICICI Prudential Mutual Fund,Other Scheme - Index Funds
150468,ICICI Prudential Nifty IT Index Fund - Direct Plan - Growth,2022-08-19,2026-08-14,981,0.0276471873496577,0.2140636661334279,-0.0427572406757439,-0.4221215109223301,Index,ICICI Prudential Mutual Fund,Other Scheme - Index Funds
152482,ICICI Prudential Nifty LargeMidcap 250 Index Fund - Direct Plan - Growth,2024-03-14,2026-08-14,596,0.098271305206665,0.1544100174934262,0.3105259067729599,-0.1890695402842108,Index,ICICI Prudential Mutual Fund,Other Scheme - Index Funds
149389,ICICI Prudential Nifty Midcap 150 Index Fund - Direct Plan - Growth,2021-12-23,2026-08-14,1144,0.1710125748288871,0.1678831753883126,0.6893517506222342,-0.2109495022046646,Index,ICICI Prudential Mutual Fund,Other Scheme - Index Funds
120684,ICICI Prudential Nifty Next 50 Index Fund - Direct Plan -  Growth,2013-01-02,2026-08-14,3351,0.144611207811687,0.1792258823948086,0.5274010555277808,-0.4108783062899005,Index,ICICI Prudential Mutual Fund,Other Scheme - Index Funds
149210,ICICI Prudential Nifty PSU Bond Plus SDL Sep 2027 40:60 Index Fund - Direct Plan Growth,2021-09-29,2026-08-14,1181,0.0612309752570592,0.015445098548322,0.1281059210892279,-0.0355813153887717,Index,ICICI Prudential Mutual Fund,Other Scheme - Index Funds
150930,ICICI Prudential Nifty Pharma Index Fund - Direct Plan - Growth,2022-12-15,2026-08-14,902,0.2181791304715932,0.1450040697808133,1.0536892633714394,-0.1658866780119562,Index,ICICI Prudential Mutual Fund,Other Scheme - Index Funds
153679,ICICI Prudential Nifty Private Bank Index Fund - Direct Plan - Growth,2025-07-18,2026-08-14,264,-0.0190758607980885,0.1614963965309181,-0.4138657774546597,-0.1713615921921347,Index,ICICI Prudential Mutual Fund,Other Scheme - Index Funds
150729,ICICI Prudential Nifty SDL Dec 2028 Index Fund - Direct Plan - Growth,2022-10-13,2026-08-14,929,0.0798547818040389,0.0170650269406168,1.1825672757274732,-0.0116217230807733,Index,ICICI Prudential Mutual Fund,Other Scheme - Index Funds
149999,ICICI Prudential Nifty SDL Sep 2027 Index Fund - Direct Plan - Growth,2022-03-25,2026-08-14,1063,0.066475178338998,0.0167388926009196,0.4285160435762065,-0.0380392624858285,Index,ICICI Prudential Mutual Fund,Other Scheme - Index Funds
149283,ICICI Prudential Nifty Smallcap 250 Index Fund - Direct Plan - Growth,2021-11-03,2026-08-14,1177,0.1407886575037553,0.1867763657221275,0.4949244304870369,-0.268870302260889,Index,ICICI Prudential Mutual Fund,Other Scheme - Index Funds
153614,ICICI Prudential Nifty Top 15 Equal Weight Index Fund - Direct Plan - Growth,2025-06-27,2026-08-14,279,-0.0382295577158258,0.1360012944077439,-0.6671536907766937,-0.1753084094547509,Index,ICICI Prudential Mutual Fund,Other Scheme - Index Funds
153546,ICICI Prudential Nifty200 Quality 30 Index Fund - Direct Plan - Growth,2025-06-10,2026-08-14,292,0.0097420284776965,0.1290668192254511,-0.3238211038938914,-0.1577256911253011,Index,ICICI Prudential Mutual Fund,Other Scheme - Index Funds
152936,ICICI Prudential Nifty200 Value 30 Index Fund - Direct Plan - Growth,2024-10-21,2026-08-14,448,0.0686081648410443,0.188608951932052,0.1358172052414963,-0.1844542033894867,Index,ICICI Prudential Mutual Fund,Other Scheme - Index Funds
150639,ICICI Prudential Nifty50 Equal Weight Index Fund- Direct Plan - Growth,2022-10-04,2026-08-14,950,0.1490648246631598,0.1278550719842679,0.7090381201130298,-0.1809368279415316,Index,ICICI Prudential Mutual Fund,Other Scheme - Index Funds
152365,ICICI Prudential Nifty50 Value 20 Index Fund - Direct Plan - Growth,2024-02-05,2026-08-14,623,0.0085116708580796,0.1350450463263631,-0.3126531996975031,-0.19191411941945,Index,ICICI Prudential Mutual Fund,Other Scheme - Index Funds
150539,ICICI Prudential PSU Equity Fund - Direct Plan - Growth,2022-09-13,2026-08-14,965,0.2398021465811681,0.1688831795256648,1.0343661740287915,-0.2303442413939652,Sectoral,ICICI Prudential Mutual Fund,Equity Scheme - Sectoral/ Thematic
149441,ICICI Prudential Passive Multi-Asset Fund of Funds - Direct Plan - Growth,2022-01-17,2026-08-14,1081,0.1252887643940599,0.068924650225962,0.9914456045013424,-0.0739461846540526,Fund of Funds,ICICI Prudential Mutual Fund,Other Scheme - FoF Domestic
153458,ICICI Prudential Quality Fund - Direct Plan - Growth,2025-05-26,2026-08-14,303,0.0762998246458792,0.1119334969915632,0.1877503888010447,-0.1282527881040891,Sectoral,ICICI Prudential Mutual Fund,Equity Scheme - Sectoral/ Thematic
148600,ICICI Prudential Quant Fund Direct Plan Growth,2020-12-14,2026-08-14,1397,0.1690148060027461,0.1379829817972657,0.7918989796399837,-0.1647058823529412,Sectoral,ICICI Prudential Mutual Fund,Equity Scheme - Sectoral/ Thematic
120616,ICICI Prudential Regular Savings Fund - Direct Plan - Growth,2013-01-04,2026-08-14,3286,0.1036789959348967,0.0423328109947518,1.0368205968998856,-0.0884908824835161,Conservative Hybrid,ICICI Prudential Mutual Fund,Hybrid Scheme - Conservative Hybrid Fund
146721,ICICI Prudential Retirement Fund - Hybrid Aggressive - Direct Plan - Growth Option,2019-02-28,2026-08-14,1836,0.1689188754134973,0.1388735337055852,0.7893251290042375,-0.2871376811594202,Retirement,ICICI Prudential Mutual Fund,Solution Oriented Scheme - Retirement Fund
146716,ICICI Prudential Retirement Fund - Hybrid Conservative - Direct Plan - Growth Option,2019-02-28,2026-08-14,1805,0.1005467461283615,0.0462313293359075,0.8847082202820185,-0.1015542640897418,Retirement,ICICI Prudential Mutual Fund,Solution Oriented Scheme - Retirement Fund
146727,ICICI Prudential Retirement Fund - Pure Debt - Direct Plan - Growth Option,2019-02-28,2026-08-14,1805,0.0759729890153431,0.0179534144853516,0.9167045016509542,-0.0267413749465433,Retirement,ICICI Prudential Mutual Fund,Solution Oriented Scheme - Retirement Fund
146349,ICICI Prudential Retirement Fund - Pure Equity - Direct Plan - Growth Option,2019-02-28,2026-08-14,1836,0.2040386560534766,0.1748830556659941,0.8328886435455981,-0.371713508612874,Retirement,ICICI Prudential Mutual Fund,Solution Oriented Scheme - Retirement Fund
153184,ICICI Prudential Rural Opportunities Fund - Direct Plan - Growth,2025-01-29,2026-08-14,380,0.0892466354577572,0.125216791373494,0.2819044342167489,-0.1436974789915966,Sectoral,ICICI Prudential Mutual Fund,Equity Scheme - Sectoral/ Thematic
120754,ICICI Prudential Short Term Fund - Direct Plan - Growth Option,2013-01-02,2026-08-14,3288,0.084595157634014,0.0160237677752446,1.5534027988730044,-0.0337829356289911,Short Duration,ICICI Prudential Mutual Fund,Debt Scheme - Short Duration Fund
149775,ICICI Prudential Silver ETF FOF - Direct Plan - Growth,2022-02-02,2026-08-14,1100,0.3218934545320158,0.3346609818348816,0.8588915454838226,-0.4553275167190752,Fund of Funds,ICICI Prudential Mutual Fund,Other Scheme - FoF Domestic
120591,ICICI Prudential Smallcap Fund - Direct Plan - Growth,2013-01-03,2026-08-14,3322,0.1691266415521726,0.1495130319706344,0.7537118068104582,-0.4511773940345369,Small Cap,ICICI Prudential Mutual Fund,Equity Scheme - Small Cap Fund
149455,ICICI Prudential Strategic Metal and Energy Equity Fund of Fund - Direct Plan Growth,2022-02-03,2026-08-14,1060,0.3009264225103347,0.2543470253133819,1.0060844018383917,-0.2434422358648521,Fund of Funds,ICICI Prudential Mutual Fund,Other Scheme - FoF Overseas
120594,ICICI Prudential Technology Fund - Direct Plan -  Growth,2013-01-02,2026-08-14,3350,0.1901962522751783,0.1793522998572054,0.7501893910208115,-0.3508958396598846,Sectoral,ICICI Prudential Mutual Fund,Equity Scheme - Sectoral/ Thematic
120186,ICICI Prudential US Bluechip Equity Fund - Direct Plan -  Growth,2013-01-03,2026-08-14,3241,0.1692376640388568,0.1761864803813164,0.6871776190061164,-0.2464669304691916,Sectoral,ICICI Prudential Mutual Fund,Equity Scheme - Sectoral/ Thematic
120676,ICICI Prudential Ultra Short Term Fund - Direct Plan -  Growth,2013-01-09,2026-08-14,3283,0.0794315166287451,0.0175543738397988,1.136163942443652,-0.0748966813294639,Ultra Short Duration,ICICI Prudential Mutual Fund,Debt Scheme - Ultra Short Duration Fund
120323,ICICI Prudential Value Fund (erstwhile Value Discovery Fund) - Direct Plan - Growth,2013-01-02,2026-08-14,3350,0.1731522532031633,0.1422641247507677,0.7998320578387971,-0.3670229007633587,Value,ICICI Prudential Mutual Fund,Equity Scheme - Value Fund
147617,ITI Arbitrage Fund - Direct Plan - Growth Option,2019-09-12,2026-08-14,1706,0.0549264293943485,0.0104825886112826,-0.4998661617615708,-0.0057814086141055,Arbitrage,ITI Mutual Fund,Hybrid Scheme - Arbitrage Fund
147789,ITI Balanced Advantage Fund - Direct Plan - Growth Option,2020-01-03,2026-08-14,1631,0.0772750985985479,0.1282703529549686,0.1908656023961665,-0.3363112810337317,Balanced Advantage,ITI Mutual Fund,Hybrid Scheme - Dynamic Asset Allocation or Balanced Advantage
149321,ITI Banking and Financial Services Fund - Direct Plan - Growth Option,2021-12-08,2026-08-14,1154,0.1222223703175122,0.1619610963754652,0.4394925708024237,-0.167172512922575,Sectoral,ITI Mutual Fund,Equity Scheme - Sectoral/ Thematic
153260,ITI Bharat Consumption Fund - Direct Plan - Growth,2025-03-05,2026-08-14,356,0.1592600328783704,0.1377142468055932,0.7324472589285539,-0.1642582692950217,Sectoral,ITI Mutual Fund,Equity Scheme - Sectoral/ Thematic
149029,ITI Dynamic Term Fund - Direct Plan - Growth Option,2021-07-15,2026-08-14,1230,0.0616655759014932,0.016111489267171,0.1542432311262007,-0.0178017990777836,Dynamic Bond,ITI Mutual Fund,Income/Debt Oriented Schemes - Dynamic Term Fund
147541,ITI ELSS Tax Saver Fund - Direct Plan - Growth Option,2019-10-25,2026-08-14,1678,0.1697553349872511,0.1815674089467032,0.6446022068062034,-0.3849372384937238,ELSS,ITI Mutual Fund,Equity Scheme - ELSS
151379,ITI Flexi Cap Fund- Direct Plan- Growth,2023-02-22,2026-08-14,853,0.2438414092675804,0.1551841931772523,1.136942615491335,-0.2144275110671105,Flexi Cap,ITI Mutual Fund,Equity Scheme - Flexi Cap Fund
151777,ITI Focused Fund - Direct Plan - Growth,2023-06-21,2026-08-14,774,0.2008895216164341,0.1571878402150044,0.8931417883976828,-0.1843811795724913,Focused,ITI Mutual Fund,Equity Scheme - Focused Fund
152821,ITI Large & Midcap Fund - Direct Plan - Growth,2024-09-13,2026-08-14,473,0.0132019597944876,0.1740487002558148,-0.1806451937963663,-0.2017815347118787,Mid Cap,ITI Mutual Fund,Equity Scheme - Large & Mid Cap Fund
148353,ITI Large Cap Fund - Direct Plan - Growth Option,2020-12-29,2026-08-14,1386,0.1249317912894014,0.1489784108900085,0.4807701233827726,-0.2076107038560104,Large Cap,ITI Mutual Fund,Equity Scheme - Large Cap Fund
148733,ITI Mid Cap Fund - Direct Plan - Growth Option,2021-03-10,2026-08-14,1336,0.1942957336804516,0.1640885960348153,0.8262765850220943,-0.2266010624128367,Mid Cap,ITI Mutual Fund,Equity Scheme - Mid Cap Fund
147183,ITI Multi Cap Fund - Direct Plan - Growth Option,2019-05-16,2026-08-14,1786,0.1649322336924468,0.1789016537406772,0.6285374730620668,-0.3866103841283242,Multi Cap,ITI Mutual Fund,Equity Scheme - Multi Cap Fund
149268,ITI Pharma and Healthcare Fund - Direct Plan - Growth Option,2021-11-11,2026-08-14,1172,0.1545949247328246,0.1355428102824721,0.710847761472059,-0.1768741050350245,Sectoral,ITI Mutual Fund,Equity Scheme - Sectoral/ Thematic
147919,ITI Small Cap Fund - Direct Plan - Growth Option,2020-02-19,2026-08-14,1598,0.2290546575973917,0.2012394766171135,0.8527535509838567,-0.3986034972590132,Small Cap,ITI Mutual Fund,Equity Scheme - Small Cap Fund
148972,ITI Value Fund - Direct Plan - Growth Option,2021-06-17,2026-08-14,1271,0.133407170197205,0.1586637667185445,0.5096766181161115,-0.2272255338954226,Value,ITI Mutual Fund,Equity Scheme - Value Fund
149961,Invesco India - Invesco EQQQ Nasdaq-100 ETF Fund of Fund - Direct Plan - Growth,2022-04-25,2026-08-14,965,0.2692773706586209,0.2123716107500096,1.0874262584546506,-0.2295733248876219,Fund of Funds,Invesco Mutual Fund,Overseas Fund of Funds - Fund of Funds investing overseas
148614,Invesco India - Invesco Global Consumer Trends Fund of Fund - Direct Plan - Growth,2020-12-29,2026-08-14,1285,0.0596555730817749,0.2897874325667593,0.1585610819319156,-0.5122328141549894,Fund of Funds,Invesco Mutual Fund,Overseas Fund of Funds - Fund of Funds investing overseas
129188,Invesco India - Invesco Global Equity Income Fund of Fund - Direct Plan - Growth,2014-05-07,2026-08-14,2833,0.127618267102308,0.1606016188236302,0.5234925990151623,-0.3466635255315389,Fund of Funds,Invesco Mutual Fund,Overseas Fund of Funds - Fund of Funds investing overseas
126353,Invesco India - Invesco Pan European Equity Fund of Fund - Direct Plan - Growth Option,2014-02-04,2026-08-14,2888,0.0929946961790062,0.1886093341283742,0.2921595778071785,-0.4096172415124947,Fund of Funds,Invesco Mutual Fund,Overseas Fund of Funds - Fund of Funds investing overseas
143537,Invesco India Aggressive Hybrid Fund - Direct Plan - Growth,2018-07-04,2026-08-14,1997,0.1159797772231403,0.1239949088076792,0.4851725042654937,-0.2842391629808967,Aggressive Hybrid,Invesco Mutual Fund,Hybrid Schemes - Aggressive Hybrid Fund
120401,Invesco India Arbitrage Fund - Direct Plan - Growth Option,2013-01-02,2026-08-14,3351,0.0695157542285642,0.0102379242630541,0.8673798489420093,-0.0052235299691641,Arbitrage,Invesco Mutual Fund,Hybrid Schemes - Arbitrage Fund
120333,Invesco India Balanced Advantage Fund - Direct Plan - Growth,2013-01-02,2026-08-14,3351,0.1188485611450871,0.10923137573861,0.5586055650044395,-0.2649045521292216,Balanced Advantage,Invesco Mutual Fund,Hybrid Schemes - Balanced Advantage Fund/ Dynamic Asset Allocation
120444,Invesco India Banking and PSU Fund - Direct Plan -  Growth Option,2013-01-02,2026-08-14,3287,0.0720357742659043,0.0216968360913673,0.5927482051100925,-0.0488701398050808,Banking & PSU,Invesco Mutual Fund,Income/Debt Oriented Schemes - Banking and PSU Debt Fund
153291,Invesco India Business Cycle Fund - Direct Plan - Growth,2025-03-03,2026-08-14,358,0.3271274074860808,0.1798761998659677,1.3655122852589645,-0.1601208459214502,Thematic,Invesco Mutual Fund,Equity Schemes - Thematic Fund
120348,Invesco India Contra Fund - Direct Plan - Growth,2013-01-02,2026-08-14,3351,0.1776900843031426,0.1605373940081362,0.7507171989346354,-0.3651853152994906,Contra,Invesco Mutual Fund,Equity Schemes - Contra Fund
130722,Invesco India Credit Risk Fund - Direct Plan - Growth,2014-09-08,2026-08-14,2883,0.0741878200414996,0.0290751153669498,0.5195438728504881,-0.079551129013192,Credit Risk,Invesco Mutual Fund,Income/Debt Oriented Schemes - Credit Risk Fund
120416,Invesco India ELSS Tax Saver Fund - Direct Plan - Growth,2013-01-02,2026-08-14,3351,0.1615361378139546,0.1552439197068371,0.6797031541633664,-0.3582089552238805,ELSS,Invesco Mutual Fund,Equity Schemes - ELSS- Tax Saver Fund
148751,Invesco India ESG Integration Strategy Fund - Direct Plan - Growth,2021-03-22,2026-08-14,1330,0.1255240713141381,0.1392783778208878,0.5078989037951838,-0.2277936962750717,Thematic,Invesco Mutual Fund,Equity Schemes - Thematic Fund
146457,Invesco India Equity Savings Fund - Direct Plan - Growth,2019-03-08,2026-08-14,1831,0.0902334652668668,0.0616482712191201,0.4928789827966924,-0.1359690806564024,Equity Savings,Invesco Mutual Fund,Hybrid Schemes - Equity Savings Fund
120385,Invesco India Financial Services Fund - Direct Plan - Growth,2013-01-02,2026-08-14,3351,0.1575092101682846,0.2030384388302787,0.5445371197101789,-0.4239733629300776,Sectoral,Invesco Mutual Fund,Equity Schemes - Sectoral Fund
149763,Invesco India Flexi Cap Fund - Direct Plan - Growth,2022-02-16,2026-08-14,1106,0.1822776365511467,0.1446670746341424,0.8432668497831939,-0.1940225379715826,Flexi Cap,Invesco Mutual Fund,Equity Schemes - Flexi Cap Fund
148481,Invesco India Focused Fund - Direct Plan - Growth,2020-10-01,2026-08-14,1446,0.2212523435313387,0.15235588246525,1.0254107902695102,-0.2198499711482977,Focused,Invesco Mutual Fund,Equity Schemes - Focused Fund
120405,Invesco India Infrastructure Fund - Direct Plan - Growth Option,2013-01-02,2026-08-14,3351,0.1921456213459367,0.1710596350900035,0.787978989352754,-0.3617415470125058,Thematic,Invesco Mutual Fund,Equity Schemes - Thematic Fund
120357,Invesco India Large & Mid Cap Fund - Direct Plan - Growth,2013-01-02,2026-08-14,3351,0.1809108236660392,0.1585387744493536,0.7757392220915418,-0.3531107374489551,Mid Cap,Invesco Mutual Fund,Equity Schemes - Large & Mid Cap Fund
120392,Invesco India Largecap Fund - Direct Plan - Growth,2013-01-02,2026-08-14,3351,0.1511640665187985,0.1561389370941545,0.6178581924900965,-0.3685121107266436,Large Cap,Invesco Mutual Fund,Equity Schemes - Large Cap Fund
152756,Invesco India Manufacturing Fund - Direct Plan - Growth,2024-08-19,2026-08-14,492,0.1010368322789945,0.1715153108107112,0.3077886031451134,-0.2163904235727439,Thematic,Invesco Mutual Fund,Equity Schemes - Thematic Fund
149011,Invesco India Medium Duration Fund - Direct Plan - Growth,2021-07-19,2026-08-14,1229,0.0630733538871406,0.014481544406148,0.2593462716237862,-0.0230289319102615,Medium Duration,Invesco Mutual Fund,Income/Debt Oriented Schemes - Medium Term Fund
120403,Invesco India Midcap Fund - Direct Plan - Growth Option,2013-01-02,2026-08-14,3351,0.2118573549821394,0.1613233924140734,0.929596689942609,-0.340945902170392,Mid Cap,Invesco Mutual Fund,Equity Schemes - Mid Cap Fund
153047,Invesco India Multi Asset Allocation Fund - Direct Plan - Growth,2024-12-19,2026-08-14,408,0.1751684056061238,0.1013881843577417,1.086786409779216,-0.1098310291858678,Multi Asset,Invesco Mutual Fund,Hybrid Schemes - Multi Asset Allocation Fund
120413,Invesco India Multicap Fund - Direct Plan - Growth Option,2013-01-02,2026-08-14,3351,0.1746357182119597,0.1597037932114323,0.7372765994807142,-0.3798330778402317,Multi Cap,Invesco Mutual Fund,Equity Schemes - Multi Cap Fund
151597,Invesco India Nifty G-sec Sep 2032 Index Fund - Direct Plan - Growth,2023-03-29,2026-08-14,816,0.0824556254087101,0.0226046332014262,1.0191721830313747,-0.0202783738669135,Debt,Invesco Mutual Fund,Index Funds - Debt Funds
120395,Invesco India PSU Equity Fund - Direct Plan - Growth,2013-01-02,2026-08-14,3351,0.1619262482542727,0.1962672732367504,0.5765565133924747,-0.3342210386151798,Thematic,Invesco Mutual Fund,Equity Schemes - Thematic Fund
145137,Invesco India Smallcap Fund - Direct Plan - Growth,2018-11-02,2026-08-14,1916,0.2407020451120702,0.1820304500443635,0.9761017162891372,-0.3765923566878981,Small Cap,Invesco Mutual Fund,Equity Schemes - Small Cap Fund
152863,Invesco India Technology Fund - Direct Plan - Growth,2024-09-25,2026-08-14,465,0.0137063053486006,0.1871931510340982,-0.152745086004731,-0.2811355311355311,Sectoral,Invesco Mutual Fund,Equity Schemes - Sectoral Fund
120484,JM Aggressive Hybrid Fund (Direct) - Growth Option,2013-01-03,2026-08-14,3356,0.1354660616775538,0.1410347032769124,0.5656612388704633,-0.3656551650788711,Aggressive Hybrid,JM Financial Mutual Fund,Hybrid Scheme - Aggressive Hybrid Fund
120482,JM Arbitrage Fund (Direct) - Growth Option,2013-01-03,2026-08-14,3355,0.0640463356832474,0.0104085357796315,0.340287269918144,-0.0053628955135441,Arbitrage,JM Financial Mutual Fund,Hybrid Scheme - Arbitrage Fund
120435,JM Dynamic Bond Fund - (Direct) - Growth Option,2013-01-03,2026-08-14,3288,0.0740026190839,0.0136135180682511,1.0720801027621405,-0.0300278339044064,Dynamic Bond,JM Financial Mutual Fund,Debt Scheme - Dynamic Bond
120494,JM ELSS Tax Saver Fund (Direct) - Growth Option,2013-01-02,2026-08-14,3351,0.170086375682176,0.1719657332560902,0.6734828271949674,-0.3738736360014018,ELSS,JM Financial Mutual Fund,Equity Scheme - ELSS
120492,JM Flexicap Fund (Direct) - Growth Option,2013-01-02,2026-08-14,3351,0.1697221508903752,0.1726696961780427,0.669463334446635,-0.3495061167612346,Flexi Cap,JM Financial Mutual Fund,Equity Scheme - Flexi Cap Fund
120488,JM Focused Fund (Direct)  - Growth Option,2013-01-02,2026-08-14,3351,0.1445855392820989,0.1925024843666679,0.5037805791575465,-0.3737484953952096,Focused,JM Financial Mutual Fund,Equity Scheme - Focused Fund
153629,JM Large & Mid Cap Fund (Direct) - Growth Option,2025-07-30,2026-08-14,256,0.0923820372335038,0.1450997365550353,0.2849954576060771,-0.1547712272066228,Mid Cap,JM Financial Mutual Fund,Equity Scheme - Large & Mid Cap Fund
120490,JM Large Cap Fund (Direct) - Growth Option,2013-01-02,2026-08-14,3355,0.1254465473755546,0.1352814492781864,0.5179881725459347,-0.197980902157026,Large Cap,JM Financial Mutual Fund,Equity Scheme - Large Cap Fund
143612,JM Low Duration Fund (Direct) - Growth,2018-05-25,2026-08-14,1992,0.061509741708343,0.0817640175260288,0.0639904608788006,-0.1499873613465369,Low Duration,JM Financial Mutual Fund,Debt Scheme - Low Duration Fund
120430,JM Medium to Long Duration Fund (Direct) - Growth Option,2013-01-03,2026-08-14,3289,0.0568149773620423,0.0407399990695679,-0.0367310580454429,-0.1056594293651936,Long Duration,JM Financial Mutual Fund,Debt Scheme - Medium to Long Duration Fund
150815,JM Midcap Fund (Direct) - Growth,2022-11-25,2026-08-14,916,0.2471035342554046,0.1673449357697476,1.077330739053833,-0.2253841275132054,Mid Cap,JM Financial Mutual Fund,Equity Scheme - Mid Cap Fund
120471,JM Short Term Fund (Direct) - Growth Option,2013-01-02,2020-09-25,1866,0.0658535671420637,0.0302707153141605,0.2338592195119578,-0.0761824374794587,Short Duration,JM Financial Mutual Fund,Debt Scheme - Short Duration Fund
152614,JM Small Cap Fund (Direct) - Growth Option,2024-06-24,2026-08-14,530,0.0885403961677988,0.2088536800691224,0.2311655365427156,-0.2436003525877422,Small Cap,JM Financial Mutual Fund,Equity Scheme - Small Cap Fund
120458,JM Ultra Short Duration Fund - (Direct) - Growth Option,2013-01-02,2020-09-25,1866,0.0734441453494636,0.0259072470006838,0.5545221626672349,-0.0549887588760359,Ultra Short Duration,JM Financial Mutual Fund,Debt Scheme - Ultra Short Duration Fund
120486,JM Value Fund (Direct) - Growth Option,2013-01-02,2026-08-14,3351,0.1600525548637126,0.1870675149466694,0.5864642189633965,-0.3792649414549244,Value,JM Financial Mutual Fund,Equity Scheme - Value Fund
147269,KOTAK FLOATING RATE FUND-DIRECT PLAN-GROWTH OPTION,2019-05-16,2026-08-14,1757,0.0728476898482617,0.0158160720510086,0.838732909872913,-0.0203235837994736,Floating Rate,Kotak Mahindra Mutual Fund,Debt Scheme - Floater Fund
153660,KOTAK NIFTY 200 QUALITY 30 INDEX FUND - DIRECT PLAN - GROWTH,2025-07-18,2026-08-14,264,0.019467785275566,0.1329364117424779,-0.2358032467443448,-0.1579349174539555,Index,Kotak Mahindra Mutual Fund,Other Scheme - Index Funds
153401,KOTAK NIFTY MIDCAP 150 INDEX FUND-DIRECT PLAN-GROWTH,2025-03-28,2026-08-14,340,0.1498454276469811,0.1670897541726459,0.5817632694708208,-0.1403947255020252,Index,Kotak Mahindra Mutual Fund,Other Scheme - Index Funds
152767,KOTAK NIFTY MIDCAP 50 INDEX FUND-DIRECT PLAN- GROWTH,2024-08-21,2026-08-14,490,0.0541372314849333,0.1765777334683704,0.053086396903068,-0.2041889824024483,Index,Kotak Mahindra Mutual Fund,Other Scheme - Index Funds
133035,Kotak Aggressive Hybrid Fund - Direct Plan -Growth,2014-11-07,2026-08-14,2899,0.133575974081328,0.1218912382177091,0.6219011122459219,-0.3214428723972237,Aggressive Hybrid,Kotak Mahindra Mutual Fund,Hybrid Scheme - Aggressive Hybrid Fund
119771,Kotak Arbitrage Fund - Direct Plan - Growth,2013-01-07,2026-08-14,3328,0.0707841154662476,0.0101499603009153,1.0351366109473703,-0.0056836872072951,Arbitrage,Kotak Mahindra Mutual Fund,Hybrid Scheme - Arbitrage Fund
152039,Kotak BSE Housing Index Fund - Direct Plan - Growth Option,2023-09-04,2026-08-14,724,0.0968332878635092,0.1889234776389393,0.2791060716930724,-0.2658955717118308,Index,Kotak Mahindra Mutual Fund,Other Scheme - Index Funds
152755,Kotak BSE PSU Index Fund - Direct Plan - Growth,2024-08-05,2026-08-14,501,0.0064392125043581,0.1916887868769405,-0.1829176250098614,-0.2684313928239065,Index,Kotak Mahindra Mutual Fund,Other Scheme - Index Funds
153286,Kotak BSE Sensex Index Fund- Direct - Growth,2025-02-20,2026-08-14,364,0.0316122764729509,0.13516474874145,-0.1402177755810945,-0.1611657303370787,Index,Kotak Mahindra Mutual Fund,Other Scheme - Index Funds
144335,Kotak Balanced Advantage Fund  - Direct Plan -Growth Option,2018-08-10,2026-08-14,1969,0.1121220981789281,0.096695090302796,0.5559504015520136,-0.2632394730043916,Balanced Advantage,Kotak Mahindra Mutual Fund,Hybrid Scheme - Dynamic Asset Allocation or Balanced Advantage
151384,Kotak Banking & Financial Services Fund - Direct Plan - Growth,2023-03-06,2026-08-14,846,0.1693935142865068,0.158297593656141,0.7152285377504729,-0.1670073821692219,Sectoral,Kotak Mahindra Mutual Fund,Equity Scheme - Sectoral/ Thematic
123693,Kotak Banking and PSU Debt Direct - Growth,2013-08-14,2026-08-14,3138,0.0813309088373384,0.0177006390746502,1.232859457481681,-0.0283926560012417,Banking & PSU,Kotak Mahindra Mutual Fund,Debt Scheme - Banking and PSU Fund
119735,Kotak Bond Fund - Growth - Direct,2013-01-02,2026-08-14,3287,0.0770732694449489,0.0365460390349172,0.497719695921626,-0.0991803027389205,Long Duration,Kotak Mahindra Mutual Fund,Debt Scheme - Medium to Long Duration Fund
119739,Kotak Bond Short Term Plan-(Growth) - Direct,2013-01-02,2026-08-14,3287,0.0795583283458474,0.0176388843064576,1.1385892793498062,-0.0305473988692641,Short Duration,Kotak Mahindra Mutual Fund,Income/Debt Oriented Schemes - Short Term Fund
150624,Kotak Business Cycle - Direct Plan - Growth,2022-10-06,2026-08-14,949,0.1719242111977825,0.1271085029065147,0.8710040059800325,-0.1842258440046565,Sectoral,Kotak Mahindra Mutual Fund,Equity Scheme - Sectoral/ Thematic
152169,Kotak Consumption Fund - Direct plan - Growth Option,2023-11-22,2026-08-14,672,0.1612473134824259,0.1411778080354998,0.7302539001050905,-0.2059989429175475,Sectoral,Kotak Mahindra Mutual Fund,Equity Scheme - Sectoral/ Thematic
119769,Kotak Contra Fund - Direct Plan - Growth,2013-01-02,2026-08-14,3350,0.1636607901633369,0.1563228567537097,0.6884264088134571,-0.3788881429621815,Contra,Kotak Mahindra Mutual Fund,Equity Scheme - Contra Fund
133791,Kotak Corporate Bond Fund- Direct Plan- Growth Option,2015-02-02,2026-08-14,2789,0.0759075570120184,0.01396445183934,1.1710024045384428,-0.0192170482072991,Corporate Bond,Kotak Mahindra Mutual Fund,Income/Debt Oriented Schemes - Corporate Bond Fund
119741,Kotak Credit Risk Fund - Growth - Direct,2013-01-04,2026-08-14,3285,0.0828526890378398,0.0184029733241603,1.2659104827264194,-0.0385519927169736,Credit Risk,Kotak Mahindra Mutual Fund,Debt Scheme - Credit Risk Fund
120154,Kotak Debt Hybrid - Growth - Direct,2013-01-30,2026-08-14,3267,0.1045584699188661,0.0489222097964913,0.9215178952025282,-0.1179619077911893,Conservative Hybrid,Kotak Mahindra Mutual Fund,Hybrid Scheme - Conservative Hybrid Fund
119755,Kotak Dynamic Bond Fund - Growth - Direct,2013-01-02,2026-08-14,3287,0.0864622700474129,0.0261595470653744,1.0293321142768004,-0.0322139180009359,Dynamic Bond,Kotak Mahindra Mutual Fund,Debt Scheme - Dynamic Bond
119773,Kotak ELSS Tax Saver Fund-Growth - Direct,2013-01-02,2026-08-14,3351,0.152268882882878,0.1550853265131985,0.6273374494385483,-0.3642706957185122,ELSS,Kotak Mahindra Mutual Fund,Equity Scheme - ELSS
148606,Kotak ESG Exclusionary Strategy Fund - Direct Plan - Growth Option,2020-12-18,2026-08-14,1393,0.1174436082608481,0.1407559114331453,0.4518843830560793,-0.2185950728396004,Sectoral,Kotak Mahindra Mutual Fund,Equity Scheme - Sectoral/ Thematic
153447,Kotak Energy Opportunities Fund-Direct-Growth,2025-05-02,2026-08-14,319,0.0667626196280615,0.1397186530280304,0.1110209686939456,-0.095871040723982,Sectoral,Kotak Mahindra Mutual Fund,Equity Scheme - Sectoral/ Thematic
131373,Kotak Equity Savings Fund - Direct - Growth,2014-10-17,2026-08-14,2909,0.0998446093446128,0.0567992250890612,0.6894171154604128,-0.1647957691867635,Equity Savings,Kotak Mahindra Mutual Fund,Hybrid Scheme - Equity Savings
120166,Kotak Flexicap Fund - Growth - Direct,2013-01-04,2026-08-14,3348,0.1571054551485697,0.1579494435287882,0.6464422590201543,-0.3730625075565227,Flexi Cap,Kotak Mahindra Mutual Fund,Equity Scheme - Flexi Cap Fund
147473,Kotak Focused Fund- Direct Plan- Growth option,2019-07-23,2026-08-14,1740,0.174693694422688,0.1683216524796955,0.7076353848553188,-0.3632774804807439,Focused,Kotak Mahindra Mutual Fund,Equity Scheme - Focused Fund
119757,Kotak Gilt-Investment  Provident Fund and Trust-Growth - Direct,2013-01-23,2026-08-14,3272,0.078823732101001,0.0449406745415656,0.4507027606191325,-0.1334766245036893,Gilt,Kotak Mahindra Mutual Fund,Debt Scheme - Gilt Fund
119759,Kotak Gilt-Investment Regular-Growth - Direct,2013-01-02,2026-08-14,3287,0.0792847319352445,0.0449162402707821,0.4602514617388607,-0.1334546564437029,Gilt,Kotak Mahindra Mutual Fund,Debt Scheme - Gilt Fund
119779,Kotak Global Emerging Market overseas Equity Omni FOF - Growth - Direct,2013-01-07,2026-08-14,3241,0.0962206544212802,0.158212870095032,0.3144007149619692,-0.3195676481550502,Fund of Funds,Kotak Mahindra Mutual Fund,Other Scheme - FoF Overseas
149059,Kotak Global Innovation Overseas Equity Omni FOF- Direct Plan -Growth,2021-08-05,2026-08-14,1167,0.1007915512211008,0.2219203426970398,0.3104055151290312,-0.3998037484054558,Fund of Funds,Kotak Mahindra Mutual Fund,Other Scheme - FoF Overseas
119781,Kotak Gold Fund Growth - Direct,2013-01-02,2026-08-14,3302,0.112660961713088,0.1563803313190639,0.4042842488241594,-0.2625809869198484,Fund of Funds,Kotak Mahindra Mutual Fund,Other Scheme - FoF Domestic
152214,Kotak Healthcare Fund - Direct Plan - Growth Option,2023-12-18,2026-08-14,655,0.23024300307131,0.1453428752100772,1.119362225043688,-0.1804931208282251,Sectoral,Kotak Mahindra Mutual Fund,Equity Scheme - Sectoral/ Thematic
150822,Kotak Income Plus Arbitrage Omni FOF-Direct Plan-Growth,2022-11-21,2026-08-14,906,0.0777844430416776,0.0132643584291461,1.3479162697962377,-0.0098555202797916,Fund of Funds,Kotak Mahindra Mutual Fund,Other Scheme - FoF Domestic
133801,Kotak Infrastructure & Economic Reform Fund- Direct Plan- Growth Option,2015-02-02,2026-08-14,2841,0.157032762904097,0.163013176990478,0.6297777265802069,-0.4599775394028579,Sectoral,Kotak Mahindra Mutual Fund,Equity Scheme - Sectoral/ Thematic
148646,Kotak International REIT Overseas Equity Omni FOF - Direct Plan - Growth,2021-01-05,2026-08-14,1229,0.0406786725365857,0.1834618445945244,0.0143396997267232,-0.2554153289789291,Fund of Funds,Kotak Mahindra Mutual Fund,Other Scheme - FoF Overseas
120158,Kotak Large & Midcap Fund - Direct- Growth,2013-01-02,2026-08-14,3350,0.1660967360161089,0.1537980822486834,0.7110395597542888,-0.3602984191219486,Mid Cap,Kotak Mahindra Mutual Fund,Equity Scheme - Large & Mid Cap Fund
120152,Kotak Large Cap  Fund - Growth - Direct,2013-01-02,2026-08-14,3350,0.1405651886513477,0.1570946943363879,0.5549338250135393,-0.3694077300220106,Large Cap,Kotak Mahindra Mutual Fund,Equity Scheme - Large Cap Fund
152491,Kotak Long Duration Fund - Direct Plan - Growth,2024-03-12,2026-08-14,587,0.0549268838304051,0.0439584018799725,-0.0753766309022596,-0.0610660077656195,Long Duration,Kotak Mahindra Mutual Fund,Debt Scheme - Long Duration Fund
152910,Kotak MNC Fund-Direct Plan-Growth,2024-10-31,2026-08-14,440,0.1586751761040929,0.1410865296151019,0.7152200875175657,-0.1652048192771085,Sectoral,Kotak Mahindra Mutual Fund,Equity Scheme - Sectoral/ Thematic
149841,Kotak Manufacture in India Fund - Direct Plan Growth,2022-03-02,2026-08-14,1097,0.2158009800549141,0.1469611035414487,1.0269761347818922,-0.2226837986667955,Sectoral,Kotak Mahindra Mutual Fund,Equity Scheme - Sectoral/ Thematic
128006,Kotak Medium Term Fund - Direct Growth,2014-03-25,2026-08-14,2990,0.0853118241266288,0.0198123032118135,1.2981638276388123,-0.0516543748385801,Medium Duration,Kotak Mahindra Mutual Fund,Debt Scheme - Medium Duration Fund
119775,Kotak Midcap Fund - Direct Plan - Growth,2013-01-03,2026-08-14,3349,0.202255833620687,0.1537042592938833,0.9152191497686326,-0.3597117768161001,Mid Cap,Kotak Mahindra Mutual Fund,Equity Scheme - Mid Cap Fund
152064,Kotak Multi Asset Allocation Fund - Direct Plan - Growth Option,2023-10-03,2026-08-14,706,0.1976304162125766,0.1226958691724612,1.0777404114360631,-0.137881404720783,Multi Asset,Kotak Mahindra Mutual Fund,Hybrid Scheme - Multi Asset Allocation
119777,Kotak Multi Asset Omni FOF - Direct Growth - Direct,2013-01-09,2026-08-14,3335,0.1564030986039069,0.1027339811447052,0.921467499892654,-0.2282930412426815,Fund of Funds,Kotak Mahindra Mutual Fund,Other Scheme - FoF Domestic
149185,Kotak Multicap Fund-Direct Plan-Growth,2021-10-06,2026-08-14,1196,0.1741724075007156,0.1560588753785358,0.7474179821687527,-0.2099635709892604,Multi Cap,Kotak Mahindra Mutual Fund,Equity Scheme - Multi Cap Fund
152663,Kotak NIFTY 100 Low Volatility 30 Index Fund - Direct plan - Growth option,2024-06-12,2026-08-14,537,0.0472922853645543,0.1172623366148016,-0.0508610683161649,-0.1822143972934952,Index,Kotak Mahindra Mutual Fund,Other Scheme - Index Funds
153146,Kotak Nifty 100 Equal Weight Index Fund - Direct Plan - Growth,2024-12-30,2026-08-14,402,0.0833882331288968,0.1556709866792567,0.216445536831662,-0.1347988009810155,Index,Kotak Mahindra Mutual Fund,Other Scheme - Index Funds
151781,Kotak Nifty 200 Momentum 30 Index Fund - Direct Plan - Growth Option,2023-06-20,2026-08-14,776,0.1288420812433794,0.1919918621283665,0.4309194416820474,-0.3159871837366037,Index,Kotak Mahindra Mutual Fund,Other Scheme - Index Funds
153150,Kotak Nifty 50 Equal Weight Index Fund - Direct Plan - Growth,2024-12-30,2026-08-14,402,0.0862521674701322,0.1382110965767009,0.2446655696874075,-0.1249238269347958,Index,Kotak Mahindra Mutual Fund,Other Scheme - Index Funds
148978,Kotak Nifty 50 Index Fund - Direct Plan-Growth,2021-06-24,2026-08-14,1267,0.09810567054454,0.1364618177147682,0.330287933830388,-0.1645084341455102,Index,Kotak Mahindra Mutual Fund,Other Scheme - Index Funds
153353,Kotak Nifty Commodities Index Fund-Direct Growth,2025-03-18,2026-08-14,348,0.1422199111933741,0.160784163835963,0.5525512700221668,-0.099968137645372,Index,Kotak Mahindra Mutual Fund,Other Scheme - Index Funds
151911,Kotak Nifty Financial Services Ex-Bank Index Fund - Direct Plan - Growth option,2023-08-21,2026-08-14,734,0.19394316375405,0.2000295164322773,0.7088295083360305,-0.1705531613436448,Index,Kotak Mahindra Mutual Fund,Other Scheme - Index Funds
152098,Kotak Nifty G-Sec July 2033 Index Fund - Direct Plan - Growth,2023-10-13,2026-08-14,686,0.0847860950640035,0.0226169752969924,1.113766708011797,-0.0208581742155725,Index,Kotak Mahindra Mutual Fund,Other Scheme - Index Funds
152870,Kotak Nifty India Tourism Index Fund-Direct-Growth Option,2024-09-30,2026-08-14,462,-0.0597828346777029,0.2135820504892331,-0.4692201442713844,-0.3109935332157554,Index,Kotak Mahindra Mutual Fund,Other Scheme - Index Funds
152916,Kotak Nifty Midcap 150 Momentum 50 Index Fund-Direct Plan-Growth,2024-10-11,2026-08-14,454,-0.0248633662725581,0.1996030847588983,-0.3299779838633511,-0.2545771578029643,Index,Kotak Mahindra Mutual Fund,Other Scheme - Index Funds
148745,Kotak Nifty Next 50 Index Fund - Direct Plan - Growth Option,2021-03-17,2026-08-14,1333,0.1619084403315362,0.17574580593174,0.6212129342748344,-0.263357116835343,Index,Kotak Mahindra Mutual Fund,Other Scheme - Index Funds
149855,Kotak Nifty SDL Apr  2027 Top 12 Equal Weight Index Fund-Direct Plan-Growth,2022-02-18,2026-08-14,1086,0.0640536625342089,0.0149076811262883,0.3211208992903364,-0.0355716661521455,Index,Kotak Mahindra Mutual Fund,Other Scheme - Index Funds
149865,Kotak Nifty SDL Apr 2032 Top 12 Equal Weight Index Fund-Direct Plan- Growth,2022-02-18,2026-08-14,1086,0.0702339532800204,0.0288933542084287,0.3851486443772723,-0.0323611705782194,Index,Kotak Mahindra Mutual Fund,Other Scheme - Index Funds
151420,Kotak Nifty SDL Jul 2033 Index Fund Direct Plan Growth Option,2023-02-22,2026-08-14,839,0.0795869397141011,0.0238783538602908,0.8503820661669552,-0.0233001347612173,Index,Kotak Mahindra Mutual Fund,Other Scheme - Index Funds
150725,Kotak Nifty SDL Plus AAA PSU Bond Jul 2028 60:40 Index Fund Direct Plan - Growth,2022-10-17,2026-08-14,927,0.0766838949733859,0.0118505502942744,1.433458210017004,-0.006312897450145,Index,Kotak Mahindra Mutual Fund,Other Scheme - Index Funds
153223,Kotak Nifty SmallCap 250 Index Fund- Direct - Growth,2025-01-30,2026-08-14,379,0.1112108562047786,0.1853483944319606,0.3515115816341733,-0.2092744695414099,Index,Kotak Mahindra Mutual Fund,Other Scheme - Index Funds
151649,Kotak Nifty Smallcap 50 Index Fund - Direct Plan - Growth,2023-04-18,2026-08-14,820,0.2783001963267439,0.197897107796567,1.0656772027360983,-0.2500565534090395,Index,Kotak Mahindra Mutual Fund,Other Scheme - Index Funds
153461,Kotak Nifty Top 10 Equal Weight Index Fund-Direct Plan-Growth,2025-05-02,2026-08-14,319,-0.0654852783653352,0.1351358000957138,-0.8866659691978038,-0.1884792194389718,Index,Kotak Mahindra Mutual Fund,Other Scheme - Index Funds
147727,Kotak Pioneer Fund- Direct Plan- Growth Option,2019-11-06,2026-08-14,1669,0.2254680826479838,0.1589072766629286,1.0116806701698051,-0.3569824035941594,Sectoral,Kotak Mahindra Mutual Fund,Equity Scheme - Sectoral/ Thematic
151881,Kotak Quant Fund - Direct Plan - Growth Option,2023-08-08,2026-08-14,742,0.1579350705854956,0.1594939265243764,0.6476361781759516,-0.2231677353628574,Sectoral,Kotak Mahindra Mutual Fund,Equity Scheme - Sectoral/ Thematic
151603,Kotak Silver ETF Fund of Fund - Direct Plan - Growth Option,2023-04-11,2026-08-14,824,0.3838138435827629,0.3812382165787822,0.9121535700507803,-0.4560698281731071,Fund of Funds,Kotak Mahindra Mutual Fund,Other Scheme - FoF Domestic
152702,Kotak Special Opportunities Fund - Direct Plan - Growth Option,2024-07-05,2026-08-14,521,0.072705918473668,0.1643783851518807,0.1534396537124228,-0.2312988462969853,Sectoral,Kotak Mahindra Mutual Fund,Equity Scheme - Sectoral/ Thematic
152462,Kotak Technology Fund - Direct Plan - Growth Option,2024-03-07,2026-08-14,600,0.0394287536369335,0.1707361488406978,-0.0339977981561384,-0.2859178164367126,Sectoral,Kotak Mahindra Mutual Fund,Equity Scheme - Sectoral/ Thematic
153118,Kotak Transportation & Logistics Fund-Direct Growth,2024-12-23,2026-08-14,406,0.1369682241680538,0.1753382091764265,0.4925443401496884,-0.1705561072492551,Sectoral,Kotak Mahindra Mutual Fund,Equity Scheme - Sectoral/ Thematic
133831,Kotak US Equity Fund - Direct Plan - Growth option,2015-02-02,2020-02-25,1174,0.1255744114660528,0.1343636486468426,0.5783603596807926,-0.2241863985295707,Fund of Funds,Kotak Mahindra Mutual Fund,Other Scheme - FoF Overseas
148662,Kotak US Specific Equity Passive FOF- Direct Plan - Growth,2021-02-09,2026-08-14,1265,0.2131869901302203,0.2146026643666004,0.8170569747470379,-0.2912239685500852,Fund of Funds,Kotak Mahindra Mutual Fund,Other Scheme - FoF Overseas
133816,Kotak World Gold Fund- Direct Plan- Growth Option,2015-02-02,2020-02-25,1201,0.0526056001024357,0.329567797082442,0.1480424310914062,-0.4485590562938629,Fund of Funds,Kotak Mahindra Mutual Fund,Other Scheme - FoF Overseas
120164,Kotak-Small Cap Fund - Growth - Direct,2013-01-02,2026-08-14,3351,0.1906304424440914,0.1540025662675109,0.8485460148030278,-0.4061127719920715,Small Cap,Kotak Mahindra Mutual Fund,Equity Scheme - Small Cap Fund
120261,LIC MF Aggressive Hybrid Fund-Direct Plan-Growth,2013-01-03,2026-08-14,3339,0.1049182152619185,0.1217138692369426,0.4106139511740065,-0.2815614033490101,Aggressive Hybrid,LIC Mutual Fund,Hybrid Scheme - Aggressive Hybrid Fund
145895,LIC MF Arbitrage Fund-Direct Plan-Growth,2019-01-28,2026-08-14,1858,0.0595743020048689,0.0103211000202413,-0.0686289184778432,-0.0065129572123444,Arbitrage,LIC Mutual Fund,Hybrid Scheme - Arbitrage Fund
120308,LIC MF BSE Sensex Index Fund-Direct Plan-Growth,2013-01-02,2026-08-14,3341,0.112041751131457,0.1603797506419651,0.3867713527370628,-0.3752745076862152,Index,LIC Mutual Fund,Other Scheme - Index Funds
149261,LIC MF Balanced Advantage Fund-Direct Plan-Growth,2021-11-15,2026-08-14,1171,0.0912394427955294,0.0814556562592047,0.3997462596154546,-0.0942714350968643,Balanced Advantage,LIC Mutual Fund,Hybrid Scheme - Dynamic Asset Allocation or Balanced Advantage
120338,LIC MF Banking & PSU Fund-Direct Plan-Growth,2013-01-03,2026-08-14,3275,0.0739567808338224,0.0118096511695517,1.2551702502187083,-0.0276562459549319,Banking & PSU,LIC Mutual Fund,Debt Scheme - Banking and PSU Fund
134017,LIC MF Banking and Financial Services Fund-Direct Plan-Growth,2015-03-30,2026-08-14,2802,0.0830744000565364,0.2093192193315587,0.2087071229920027,-0.4475762089018283,Sectoral,LIC Mutual Fund,Equity Scheme - Sectoral/ Thematic
120285,LIC MF Children's Fund-Direct Plan-Growth,2013-01-16,2026-08-14,3318,0.103776537341496,0.1319067625215332,0.3835120854978192,-0.3121941525697393,Children,LIC Mutual Fund,Solution Oriented Scheme - Children’s Fund
120276,LIC MF Conservative Hybrid Fund-Direct Plan-Growth,2013-01-09,2026-08-14,3285,0.0757545193567135,0.0351919138442589,0.4773995401208907,-0.0792430838184534,Conservative Hybrid,LIC Mutual Fund,Hybrid Scheme - Conservative Hybrid Fund
120270,LIC MF ELSS Tax Saver-Direct Plan-Growth,2013-01-02,2026-08-14,3341,0.1369412445703077,0.1516587542234166,0.550165209640671,-0.3569073230998981,ELSS,LIC Mutual Fund,Equity Scheme - ELSS
151952,LIC MF Equity Savings Fund-Direct Plan-Growth,2023-07-31,2026-08-14,748,0.0918954778267637,0.0685152758903224,0.474257076139546,-0.0747062386837886,Equity Savings,LIC Mutual Fund,Hybrid Scheme - Equity Savings
120264,LIC MF Flexi Cap Fund-Direct Plan-Growth,2013-01-02,2026-08-14,3341,0.115142124398748,0.1612514003024469,0.4032411169324148,-0.34203483757273,Flexi Cap,LIC Mutual Fund,Equity Scheme - Flexi Cap Fund
152010,LIC MF Focused Fund-Direct Plan-Growth,2023-07-31,2026-08-14,748,0.1106417787474314,0.1535554625871495,0.3867906659769346,-0.2111663293192933,Focused,LIC Mutual Fund,Equity Scheme - Focused Fund
120282,LIC MF Gilt Fund-Direct Plan-Growth,2013-01-02,2026-08-14,3288,0.0722929162972565,0.035821122137328,0.3767545567888011,-0.0738215518807923,Gilt,LIC Mutual Fund,Debt Scheme - Gilt Fund
151974,LIC MF Gold ETF Fund of Fund-Direct Plan-Growth,2023-07-31,2026-08-14,737,0.3477046514921038,0.238965476548923,1.168719517565442,-0.2447885143508854,Fund of Funds,LIC Mutual Fund,Other Scheme - FoF Domestic
152024,LIC MF Healthcare Fund-Direct Plan-Growth,2023-07-31,2026-08-14,748,0.2242821799327614,0.1396773886626281,1.1261402964240834,-0.1510218552637114,Sectoral,LIC Mutual Fund,Equity Scheme - Sectoral/ Thematic
120351,LIC MF Infrastructure Fund-Direct Plan-Growth,2013-01-02,2026-08-14,3341,0.1605437861928489,0.1835190380501987,0.5990248153369069,-0.3957721702542403,Sectoral,LIC Mutual Fund,Equity Scheme - Sectoral/ Thematic
133710,LIC MF Large & Mid Cap Fund-Direct Plan-Growth,2015-02-26,2026-08-14,2823,0.1431572448310416,0.1573340820217252,0.5687164136814333,-0.339249490097669,Mid Cap,LIC Mutual Fund,Equity Scheme - Large & Mid Cap Fund
120267,LIC MF Large Cap Fund-Direct Plan-Growth,2013-01-02,2026-08-14,3341,0.1196823757006557,0.1532151317713158,0.4433552576578208,-0.3309215466620708,Large Cap,LIC Mutual Fund,Equity Scheme - Large Cap Fund
120315,LIC MF Low Duration Fund-Direct Plan-Growth,2013-01-02,2026-08-14,3288,0.0720341948943872,0.0201784454689059,0.6349016882266922,-0.0617844098647488,Low Duration,LIC Mutual Fund,Debt Scheme - Low Duration Fund
152920,LIC MF Manufacturing Fund-Direct Plan-Growth,2024-10-16,2026-08-14,451,0.1021341461309144,0.1768915981717654,0.3114705603143808,-0.2216499431565419,Sectoral,LIC Mutual Fund,Equity Scheme - Sectoral/ Thematic
120279,LIC MF Medium to Long Duration Fund-Direct Plan-Growth,2013-01-02,2026-08-14,3288,0.0715568119278651,0.0267588022139419,0.4669740099605096,-0.0622206397735398,Long Duration,LIC Mutual Fund,Debt Scheme - Medium to Long Duration Fund
152002,LIC MF Mid Cap Fund-Direct Plan-Growth,2023-07-31,2026-08-14,748,0.1865645075191118,0.165904129306219,0.7789768154039104,-0.2146747587924058,Mid Cap,LIC Mutual Fund,Equity Scheme - Mid Cap Fund
153246,LIC MF Multi Asset Allocation Fund-Direct Plan-Growth,2025-02-18,2026-08-14,366,0.1708500875822496,0.129883136575597,0.8474991552284177,-0.1350557793008157,Multi Asset,LIC Mutual Fund,Hybrid Scheme - Multi Asset Allocation
150659,LIC MF Multi Cap Fund-Direct Plan-Growth,2022-11-02,2026-08-14,932,0.1976814645248066,0.1428098903558231,0.944632508126664,-0.193191503310824,Multi Cap,LIC Mutual Fund,Equity Scheme - Multi Cap Fund
120307,LIC MF Nifty 50 Index Fund-Direct Plan-Growth,2013-01-02,2026-08-14,3341,0.1145007555153374,0.160438370495013,0.4008462729052263,-0.3811456796132302,Index,LIC Mutual Fund,Other Scheme - Index Funds
151937,LIC MF Nifty Next 50 Index Fund-Direct Plan-Growth,2023-07-31,2026-08-14,748,0.1839364018532119,0.1829158150059927,0.7106314066481119,-0.2643055321610291,Index,LIC Mutual Fund,Other Scheme - Index Funds
145954,LIC MF Short Duration Fund-Direct Plan-Growth,2019-02-04,2026-08-14,1822,0.070477173735419,0.0135190234205886,0.8143095500690722,-0.0227626842416319,Short Duration,LIC Mutual Fund,Debt Scheme - Short Duration Fund
152004,LIC MF Small Cap Fund-Direct Plan-Growth,2023-07-31,2026-08-14,748,0.1939553058700562,0.1919444642495364,0.7309668104563808,-0.2701344937735326,Small Cap,LIC Mutual Fund,Equity Scheme - Small Cap Fund
152018,LIC MF Value Fund-Direct Plan-Growth,2023-07-31,2026-08-14,748,0.1902938864038335,0.1706096094607298,0.781034332242592,-0.2519811353230748,Value,LIC Mutual Fund,Equity Scheme - Value Fund
147446,Mahindra Manulife Aggressive Hybrid Fund - Direct Plan -Growth,2019-07-23,2026-08-14,1740,0.1732030114688509,0.1230874050327692,0.9027906864219276,-0.2540912180414436,Aggressive Hybrid,Mahindra Manulife Mutual Fund,Hybrid Schemes - Aggressive Hybrid Fund
149230,Mahindra Manulife Asia Pacific REITs FOF - Direct Plan - Growth,2021-10-22,2026-08-14,1118,0.0249922526168602,0.1446547643195901,-0.157472870748233,-0.2617329950848264,Fund of Funds,Mahindra Manulife Mutual Fund,Other Scheme - FoF Overseas
149406,Mahindra Manulife Balanced Advantage Fund - Direct Plan - Growth,2022-01-03,2026-08-14,1137,0.1118226951907714,0.0957375753861829,0.5539570351985101,-0.0976608493157852,Balanced Advantage,Mahindra Manulife Mutual Fund,Hybrid Schemes - Balanced Advantage Fund/ Dynamic Asset Allocation
153674,Mahindra Manulife Banking & Financial Services Fund - Direct - Growth,2025-07-21,2026-08-14,263,0.0956928395759653,0.1682578068178532,0.2835722019764658,-0.1572436896508482,Sectoral,Mahindra Manulife Mutual Fund,Equity Scheme - Sectoral/ Thematic
152045,Mahindra Manulife Business Cycle Fund - Direct Plan - Growth,2023-09-13,2026-08-14,717,0.1943748642622398,0.1581865572478362,0.8540519087841955,-0.2144297858078668,Sectoral,Mahindra Manulife Mutual Fund,Equity Scheme - Sectoral/ Thematic
145356,Mahindra Manulife Consumption Fund - Direct Plan -Growth,2018-11-16,2026-08-14,1909,0.1299069024945836,0.1592764214627636,0.4880621526005314,-0.3397660503476901,Thematic,Mahindra Manulife Mutual Fund,Equity Schemes - Thematic Fund
144403,Mahindra Manulife Dynamic Bond Fund - Direct Plan - Growth,2018-08-24,2026-08-14,1930,0.064678965309483,0.0181613017357904,0.3000270340417713,-0.0234458028767756,Dynamic Bond,Mahindra Manulife Mutual Fund,Debt Scheme - Dynamic Bond
139781,Mahindra Manulife ELSS Tax Saver Fund - Direct Plan -Growth,2016-10-19,2026-08-14,2422,0.1305835481887671,0.1514138244870466,0.508640601126312,-0.3589457856614028,ELSS,Mahindra Manulife Mutual Fund,Equity Schemes - ELSS- Tax Saver Fund
140444,Mahindra Manulife Equity Savings Fund - Direct Plan -Growth,2017-02-08,2026-08-14,2345,0.1040299885193707,0.0776946065533959,0.5695514906800782,-0.2045884152319699,Equity Savings,Mahindra Manulife Mutual Fund,Hybrid Scheme - Equity Savings
149104,Mahindra Manulife Flexi Cap Fund - Direct Plan -Growth,2021-08-25,2026-08-14,1225,0.1214266561657322,0.138685968704381,0.4824923153573187,-0.172352250344464,Flexi Cap,Mahindra Manulife Mutual Fund,Equity Schemes - Flexi Cap Fund
148567,Mahindra Manulife Focused Fund - Direct Plan -Growth,2020-11-19,2026-08-14,1413,0.2101556422834045,0.1431281522651011,1.0167028718922797,-0.1646565217249233,Focused,Mahindra Manulife Mutual Fund,Equity Schemes - Focused Fund
147840,Mahindra Manulife Large & Mid Cap Fund - Direct Plan -Growth,2020-01-01,2026-08-14,1634,0.1902546225410724,0.1782531096586444,0.7516622135378769,-0.3290492957746479,Mid Cap,Mahindra Manulife Mutual Fund,Equity Scheme - Large & Mid Cap Fund
146549,Mahindra Manulife Large Cap Fund - Direct Plan -Growth,2019-03-19,2026-08-14,1825,0.1360287312170667,0.1652649878994148,0.509924873759032,-0.3526800587064767,Large Cap,Mahindra Manulife Mutual Fund,Equity Schemes - Large Cap Fund
152672,Mahindra Manulife Manufacturing Fund - Direct Plan - Growth,2024-06-26,2026-08-14,528,0.0520052378142055,0.151660912878634,0.0211698646647768,-0.2319833852544133,Sectoral,Mahindra Manulife Mutual Fund,Equity Scheme - Sectoral/ Thematic
142110,Mahindra Manulife Mid Cap Fund - Direct Plan -Growth,2018-02-06,2026-08-14,2099,0.1955948550641242,0.1695156717325581,0.8101762090894281,-0.3309945895641543,Mid Cap,Mahindra Manulife Mutual Fund,Equity Scheme - Mid Cap Fund
152443,Mahindra Manulife Multi Asset Allocation Fund- Direct Plan - Growth,2024-03-15,2026-08-14,595,0.1674217351532292,0.0908021137104527,1.1316975055846887,-0.0952804986642921,Multi Asset,Mahindra Manulife Mutual Fund,Hybrid Scheme - Multi Asset Allocation
141226,Mahindra Manulife Multi Cap Fund - Direct Plan -Growth,2017-05-18,2026-08-14,2279,0.1810074790281317,0.1709548085844174,0.730437171335071,-0.3443609844462489,Multi Cap,Mahindra Manulife Mutual Fund,Equity Schemes - Multi Cap Fund
150915,Mahindra Manulife Small Cap Fund - Direct Plan - Growth,2022-12-14,2026-08-14,903,0.2612092242244135,0.1707593793328854,1.1270780180759807,-0.2599636086165404,Small Cap,Mahindra Manulife Mutual Fund,Equity Scheme - Small Cap Fund
153303,Mahindra Manulife Value Fund - Direct Plan - Growth,2025-03-05,2026-08-14,356,0.1964747562543392,0.1474397381893014,0.9131873068156364,-0.1149303719372466,Value,Mahindra Manulife Mutual Fund,Equity Scheme - Value Fund
134813,Mirae Asset Aggressive Hybrid Fund - Direct Plan - Growth,2015-07-30,2026-08-14,2719,0.1333121276329583,0.1223786446130452,0.6184215521325788,-0.2899714801233921,Aggressive Hybrid,Mirae Asset Mutual Fund,Hybrid Scheme - Aggressive Hybrid Fund
153380,Mirae Asset BSE 200 Equal Weight ETF Fund of Fund - Direct Plan - Growth,2025-03-19,2026-08-14,347,0.1275383510826651,0.1769800392333068,0.4429172084913953,-0.1350498763747974,Fund of Funds,Mirae Asset Mutual Fund,Other Scheme - FoF Domestic
153385,Mirae Asset BSE Select IPO ETF Fund of Fund - Direct Plan - Growth,2025-03-19,2026-08-14,347,0.1098232904411364,0.1869486349225443,0.3427289031858735,-0.2427121919793847,Fund of Funds,Mirae Asset Mutual Fund,Other Scheme - FoF Domestic
150470,Mirae Asset Balanced Advantage Fund Direct Plan- Growth,2022-08-12,2026-08-14,985,0.1177620663334639,0.070858865182131,0.8007038725169994,-0.0751905994264531,Balanced Advantage,Mirae Asset Mutual Fund,Hybrid Scheme - Dynamic Asset Allocation or Balanced Advantage
148623,Mirae Asset Banking and Financial Services Fund Direct Growth,2020-12-14,2026-08-14,1397,0.1617400727264382,0.169856125845537,0.634596927746647,-0.21043892578689,Thematic,Mirae Asset Mutual Fund,Equity Schemes - Thematic Fund
148419,Mirae Asset Banking and PSU Fund - Direct Plan - Growth,2020-07-27,2026-08-14,1468,0.0579565973421101,0.0108461571533238,-0.1293755127134924,-0.0119118801151014,Banking & PSU,Mirae Asset Mutual Fund,Debt Scheme - Banking and PSU Fund
150792,Mirae Asset CRISIL IBX Gilt Index - April 2033 Index Fund - Direct Plan - Growth,2022-10-21,2026-08-14,923,0.0839787053931049,0.0241321909351167,1.0094958546841868,-0.0230993445494911,Index,Mirae Asset Mutual Fund,Other Scheme - Index Funds
148755,Mirae Asset Corporate Bond Fund Direct Growth Plan,2021-03-18,2026-08-14,1308,0.0622496832861687,0.0106975030853672,0.282712388877729,-0.0123526215961188,Corporate Bond,Mirae Asset Mutual Fund,Debt Scheme - Corporate Bond Fund
148500,Mirae Asset Diversified Equity Allocator Passive FOF - Direct Plan - Growth,2020-09-22,2026-08-14,1453,0.1756420530751805,0.1428206492835759,0.8104143680505164,-0.1818526667172444,Fund of Funds,Mirae Asset Mutual Fund,Other Scheme - FoF Domestic
140769,Mirae Asset Dynamic Bond Fund -Direct Plan -Growth,2017-03-27,2026-08-14,2273,0.070017301524291,0.0225120486084458,0.4748851649875416,-0.0349448802571104,Dynamic Bond,Mirae Asset Mutual Fund,Debt Scheme - Dynamic Bond
135781,Mirae Asset ELSS Tax Saver Fund - Direct Plan - Growth,2015-12-29,2026-08-14,2619,0.1801992972928159,0.162778430237812,0.7549119751557062,-0.3780998699860355,ELSS,Mirae Asset Mutual Fund,Equity Scheme - ELSS
145693,Mirae Asset Equity Savings Fund- Direct Plan- Growth,2018-12-18,2026-08-14,1887,0.1154628171027152,0.0736240651718637,0.7404189549757468,-0.1820173516782052,Equity Savings,Mirae Asset Mutual Fund,Hybrid Scheme - Equity Savings
151412,Mirae Asset Flexi Cap Fund - Direct Plan - Growth,2023-02-27,2026-08-14,851,0.1690153487891539,0.1347110515626906,0.8118489605690554,-0.1610566680869194,Flexi Cap,Mirae Asset Mutual Fund,Equity Scheme - Flexi Cap Fund
147206,Mirae Asset Focused Fund Direct Plan Growth,2019-05-15,2026-08-14,1788,0.1530842719708018,0.1710143185149481,0.5874262187573566,-0.3821640517031136,Focused,Mirae Asset Mutual Fund,Equity Scheme - Focused Fund
150595,Mirae Asset Global Electric & Autonomous Vehicles Equity Passive FOF - Direct Plan - Growth,2022-09-08,2026-08-14,968,0.1445086730014293,0.2705668319732393,0.4251923351729492,-0.3041385948026949,Fund of Funds,Mirae Asset Mutual Fund,Other Scheme - FoF Overseas
150597,Mirae Asset Global X Artificial Intelligence & Technology ETF Fund of Fund - Direct Plan- Growth,2022-09-08,2026-08-14,934,0.384799781686588,0.2600607140611163,1.2290418394721054,-0.2724159970781592,Fund of Funds,Mirae Asset Mutual Fund,Other Scheme - FoF Overseas
153007,Mirae Asset Gold ETF Fund of Fund - Direct Plan - Growth,2024-10-28,2026-08-14,443,0.4310485044146406,0.2466227592193079,1.3679143154498774,-0.2377999460771097,Fund of Funds,Mirae Asset Mutual Fund,Other Scheme - FoF Domestic
118837,Mirae Asset Great Consumer Fund - Direct Plan - Growth,2013-01-02,2026-08-14,3351,0.1704265929738573,0.1452927473213654,0.7696171712179303,-0.3548962538728757,Thematic,Mirae Asset Mutual Fund,Equity Schemes - Thematic Fund
143783,Mirae Asset Healthcare Fund Direct Growth,2018-07-03,2026-08-14,1998,0.2228176583058696,0.1577123531284902,1.005054472930607,-0.1998230230874427,Thematic,Mirae Asset Mutual Fund,Equity Schemes - Thematic Fund
118834,Mirae Asset Large & Midcap Fund - Direct Plan - Growth,2013-01-02,2026-08-14,3351,0.2061121028484018,0.1612835823077031,0.8996292813687825,-0.368667284173509,Mid Cap,Mirae Asset Mutual Fund,Equity Scheme - Large & Mid Cap Fund
118825,Mirae Asset Large Cap Fund - Direct Plan - Growth,2013-01-02,2026-08-14,3351,0.1517116688507334,0.1579021100156424,0.6158146303758296,-0.3744172593323578,Large Cap,Mirae Asset Mutual Fund,Equity Scheme - Large Cap Fund
153105,Mirae Asset Long Duration Fund - Direct Plan - Growth,2024-12-09,2026-08-14,409,0.0398982250852211,0.0426592182617878,-0.4344743615030903,-0.0562838846175642,Long Duration,Mirae Asset Mutual Fund,Debt Scheme - Long Duration Fund
147445,Mirae Asset Midcap Fund- Direct Growth Option,2019-07-30,2026-08-14,1735,0.2371034744381317,0.1805050686517716,0.965823037088018,-0.3737778891952871,Mid Cap,Mirae Asset Mutual Fund,Equity Scheme - Mid Cap Fund
152344,Mirae Asset Multi Asset Allocation Fund - Direct Plan - Growth,2024-02-01,2026-08-14,625,0.148548823447121,0.0885595745604057,0.9667233727441767,-0.0908898155346666,Multi Asset,Mirae Asset Mutual Fund,Hybrid Scheme - Multi Asset Allocation
151810,Mirae Asset Multicap Fund - Direct Plan - Growth,2023-08-22,2026-08-14,733,0.1580986083689362,0.1451846372185082,0.6965513711719127,-0.1816459122902003,Multi Cap,Mirae Asset Mutual Fund,Equity Scheme - Multi Cap Fund
148928,Mirae Asset NYSE FANG + ETF Fund of Fund Direct Growth,2021-05-11,2026-08-14,1254,0.3244152021790232,0.2665423311272564,1.0235452238296627,-0.4372394627142195,Fund of Funds,Mirae Asset Mutual Fund,Other Scheme - FoF Domestic
148574,Mirae Asset Nifty 100 ESG Sector Leaders Fund of Fund Direct Growth,2020-11-19,2026-08-14,1413,0.1164189249057827,0.1403171460878046,0.4458307205675341,-0.1789905680754553,Fund of Funds,Mirae Asset Mutual Fund,Other Scheme - FoF Domestic
152972,Mirae Asset Nifty 50 Index Fund - Direct Plan - Growth,2024-10-25,2026-08-14,444,0.0142508465451645,0.1335988965110513,-0.273951535723358,-0.150780770041904,Index,Mirae Asset Mutual Fund,Other Scheme - Index Funds
149790,Mirae Asset Nifty India Manufacturing ETF FOF - Direct Plan - Growth,2022-02-01,2026-08-14,1117,0.1769736860859323,0.1555807121885508,0.7643199301194892,-0.230139311928896,Fund of Funds,Mirae Asset Mutual Fund,Other Scheme - FoF Domestic
153192,Mirae Asset Nifty India New Age Consumption ETF Fund of Fund - Direct Plan - Growth,2025-01-03,2026-08-14,398,0.001291935681984,0.1877972518904695,-0.2186603929615703,-0.2188627718716472,Fund of Funds,Mirae Asset Mutual Fund,Other Scheme - FoF Domestic
152976,Mirae Asset Nifty LargeMidcap 250 Index Fund - Direct Plan - Growth,2024-10-25,2026-08-14,444,0.048766351439232,0.1507948700884417,0.0010312522760625,-0.1551306169152299,Index,Mirae Asset Mutual Fund,Other Scheme - Index Funds
152645,Mirae Asset Nifty MidSmallcap400 Momentum Quality 100 ETF Fund of Fund - Direct Plan - Growth,2024-05-31,2026-08-14,545,0.0302783131854842,0.1979808624040684,-0.0500346014885614,-0.2600196375970722,Fund of Funds,Mirae Asset Mutual Fund,Other Scheme - FoF Domestic
150358,Mirae Asset Nifty SDL Jun 2027 Index Fund -Direct Plan - Growth,2022-03-31,2026-08-14,1059,0.0658496087642026,0.0152834538110182,0.4279067782862223,-0.0360774286342114,Index,Mirae Asset Mutual Fund,Other Scheme - Index Funds
151691,Mirae Asset Nifty SDL June 2028 Index Fund - Direct Plan - Growth,2023-04-03,2026-08-14,814,0.0774453385113629,0.0134734891244227,1.328584698935626,-0.0092062293844461,Index,Mirae Asset Mutual Fund,Other Scheme - Index Funds
152459,Mirae Asset Nifty Smallcap 250 Momentum Quality 100 ETF Fund of Fund - Direct Plan - Growth,2024-03-04,2026-08-14,603,0.0265091359950517,0.2030897143911486,-0.0617906411439237,-0.309050223769269,Fund of Funds,Mirae Asset Mutual Fund,Other Scheme - FoF Domestic
152968,Mirae Asset Nifty Total Market Index Fund - Direct Plan - Growth,2024-10-29,2026-08-14,442,0.0282238819791278,0.1457498789537248,-0.1435152171023661,-0.1516658138883793,Index,Mirae Asset Mutual Fund,Other Scheme - Index Funds
152718,Mirae Asset Nifty200 Alpha 30 ETF Fund of Fund - Direct Plan - Growth,2024-07-29,2026-08-14,506,-0.0425615221754397,0.1973212110666704,-0.4300446469959896,-0.3011631260213401,Fund of Funds,Mirae Asset Mutual Fund,Other Scheme - FoF Domestic
149170,Mirae Asset S&P 500 Top 50 ETF Fund of Fund Direct Growth,2021-09-23,2026-08-14,1164,0.2388030387483435,0.2286337262545741,0.8443759177886713,-0.2992253490305921,Fund of Funds,Mirae Asset Mutual Fund,Other Scheme - FoF Domestic
142641,Mirae Asset Short Duration Fund - Direct Plan - Growth,2018-03-19,2026-08-14,2036,0.0709585951764533,0.0133930800954321,0.8551720435011725,-0.0219970884961744,Short Duration,Mirae Asset Mutual Fund,Debt Scheme - Short Duration Fund
153196,Mirae Asset Small Cap Fund - Direct Plan - Growth,2025-02-03,2026-08-14,377,0.1677505396210619,0.1576299196766007,0.7037469889787846,-0.1510648836057454,Small Cap,Mirae Asset Mutual Fund,Equity Scheme - Small Cap Fund
149381,Mirae AssetHang Seng TECH ETF Fund of Fund Direct Plan - Growth Option,2021-12-09,2026-08-14,1099,0.0379712580640003,0.3710069818539909,0.1305695899970022,-0.4779281930547381,Fund of Funds,Mirae Asset Mutual Fund,Other Scheme - FoF Domestic
149240,Motilal Oswal 5 Year G-Sec Fund Of Fund Direct -Growth,2021-10-12,2026-08-14,1173,0.0609263699606155,0.1146563790070587,0.0702101998823225,-0.1587859013437512,Fund of Funds,Motilal Oswal Mutual Fund,Other Scheme - FoF Domestic
153364,Motilal Oswal Active Momentum Fund- Direct-Growth,2025-03-21,2026-08-14,345,0.2834365564187444,0.1722504473078159,1.2231958110169938,-0.1658301263787304,Sectoral,Motilal Oswal Mutual Fund,Equity Scheme - Sectoral/ Thematic
148750,Motilal Oswal Asset Allocation FOF- C- Direct Growth,2021-03-18,2026-08-14,1331,0.1192062808259717,0.0835575333830923,0.7048599491831704,-0.121368215382273,Fund of Funds,Motilal Oswal Mutual Fund,Other Scheme - FoF Domestic
153596,Motilal Oswal BSE 1000 Index Fund - Direct Plan - Growth,2025-07-01,2026-08-14,277,0.010006022709931,0.1354891121498287,-0.300145191375629,-0.149214052319174,Index,Motilal Oswal Mutual Fund,Other Scheme - Index Funds
150443,Motilal Oswal BSE Financials ex Bank 30 Index Fund Direct Growth,2022-08-04,2026-08-14,990,0.1617836670008754,0.1868013542064089,0.5964294175278639,-0.17806401710274,Index,Motilal Oswal Mutual Fund,Other Scheme - Index Funds
139872,Motilal Oswal Balanced Advantage Fund  (MOFDYNAMIC) - Direct Plan - Growth Option,2016-09-28,2026-08-14,2434,0.0831486631339502,0.1135678494587595,0.2481993095019477,-0.2652980747832131,Balanced Advantage,Motilal Oswal Mutual Fund,Hybrid Scheme - Dynamic Asset Allocation or Balanced Advantage
152796,Motilal Oswal Business Cycle Fund - Direct Plan- Growth,2024-09-02,2026-08-14,482,0.117178538062848,0.1913027144529815,0.3726424328323099,-0.2502913194188361,Sectoral,Motilal Oswal Mutual Fund,Equity Scheme - Sectoral/ Thematic
152090,Motilal Oswal Developed Market Ex US ETFs Fund of Funds Direct Plan Growth,2023-09-26,2026-08-14,708,0.2602557662171718,0.154011859553999,1.2312047366340892,-0.1426921258072269,Fund of Funds,Motilal Oswal Mutual Fund,Other Scheme - FoF Overseas
152964,Motilal Oswal Digital India Fund - Direct Plan - Growth,2024-11-08,2026-08-14,435,0.0180976562415275,0.2156633599282504,-0.0855359302004716,-0.3032302946534,Sectoral,Motilal Oswal Mutual Fund,Equity Scheme - Sectoral/ Thematic
133386,Motilal Oswal ELSS Tax Saver Fund - Direct Plan - Growth Option,2015-01-22,2026-08-14,2847,0.1763470543508074,0.1765651163245482,0.6910096246247335,-0.3772491365986757,ELSS,Motilal Oswal Mutual Fund,Equity Scheme - ELSS
129046,Motilal Oswal Flexi cap Fund Direct Plan-Growth Option,2014-04-29,2026-08-14,3026,0.1734928608362673,0.1689499408545966,0.7001106241731174,-0.3709590773708332,Flexi Cap,Motilal Oswal Mutual Fund,Equity Scheme - Flexi Cap Fund
122389,Motilal Oswal Focused Fund - Direct Plan Growth Option,2013-05-15,2026-08-14,3261,0.1478094875231297,0.1632568301454811,0.5795523497971643,-0.3455111432252037,Focused,Motilal Oswal Mutual Fund,Equity Scheme - Focused Fund
153484,Motilal Oswal Infrastructure Fund-Direct-Growth,2025-05-19,2026-08-14,308,0.166343923070356,0.1506431139871106,0.7147528828747947,-0.0968484066900707,Sectoral,Motilal Oswal Mutual Fund,Equity Scheme - Sectoral/ Thematic
153258,Motilal Oswal Innovation Opportunities Fund - Direct Plan- Growth,2025-02-24,2026-08-14,362,0.3050511838245546,0.1773929540224643,1.288429601329052,-0.1941665303938037,Sectoral,Motilal Oswal Mutual Fund,Equity Scheme - Sectoral/ Thematic
152354,Motilal Oswal Large Cap Direct Plan Growth,2024-02-12,2026-08-14,618,0.1540278929471361,0.139058591259467,0.6912546033549641,-0.1581719586736625,Large Cap,Motilal Oswal Mutual Fund,Equity Scheme - Large Cap Fund
147704,Motilal Oswal Large and Midcap Fund - Direct Plan Growth,2019-10-22,2026-08-14,1682,0.2249355706372666,0.1945195071795258,0.8555157095205252,-0.3743638060687178,Mid Cap,Motilal Oswal Mutual Fund,Equity Scheme - Large & Mid Cap Fund
152760,Motilal Oswal Manufacturing Fund - Direct Plan- Growth,2024-08-14,2026-08-14,494,0.1003788900817423,0.1969407503666061,0.2902034003799411,-0.261845324692501,Sectoral,Motilal Oswal Mutual Fund,Equity Scheme - Sectoral/ Thematic
127042,Motilal Oswal Midcap Fund-Direct Plan-Growth Option,2014-02-25,2026-08-14,3065,0.2206860361245433,0.1774167415629031,0.9040710653841662,-0.3723197379867969,Mid Cap,Motilal Oswal Mutual Fund,Equity Scheme - Mid Cap Fund
148747,Motilal Oswal Multi Asset Passive Fund of Fund - Direct Growth,2021-03-18,2026-08-14,1331,0.1420321079413455,0.0942910479549237,0.8542993750696227,-0.1238816184111589,Fund of Funds,Motilal Oswal Mutual Fund,Other Scheme - FoF Domestic
152651,Motilal Oswal Multi Cap Fund-Direct Plan Growth,2024-06-21,2026-08-14,531,0.2045336291869388,0.1851174213562777,0.7946601780517756,-0.2413283270066568,Multi Cap,Motilal Oswal Mutual Fund,Equity Scheme - Multi Cap Fund
145552,Motilal Oswal Nasdaq 100 Fund of Fund- Direct Plan Growth,2018-12-03,2026-08-14,1898,0.2801295596633439,0.2273838546963034,0.9607540672112062,-0.3035043301401502,Fund of Funds,Motilal Oswal Mutual Fund,Other Scheme - FoF Domestic
147794,Motilal Oswal Nifty 50 Index Fund - Direct plan - Growth,2019-12-26,2026-08-14,1638,0.1225599786421411,0.1755709880018098,0.41943717932141,-0.3727838860582223,Index,Motilal Oswal Mutual Fund,Other Scheme - Index Funds
152875,Motilal Oswal Nifty 500 Momentum 50 Index Fund-Direct Plan-Growth,2024-09-30,2026-08-14,462,-0.0820070358410458,0.207249486062015,-0.6079178303835255,-0.3161953727506426,Index,Motilal Oswal Mutual Fund,Other Scheme - Index Funds
153138,Motilal Oswal Nifty Capital Market Index Fund - Direct Plan - Growth,2024-12-20,2026-08-14,407,0.1754876945224248,0.2808138430220573,0.5152709184185156,-0.2865690669079246,Index,Motilal Oswal Mutual Fund,Other Scheme - Index Funds
152712,Motilal Oswal Nifty India Defence Index Fund Direct Plan Growth,2024-07-09,2026-08-14,519,0.0899531065804339,0.282313835337274,0.2397220818317281,-0.3818017819011855,Index,Motilal Oswal Mutual Fund,Other Scheme - Index Funds
151814,Motilal Oswal Nifty Microcap 250 Index Fund- Direct- Growth Option,2023-07-11,2026-08-14,762,0.2276255861127312,0.214707434936445,0.807423218663117,-0.2939190916994835,Index,Motilal Oswal Mutual Fund,Other Scheme - Index Funds
153027,Motilal Oswal Nifty MidSmall Financial Services Index Fund - Direct Plan- Growth,2024-11-25,2026-08-14,426,0.24231051189934,0.2145644764030397,0.8570755821823158,-0.1987410643728483,Index,Motilal Oswal Mutual Fund,Other Scheme - Index Funds
153023,Motilal Oswal Nifty MidSmall Healthcare Index Fund- Direct Plan-Growth,2024-11-25,2026-08-14,426,0.1312584339672198,0.1633289593162992,0.4831614459328279,-0.1748003955464401,Index,Motilal Oswal Mutual Fund,Other Scheme - Index Funds
153029,Motilal Oswal Nifty MidSmall IT and Telecom Index Fund - Direct Plan- Growth,2024-11-25,2026-08-14,426,-0.0326560448565618,0.2243089088027605,-0.3061980654623163,-0.3237423643550126,Index,Motilal Oswal Mutual Fund,Other Scheme - Index Funds
153025,Motilal Oswal Nifty MidSmall India Consumption Index Fund - Direct Plan- Growth,2024-11-25,2026-08-14,426,-0.0150640311042876,0.1717858414547181,-0.3532628003521326,-0.2432557716778768,Index,Motilal Oswal Mutual Fund,Other Scheme - Index Funds
147796,Motilal Oswal Nifty Next 50 Index Fund - Direct plan - Growth,2019-12-26,2026-08-14,1638,0.1609931674650928,0.1921357801894913,0.5784314922745956,-0.3556090571481485,Index,Motilal Oswal Mutual Fund,Other Scheme - Index Funds
152694,Motilal Oswal Quant Fund - Direct - Growth,2024-06-10,2026-08-14,539,0.0189976754664873,0.1864190675670885,-0.1255755994983619,-0.2671719927696871,Sectoral,Motilal Oswal Mutual Fund,Equity Scheme - Sectoral/ Thematic
148381,Motilal Oswal S&P 500 Index Fund - Direct Plan Growth,2020-04-29,2026-08-14,1554,0.2192556878807665,0.1702069032509578,0.9220189134091346,-0.1991317733990146,Index,Motilal Oswal Mutual Fund,Other Scheme - Index Funds
153558,Motilal Oswal Services Fund - Direct Plan - Growth,2025-06-16,2026-08-14,288,0.1535498148131129,0.1572866273086945,0.6228618371596086,-0.1725896126203498,Sectoral,Motilal Oswal Mutual Fund,Equity Scheme - Sectoral/ Thematic
152237,Motilal Oswal Small Cap Fund - Direct - Growth,2023-12-29,2026-08-14,647,0.2337369917256375,0.1760196208571879,0.9700782600698714,-0.2369386719410793,Small Cap,Motilal Oswal Mutual Fund,Equity Scheme - Small Cap Fund
124234,Motilal Oswal Ultra Short Term Fund (MOFUSTF) -Direct Plan- Growth,2013-09-10,2026-08-14,3121,0.0493772425809,0.0266098381297165,-0.3497958240097036,-0.1196330275229358,Ultra Short Duration,Motilal Oswal Mutual Fund,Debt Scheme - Ultra Short Duration Fund
152062,NAVI BSE SENSEX INDEX FUND - DIRECT PLAN - GROWTH,2023-09-05,2026-08-14,724,0.0689609575674932,0.1328230546000851,0.129322154691668,-0.1611370845296974,Index,Navi Mutual Fund,Other Scheme - Index Funds
151471,NAVI ELSS TAX SAVER NIFTY 50 INDEX FUND - DIRECT PLAN GROWTH,2023-03-21,2026-08-14,837,0.1205119284639921,0.1272572755095593,0.508883196153523,-0.1548136130202611,ELSS,Navi Mutual Fund,Equity Scheme - ELSS
150367,NJ Arbitrage Fund - Direct Plan - Growth Option,2022-08-02,2026-08-14,992,0.0686178546414644,0.0102224076121399,0.7943699978545684,-0.0062901702762802,Arbitrage,NJ Mutual Fund,Hybrid Schemes - Arbitrage Fund
149264,NJ Balanced Advantage Fund - Direct Plan - Growth Option,2021-11-01,2026-08-14,1179,0.0845774907560856,0.081753053116408,0.3233374368525251,-0.1474654377880184,Balanced Advantage,NJ Mutual Fund,Hybrid Schemes - Balanced Advantage Fund/ Dynamic Asset Allocation
151611,NJ ELSS Tax Saver Scheme Direct Growth,2023-06-19,2026-08-14,777,0.1405325405104154,0.1396584123375669,0.6049567392359639,-0.2280385078219013,ELSS,NJ Mutual Fund,Equity Schemes - ELSS- Tax Saver Fund
151917,NJ Flexi Cap Fund - Direct Plan - Growth Option,2023-09-06,2026-08-14,722,0.1183603861487203,0.1458053574892031,0.4496332571233263,-0.2673568818514008,Flexi Cap,NJ Mutual Fund,Equity Schemes - Flexi Cap Fund
143163,Navi Aggressive Hybrid Fund - Direct Plan - Growth,2018-05-02,2026-08-14,2043,0.1218718813943751,0.1309555196523947,0.5057916346703242,-0.3065093418731697,Aggressive Hybrid,Navi Mutual Fund,Hybrid Scheme - Aggressive Hybrid Fund
135654,Navi ELSS Tax Saver Fund- Direct Plan- Growth Option,2015-12-31,2026-04-10,2532,0.1219466850865391,0.1547116612071343,0.4513952346094281,-0.377728940390134,ELSS,Navi Mutual Fund,Equity Scheme - ELSS
143793,Navi Flexi Cap Fund - Direct Plan - Growth,2018-07-10,2026-08-14,1994,0.1433742426589932,0.1699785558289826,0.5399174029816046,-0.3789361577230454,Flexi Cap,Navi Mutual Fund,Equity Scheme - Flexi Cap Fund
135677,Navi Large & Midcap Fund- Direct Plan- Growth Option,2015-12-08,2026-08-14,2634,0.1519509130066185,0.156454152038829,0.6202584138157359,-0.3841077145047118,Mid Cap,Navi Mutual Fund,Equity Scheme - Large & Mid Cap Fund
149910,Navi NASDAQ100 US Specific Equity Passive FOF- Direct- Growth,2022-03-25,2026-08-14,1043,0.239048106633946,0.2357720849679812,0.8283518857109775,-0.250829288222648,Fund of Funds,Navi Mutual Fund,Other Scheme - FoF Overseas
149039,Navi Nifty 50 Index Fund-Direct Plan-Growth,2021-07-16,2026-08-14,1252,0.098519508478079,0.1376633936542317,0.3314936451150228,-0.1659221771798911,Index,Navi Mutual Fund,Other Scheme - Index Funds
149804,Navi Nifty Bank Index Fund- Direct Plan- Growth,2022-02-04,2026-08-14,1115,0.0969749934250243,0.1687469622446982,0.2903039368507352,-0.1838868654889036,Index,Navi Mutual Fund,Other Scheme - Index Funds
150515,Navi Nifty India Manufacturing Index Fund- Direct Plan- Growth,2022-08-29,2026-08-14,976,0.1957307307487521,0.1486592115037202,0.9017711381941432,-0.230330306619292,Index,Navi Mutual Fund,Other Scheme - Index Funds
149892,Navi Nifty Midcap 150 Index Fund Direct Plan- Growth,2022-03-11,2026-08-14,1091,0.1977109078288503,0.1629003534872487,0.8474062421302904,-0.2097601370107933,Index,Navi Mutual Fund,Other Scheme - Index Funds
149447,Navi Nifty Next 50 Index Fund- Direct Plan- Growth,2022-01-20,2026-08-14,1125,0.1345921446708617,0.1807942271920577,0.4739215198617411,-0.2629124644391903,Index,Navi Mutual Fund,Other Scheme - Index Funds
152535,Navi NiftyIT Index Fund - Direct Plan- Growth,2024-03-28,2026-08-14,588,-0.0264658356588828,0.2262456775601891,-0.2732388992584885,-0.4212050766996938,Index,Navi Mutual Fund,Other Scheme - Index Funds
149830,Navi Total Stock Market US Specific Equity Passive FoF- Direct Plan- Growth,2022-02-24,2026-08-14,1062,0.2055587105617464,0.1834589583734006,0.8461430442495709,-0.2003717606294665,Fund of Funds,Navi Mutual Fund,Other Scheme - FoF Overseas
153274,Nippon India Active Momentum Fund-Direct Plan - Growth Option,2025-03-03,2026-08-14,358,0.226153418961253,0.1553223442684038,1.03367749307503,-0.1264012618398073,Sectoral,Nippon India Mutual Fund,Equity Scheme - Sectoral/ Thematic
118794,Nippon India Aggressive Hybrid Fund  - Direct Plan Growth Plan,2013-01-02,2026-08-14,3350,0.1217248238288108,0.130275256347054,0.5084890068223907,-0.4234906101553077,Aggressive Hybrid,Nippon India Mutual Fund,Hybrid Scheme - Aggressive Hybrid Fund
118585,Nippon India Arbitrage Fund - Direct Plan Growth Plan - Growth Option,2013-01-03,2026-08-14,3349,0.0707333203328621,0.0105994418122627,0.950715927396362,-0.0062149215485671,Arbitrage,Nippon India Mutual Fund,Hybrid Scheme - Arbitrage Fund
153567,Nippon India BSE Sensex Next 30 Index Fund- Direct Plan- Growth Option,2025-06-12,2026-08-14,290,0.120283470392229,0.1350105638520543,0.4828308836068827,-0.1142801921696393,Index,Nippon India Mutual Fund,Other Scheme - Index Funds
118736,Nippon India Balanced Advantage Fund - Direct Plan Growth Plan - Growth Option,2013-01-03,2026-08-14,3349,0.1199445546753641,0.1126682024938912,0.5541917454435943,-0.2278860652371068,Balanced Advantage,Nippon India Mutual Fund,Hybrid Scheme - Dynamic Asset Allocation or Balanced Advantage
118589,Nippon India Banking & Financial Services Fund - Direct Plan Growth Plan - Growth Option,2013-01-02,2026-08-14,3351,0.1375291010580743,0.2106440643052637,0.4479666160647022,-0.5056150262724889,Sectoral,Nippon India Mutual Fund,Equity Scheme - Sectoral/ Thematic
134547,Nippon India Banking and PSU  Fund- Direct Plan-Growth Plan- Growth Option,2015-05-18,2026-08-14,2723,0.0766398133874404,0.0167410936574945,1.0157201166067342,-0.0320091454701343,Banking & PSU,Nippon India Mutual Fund,Debt Scheme - Banking and PSU Fund
118726,Nippon India Conservative Hybrid  Fund - Direct Plan Growth Plan - Growth Option,2013-01-02,2026-08-14,3287,0.0765858732267552,0.0445604998819743,0.4053788635289239,-0.1894648733021722,Conservative Hybrid,Nippon India Mutual Fund,Hybrid Scheme - Conservative Hybrid Fund
118724,Nippon India Consumption Fund - Direct Plan Growth Plan - Growth Option,2013-01-02,2026-08-14,3351,0.1366593822008366,0.1576667824561776,0.5307681456563945,-0.3103142797983954,Sectoral,Nippon India Mutual Fund,Equity Scheme - Sectoral/ Thematic
118814,Nippon India Corporate Bond Fund - Direct Plan Growth Plan - Growth Option,2013-01-02,2026-08-14,3287,0.0791694021362816,0.0110587876646821,1.7735097105708943,-0.0169758467716794,Corporate Bond,Nippon India Mutual Fund,Debt Scheme - Corporate Bond Fund
118780,Nippon India Credit Risk Fund - Direct Plan - Growth Plan,2013-01-02,2026-08-14,3287,0.0763994803397387,0.0400213532496631,0.4425427299702747,-0.1382815531515979,Credit Risk,Nippon India Mutual Fund,Debt Scheme - Credit Risk Fund
148642,Nippon India Diversified Equity Flexicap Passive FoF - Direct Plan - Growth Option,2021-01-04,2026-08-14,1383,0.1466888227263669,0.1350681559405205,0.659771790597256,-0.1865284974093263,Fund of Funds,Nippon India Mutual Fund,Other Scheme - FoF Domestic
118747,Nippon India Dynamic Bond Fund - Direct Plan Growth Plan - Growth Option,2013-01-02,2026-08-14,3287,0.0776926679013276,0.034338468843398,0.5449239315632913,-0.0851914556392061,Dynamic Bond,Nippon India Mutual Fund,Debt Scheme - Dynamic Bond
118803,Nippon India ELSS Tax Saver Fund - Direct Plan Growth Plan - Growth Option,2013-01-02,2026-08-14,3351,0.1391343089283188,0.1759751807527938,0.5057874871462492,-0.5186183969004139,ELSS,Nippon India Mutual Fund,Equity Scheme - ELSS
134594,Nippon India Equity Savings Fund- Direct Plan- Growth Plan-Growth Option,2015-06-04,2026-08-14,2758,0.055854239667064,0.0690304785676343,-0.0285549502305885,-0.3172482611739123,Equity Savings,Nippon India Mutual Fund,Hybrid Scheme - Equity Savings
149094,Nippon India Flexi Cap Fund - Direct Plan - Growth Plan - Growth Option,2021-08-18,2026-08-14,1229,0.1256812318923021,0.1483969043714076,0.487012948122973,-0.1979554944088052,Flexi Cap,Nippon India Mutual Fund,Equity Scheme - Flexi Cap Fund
118656,Nippon India Floater Fund  - Direct Plan Growth Plan - Growth Option,2013-01-02,2026-08-14,3287,0.0789105388609141,0.0130563747035865,1.4848068304339777,-0.0264337530276644,Floating Rate,Nippon India Mutual Fund,Debt Scheme - Floater Fund
118692,Nippon India Focused Fund - Direct Plan Growth Plan - Growth Option,2013-01-02,2026-08-14,3351,0.1640644820592294,0.1639419768541479,0.66578759855276,-0.4343491763680281,Focused,Nippon India Mutual Fund,Equity Scheme - Focused Fund
118672,Nippon India Gilt  Fund - Direct Plan Growth Plan - Growth Option,2013-01-02,2026-08-14,3287,0.0872044804353584,0.0416415772423039,0.6763813961126411,-0.1181257565866612,Gilt,Nippon India Mutual Fund,Debt Scheme - Gilt Fund
118663,Nippon India Gold Savings Fund - Direct Plan Growth Plan - Growth Option,2013-01-02,2026-08-14,3351,0.1110524898327434,0.1520712402938878,0.3909592207761609,-0.2465553914728157,Fund of Funds,Nippon India Mutual Fund,Other Scheme - FoF Domestic
118668,Nippon India Growth Mid Cap Fund - Direct Plan Growth Plan - Growth Option,2013-01-02,2026-08-14,3351,0.1841549158933406,0.1681172054895554,0.7576975109049598,-0.3532311737240496,Mid Cap,Nippon India Mutual Fund,Equity Scheme - Mid Cap Fund
118791,Nippon India Index Fund - BSE Sensex Plan - Direct Plan Growth Plan - Growth Option,2013-01-02,2026-08-14,3351,0.1149263561921301,0.1588253393961746,0.4036449900278018,-0.3715210537640444,Index,Nippon India Mutual Fund,Other Scheme - Index Funds
118741,Nippon India Index Fund - Nifty 50 Plan - Direct Plan Growth Plan - Growth Option,2013-01-02,2026-08-14,3351,0.1175327936427486,0.1600136998752843,0.4168157670150583,-0.3816937704674009,Index,Nippon India Mutual Fund,Other Scheme - Index Funds
152033,Nippon India Innovation Fund-Direct Plan-Growth Option,2023-09-01,2026-08-14,725,0.1656070258598394,0.1418811964664046,0.7579578569467801,-0.2147017904276482,Sectoral,Nippon India Mutual Fund,Equity Scheme - Sectoral/ Thematic
130860,Nippon India Japan Equity Fund- Direct Plan- Growth Plan- Growth Option,2014-08-27,2026-08-14,2784,0.1041527865667746,0.1661384223872869,0.3680814478818197,-0.2990606164452597,Sectoral,Nippon India Mutual Fund,Equity Scheme - Sectoral/ Thematic
118632,Nippon India Large Cap Fund - Direct Plan Growth Plan - Growth Option,2013-01-02,2026-08-14,3351,0.1529379379810114,0.1663058754059967,0.5994832097680225,-0.3996075381332732,Large Cap,Nippon India Mutual Fund,Equity Scheme - Large Cap Fund
153693,Nippon India MNC Fund- Direct Plan- Growth Option,2025-07-25,2026-08-14,259,0.1322133297246182,0.127716552636143,0.595170931796795,-0.1313381693580724,Sectoral,Nippon India Mutual Fund,Equity Scheme - Sectoral/ Thematic
130050,Nippon India Medium Duration Fund - Direct Plan - Growth Option,2014-06-30,2026-08-14,2929,0.0515029209721467,0.0876660357226825,-0.0370475579692478,-0.2981975430485936,Medium Duration,Nippon India Mutual Fund,Debt Scheme - Medium Duration Fund
118687,Nippon India Medium to Long Duration Fund - Direct Plan Growth Plan - Growth Option,2013-01-02,2026-08-14,3287,0.078458463467969,0.0356638353063594,0.546762417864223,-0.0987718023255814,Long Duration,Nippon India Mutual Fund,Debt Scheme - Medium to Long Duration Fund
148666,Nippon India Multi - Asset Omni FoF - Direct Plan - Growth Option,2021-02-09,2026-08-14,1358,0.1807323027111991,0.0952073737820121,1.2031727785445172,-0.1163317372943757,Fund of Funds,Nippon India Mutual Fund,Other Scheme - FoF Domestic
148457,Nippon India Multi Asset Allocation Fund - Direct Plan - Growth Option,2020-08-31,2026-08-14,1467,0.1867062798314027,0.095014715949365,1.2600736406968267,-0.1078165237232301,Multi Asset,Nippon India Mutual Fund,Hybrid Scheme - Multi Asset Allocation
118650,Nippon India Multi Cap Fund - Direct Plan Growth Plan - Growth Option,2013-01-02,2026-08-14,3351,0.1599847665768072,0.1679552497990558,0.6325754456919234,-0.4275407119293968,Multi Cap,Nippon India Mutual Fund,Equity Scheme - Multi Cap Fund
148721,Nippon India Nifty 50 Value 20 Index Fund - Direct Plan - Growth Option,2021-02-23,2026-08-14,1348,0.1138554854015136,0.1389059879629887,0.4321411154909391,-0.1917517026842317,Index,Nippon India Mutual Fund,Other Scheme - Index Funds
152842,Nippon India Nifty 500 Equal Weight Index Fund - Direct Plan - Growth Option,2024-09-11,2026-08-14,475,0.0038587278986774,0.1755750372753426,-0.2314802494572615,-0.2390336622742225,Index,Nippon India Mutual Fund,Other Scheme - Index Funds
153474,Nippon India Nifty 500 Low Volatility 50 Index Fund - Direct Plan - Growth Option,2025-05-08,2026-08-14,315,0.0829868018410664,0.1164134786017856,0.2394167983504608,-0.1223308509511876,Index,Nippon India Mutual Fund,Other Scheme - Index Funds
152881,Nippon India Nifty 500 Momentum 50 Index Fund - Direct Plan - Growth Option,2024-10-01,2026-08-14,461,-0.0808499075011438,0.2071929650058288,-0.6022230154341552,-0.3167334629578191,Index,Nippon India Mutual Fund,Other Scheme - Index Funds
153470,Nippon India Nifty 500 Quality 50 Index Fund - Direct Plan - Growth Option,2025-05-08,2026-08-14,315,0.1055001487066553,0.1558244655989429,0.3475023416937836,-0.1676735954009528,Index,Nippon India Mutual Fund,Other Scheme - Index Funds
150012,Nippon India Nifty AAA CPSE Bond Plus SDL - Apr 2027 Maturity 60:40 Index Fund - Direct Plan - Growth Option,2022-03-29,2026-08-14,1061,0.0634907748295847,0.0126788507334123,0.3276963759897092,-0.0332108099492971,Index,Nippon India Mutual Fund,Other Scheme - Index Funds
150487,Nippon India Nifty Alpha Low Volatility 30 Index Fund - Direct Plan - Growth Option,2022-08-22,2026-08-14,980,0.1378379001174181,0.1231821730695815,0.6482524852086372,-0.2491270949720669,Index,Nippon India Mutual Fund,Other Scheme - Index Funds
153064,Nippon India Nifty Auto Index Fund - Direct Plan- Growth Option,2024-12-09,2026-08-14,416,0.1396803496668783,0.2051215184882217,0.4594548009541444,-0.1764108067676447,Index,Nippon India Mutual Fund,Other Scheme - Index Funds
152389,Nippon India Nifty Bank Index Fund - Direct Plan - Growth Option,2024-02-26,2026-08-14,608,0.095588116915374,0.1642781288595015,0.2855867797225573,-0.1833987915407855,Index,Nippon India Mutual Fund,Other Scheme - Index Funds
150920,Nippon India Nifty G-Sec Jun 2036 Maturity Index Fund-Direct Plan-Growth Option,2022-12-20,2026-08-14,884,0.0837623823426234,0.0303794719960822,0.7984203555187879,-0.0316438230153618,Index,Nippon India Mutual Fund,Other Scheme - Index Funds
151440,Nippon India Nifty G-Sec Oct 2028 Maturity Index Fund-Direct Plan-Growth Option,2023-03-08,2026-08-14,830,0.0789866074458627,0.0132380378836019,1.4733006998354263,-0.0112485586313468,Index,Nippon India Mutual Fund,Other Scheme - Index Funds
150906,Nippon India Nifty G-Sec Sep 2027 Maturity Index Fund-Direct Plan-Growth Option,2022-12-07,2026-08-14,893,0.0733686788092558,0.0112246187720652,1.2281320828186373,-0.0061582938951703,Index,Nippon India Mutual Fund,Other Scheme - Index Funds
152392,Nippon India Nifty IT Index Fund - Direct Plan - Growth Option,2024-02-26,2026-08-14,608,-0.053470143906021,0.2263046976581786,-0.4004218683992144,-0.4220632530120481,Index,Nippon India Mutual Fund,Other Scheme - Index Funds
148726,Nippon India Nifty Midcap 150 Index Fund - Direct Plan - Growth Option,2021-02-23,2026-08-14,1348,0.2007675038478329,0.1679396068485015,0.8424563978265116,-0.214390990784729,Index,Nippon India Mutual Fund,Other Scheme - Index Funds
146513,Nippon India Nifty Next 50 Junior BeES FoF - Direct Plan - Growth Plan - Growth Option,2019-03-11,2026-08-14,1830,0.1462567474275666,0.1744784434448582,0.5447312395470525,-0.3430508727157573,Fund of Funds,Nippon India Mutual Fund,Other Scheme - FoF Domestic
153060,Nippon India Nifty Realty Index Fund-Direct Plan- Growth Option,2024-12-09,2026-08-14,416,-0.1041860929952197,0.2794338826399548,-0.4763996594954379,-0.4183974260172627,Index,Nippon India Mutual Fund,Other Scheme - Index Funds
150824,Nippon India Nifty SDL Plus G-Sec - Jun 2028 Maturity 70:30 Index Fund-Direct Plan-Growth Option,2022-11-25,2026-08-14,901,0.0764838797018738,0.0115071086329868,1.4601870161814725,-0.0072762645914395,Index,Nippon India Mutual Fund,Other Scheme - Index Funds
151390,Nippon India Nifty SDL Plus G-Sec-Jun 2029 Maturity 70:30 Index Fund-Direct Plan-Growth Option,2023-02-21,2026-08-14,840,0.0790534133719595,0.0143611917720777,1.3630561557274952,-0.0093974302888899,Index,Nippon India Mutual Fund,Other Scheme - Index Funds
148519,Nippon India Nifty Smallcap 250 Index Fund - Direct Plan - Growth Option,2020-10-19,2026-08-14,1435,0.2470119227690494,0.1841646917193847,0.9929374701908809,-0.2694596696007756,Index,Nippon India Mutual Fund,Other Scheme - Index Funds
143704,Nippon India Nivesh Lakshya Long Duration Fund- Direct Plan- Growth Option,2018-07-09,2026-08-14,1960,0.0831279069224657,0.0467801884246379,0.5193687180301567,-0.0584157590575684,Long Duration,Nippon India Mutual Fund,Debt Scheme - Long Duration Fund
118759,Nippon India Pharma Fund - Direct Plan Growth Plan - Growth Option,2013-01-02,2026-08-14,3351,0.1772992442125551,0.1540656722440208,0.7728256471156084,-0.2402380764064089,Sectoral,Nippon India Mutual Fund,Equity Scheme - Sectoral/ Thematic
118763,Nippon India Power & Infra Fund - Direct Plan Growth Plan - Growth Option,2013-01-02,2026-08-14,3351,0.1538561274318284,0.1894174451564617,0.5525476818921211,-0.5316966366392468,Sectoral,Nippon India Mutual Fund,Equity Scheme - Sectoral/ Thematic
118769,Nippon India Quant Fund - Direct Plan Growth Plan - Growth Option,2013-01-02,2026-08-14,3351,0.1355143205328046,0.1595064879667405,0.5201448975341694,-0.3277592566321464,Sectoral,Nippon India Mutual Fund,Equity Scheme - Sectoral/ Thematic
133569,Nippon India Retirement Fund- Income Generation Scheme- Direct Plan- Growth Plan - Growth Option,2015-02-13,2026-08-14,2780,0.0781287518259274,0.04920850286377,0.399606992618193,-0.073987623804963,Retirement,Nippon India Mutual Fund,Solution Oriented Scheme - Retirement Fund
133568,Nippon India Retirement Fund- Wealth Creation Scheme- Direct Plan- Growth Plan - Growth Option,2015-02-13,2026-08-14,2832,0.1097811407887421,0.1651116621031793,0.3658656538866353,-0.449222681286085,Retirement,Nippon India Mutual Fund,Solution Oriented Scheme - Retirement Fund
118796,Nippon India Short Duration Fund - Direct Plan Growth Plan - Growth Option,2013-01-02,2026-08-14,3287,0.0806714687848006,0.0142808553449499,1.4779377903259667,-0.0285480010637355,Short Duration,Nippon India Mutual Fund,Debt Scheme - Short Duration Fund
149760,Nippon India Silver ETF FOF- Direct Plan-Growth Option,2022-02-08,2026-08-14,1112,0.3190830345025259,0.3269040741007314,0.8520071522827075,-0.4353421468097661,Fund of Funds,Nippon India Mutual Fund,Other Scheme - FoF Domestic
118778,Nippon India Small Cap Fund - Direct Plan Growth Plan - Growth Option,2013-01-02,2026-08-14,3350,0.2414462578755298,0.1733747582594967,1.0197107334874158,-0.4858371846504487,Small Cap,Nippon India Mutual Fund,Equity Scheme - Small Cap Fund
149329,Nippon India Taiwan Equity Fund- Direct Plan- Growth Option,2021-12-14,2026-08-14,1088,0.3359948736957285,0.3365050123201065,0.9212666090702012,-0.4477461226250466,Sectoral,Nippon India Mutual Fund,Equity Scheme - Sectoral/ Thematic
134923,Nippon India US Equity Opportunities Fund- Direct Plan- Growth Plan- Growth Option,2015-07-28,2026-08-14,2635,0.1559192290061077,0.1889464665378122,0.5879131022630045,-0.3078148123492572,Sectoral,Nippon India Mutual Fund,Equity Scheme - Sectoral/ Thematic
143494,Nippon India Ultra Short Duration Fund- Direct Plan- Growth Option,2018-05-21,2026-08-14,1995,0.0660672054568627,0.0209206798865018,0.3247471337171791,-0.0524171677321552,Ultra Short Duration,Nippon India Mutual Fund,Debt Scheme - Ultra Short Duration Fund
118784,Nippon India Value Fund - Direct Plan Growth Plan,2013-01-02,2026-08-14,3351,0.1562877882853071,0.1671860123057279,0.6150967058067832,-0.3860462198761391,Value,Nippon India Mutual Fund,Equity Scheme - Value Fund
118678,Nippon India Vision Large & Mid Cap Fund - Direct Plan Growth Plan - Growth Option,2013-01-02,2026-08-14,3351,0.1410252327823418,0.1719220582392898,0.5235529060661165,-0.4502408587306429,Mid Cap,Nippon India Mutual Fund,Equity Scheme - Large & Mid Cap Fund
152358,Old Bridge Focused Fund - Direct Growth,2024-01-25,2026-08-14,630,0.1468630397718144,0.1634920607163555,0.5718412559576135,-0.1893764434180139,Focused,Old Bridge Mutual Fund,Equity Scheme - Focused Fund
138386,PGIM India Aggressive Hybrid Equity Fund - Direct Plan - Growth,2016-03-08,2026-08-14,2571,0.1090591469699935,0.1166128834358972,0.4525712007185066,-0.3122240444051973,Aggressive Hybrid,PGIM India Mutual Fund,Hybrid Scheme - Aggressive Hybrid Fund
138875,PGIM India Arbitrage Fund - Direct Plan - Growth,2016-03-08,2026-08-14,2571,0.0610480880857078,0.0106107137561728,0.0649623158994266,-0.0071310536817492,Arbitrage,PGIM India Mutual Fund,Hybrid Scheme - Arbitrage Fund
148658,PGIM India Balanced Advantage Fund -  Direct Plan - Growth Option,2021-02-08,2026-08-14,1359,0.0953502807360884,0.0862517112134444,0.4276056896390878,-0.1164154103852594,Balanced Advantage,PGIM India Mutual Fund,Hybrid Scheme - Dynamic Asset Allocation or Balanced Advantage
151407,"PGIM India CRISIL IBX Gilt Index - Apr 2028 Fund - Direct Plan, Growth Option",2023-02-27,2026-08-14,836,0.0760618605521337,0.0112720213137206,1.4760972245225192,-0.0065622172484403,Index,PGIM India Mutual Fund,Other Scheme - Index Funds
138330,PGIM India Corporate Bond Fund - Direct Plan - Growth,2016-03-08,2026-08-14,2526,0.0729089158901348,0.0152290461497371,0.880436976962683,-0.0314228404586132,Corporate Bond,PGIM India Mutual Fund,Debt Scheme - Corporate Bond Fund
120084,PGIM India Dynamic Bond Fund - Direct Plan-Growth Option,2013-01-02,2026-08-14,3288,0.0803186215833302,0.0278581956296386,0.7547730590069001,-0.041321200459064,Dynamic Bond,PGIM India Mutual Fund,Debt Scheme - Dynamic Bond
135601,PGIM India ELSS Tax Saver Fund - Direct Plan - Growth Option,2015-12-14,2026-08-14,2630,0.1408240642383502,0.1510175922755979,0.5710275831222414,-0.3667083854818523,ELSS,PGIM India Mutual Fund,Equity Scheme - ELSS
138456,PGIM India Emerging Markets Equity Fund of Fund - Direct Plan - Growth,2016-03-08,2026-08-14,2528,0.0823486487505609,0.2082005635181105,0.2119945307566884,-0.4891020052310375,Fund of Funds,PGIM India Mutual Fund,Other Scheme - FoF Overseas
138376,PGIM India Equity Savings Fund - Direct Plan - Growth,2016-03-08,2026-08-14,2571,0.0809741830178418,0.0486076542374684,0.4291377477511684,-0.1624138881234499,Equity Savings,PGIM India Mutual Fund,Hybrid Scheme - Equity Savings
133839,PGIM India Flexi Cap Fund - Direct Plan - Growth Option,2015-03-09,2026-08-14,2819,0.1394368126051575,0.1586844922544585,0.5431281571557776,-0.3644501278772379,Flexi Cap,PGIM India Mutual Fund,Equity Scheme - Flexi Cap Fund
138472,PGIM India Gilt Fund - Direct Plan - Growth,2016-03-08,2026-08-14,2526,0.0731695463404586,0.0282599028947177,0.4934472580586059,-0.0316477219719335,Gilt,PGIM India Mutual Fund,Debt Scheme - Gilt Fund
138528,PGIM India Global Equity Opportunities Fund of Fund- Direct Plan - Growth,2016-03-08,2026-08-14,2528,0.1486981890404033,0.2085445038497866,0.5086327023102758,-0.4342426258593923,Fund of Funds,PGIM India Mutual Fund,Other Scheme - FoF Overseas
149298,PGIM India Global Select Real Estate Securities Fund of Fund - Direct Plan - Growth Option,2021-12-08,2026-08-14,1112,0.0669325615404097,0.1558336666124952,0.1343503736351015,-0.2739981360671016,Fund of Funds,PGIM India Mutual Fund,Other Scheme - FoF Overseas
153039,PGIM India Healthcare Fund - Direct Plan - Growth Option,2024-12-11,2026-08-14,414,0.1440674773864989,0.1326978396150344,0.649725696311932,-0.14453125,Sectoral,PGIM India Mutual Fund,Equity Scheme - Sectoral/ Thematic
138312,PGIM India Large Cap Fund - Direct Plan - Growth,2016-03-08,2026-08-14,2572,0.1233309326611813,0.1541832001245683,0.4601689369201555,-0.3738134699412385,Large Cap,PGIM India Mutual Fund,Equity Scheme - Large Cap Fund
152382,PGIM India Large and Midcap Fund - Direct Plan - Growth Option,2024-02-16,2026-08-14,614,0.1210645675508448,0.1424817097187469,0.471862581329709,-0.1545667447306792,Mid Cap,PGIM India Mutual Fund,Equity Scheme - Large & Mid Cap Fund
125307,PGIM India Midcap Fund - Direct Plan - Growth Option,2013-12-05,2026-08-14,3123,0.1763488049312065,0.166759003808369,0.7222481209922043,-0.3642564802182809,Mid Cap,PGIM India Mutual Fund,Equity Scheme - Mid Cap Fund
152815,PGIM India Multi Cap Fund - Direct Plan - Growth Option,2024-09-13,2026-08-14,473,0.0490602832386322,0.1455045910021651,-0.0028474906075258,-0.1810176125244619,Multi Cap,PGIM India Mutual Fund,Equity Scheme - Multi Cap Fund
152537,PGIM India Retirement Fund - Direct Plan - Growth Option,2024-04-19,2026-08-14,573,0.1190052710292881,0.1439442109176519,0.4534160633823438,-0.1653225806451613,Retirement,PGIM India Mutual Fund,Solution Oriented Scheme - Retirement Fund
149019,PGIM India Small Cap Fund - Direct Plan- Growth Option,2021-08-02,2026-08-14,1241,0.1451933855713123,0.1594058435743065,0.5736148656413431,-0.2459150326797385,Small Cap,PGIM India Mutual Fund,Equity Scheme - Small Cap Fund
138358,PGIM India Ultra Short Duration Fund - Direct Plan - Growth,2016-03-08,2026-08-14,2527,0.0733838270442261,0.1693965565910059,0.1600237956903837,-0.3029206822229217,Ultra Short Duration,PGIM India Mutual Fund,Debt Scheme - Ultra Short Duration Fund
152109,Parag Parikh Arbitrage Fund - Direct Plan Growth,2023-11-03,2026-08-14,684,0.0699581917106799,0.0101348357138193,0.9266929338621256,-0.0057111775904269,Arbitrage,PPFAS Mutual Fund,Hybrid Scheme - Arbitrage Fund
148958,Parag Parikh Conservative Hybrid Fund - Direct Plan - Growth,2021-05-28,2026-08-14,1265,0.0971615862904953,0.0297574896764971,1.2376449394407876,-0.0232267501064598,Conservative Hybrid,PPFAS Mutual Fund,Hybrid Scheme - Conservative Hybrid Fund
152468,Parag Parikh Dynamic Asset Allocation Fund - Direct Plan Growth,2024-02-28,2026-08-14,597,0.0740465270251415,0.0281252445640959,0.5213719743183508,-0.0235754542431554,Balanced Advantage,PPFAS Mutual Fund,Hybrid Scheme - Dynamic Asset Allocation or Balanced Advantage
147481,Parag Parikh ELSS Tax Saver Fund- Direct Growth,2019-07-26,2026-08-14,1737,0.1802713410387828,0.1365550226498771,0.8723938727773579,-0.2954255138592369,ELSS,PPFAS Mutual Fund,Equity Scheme - ELSS
122639,Parag Parikh Flexi Cap Fund - Direct Plan - Growth,2013-05-28,2026-08-14,3251,0.1825852109578913,0.1191911768425197,0.9983710559584738,-0.3120214904750364,Flexi Cap,PPFAS Mutual Fund,Equity Scheme - Flexi Cap Fund
147372,QUANTUM ESG BEST IN CLASS STRATEGY FUND - DIRECT PLAN - GROWTH OPTION,2019-07-12,2026-08-14,1747,0.1409312808328782,0.1562755608272691,0.5583420918111752,-0.3315168029064487,Sectoral,Quantum Mutual Fund,Equity Scheme - Sectoral/ Thematic
152107,QUANTUM SMALL CAP FUND - DIRECT PLAN GROWTH OPTION,2023-11-03,2026-08-14,681,0.1365009655888052,0.1450076083294493,0.5676711227274116,-0.1820987654320988,Small Cap,Quantum Mutual Fund,Equity Scheme - Small Cap Fund
149335,Quant Value Fund - Growth Option  - Direct Plan,2021-12-01,2026-08-14,1160,0.2053228119995129,0.1946766269279062,0.7706118428133669,-0.2402800850411864,Value,quant Mutual Fund,Equity Scheme - Value Fund
112039,Quantum Diversified Equity All Cap Active FOF - Direct Plan Growth Option,2009-07-22,2026-08-14,4204,0.133647253518286,0.1484141182353984,0.5352193147682066,-0.3514950515898083,Fund of Funds,Quantum Mutual Fund,Other Scheme - FoF Domestic
134494,Quantum Dynamic Term Fund - Direct Plan Growth Option,2015-05-21,2026-08-14,2723,0.0762979099347227,0.0276494615212959,0.6097831729889115,-0.032353625934281,Dynamic Bond,Quantum Mutual Fund,Debt Scheme - Dynamic Bond
111549,Quantum ELSS Tax Saver Fund - Direct Plan Growth Option,2008-12-31,2026-08-14,4339,0.1553938668725647,0.1501878634927096,0.6603158651157192,-0.3961531674607376,ELSS,Quantum Mutual Fund,Equity Scheme - ELSS
153094,Quantum Ethical Fund - Direct Plan Growth Option,2024-12-20,2026-08-14,406,0.0246790071344362,0.1380094562996196,-0.1847454542577848,-0.1636011616650532,Sectoral,Quantum Mutual Fund,Equity Scheme - Sectoral/ Thematic
115132,Quantum Gold ETF FOF - Direct Plan Growth Option,2011-05-25,2026-08-14,3749,0.12083084287972,0.151172035406627,0.4514001978567454,-0.2638074113997084,Fund of Funds,Quantum Mutual Fund,Other Scheme - FoF Domestic
117608,Quantum Multi Asset Active FOF - Direct Plan Growth Option,2012-07-12,2026-08-14,3467,0.0994620740630316,0.0592180894833256,0.6569908536589225,-0.1423809182429871,Fund of Funds,Quantum Mutual Fund,Other Scheme - FoF Domestic
152474,Quantum Multi Asset Allocation Fund - Direct Plan Growth Option,2024-03-07,2026-08-14,599,0.0951807893209788,0.0767489236479937,0.4732490961697884,-0.104857363145721,Multi Asset,Quantum Mutual Fund,Hybrid Scheme - Multi Asset Allocation
150390,Quantum Nifty 50 ETF FOF - Direct Plan - Growth,2022-08-05,2026-08-14,989,0.0975290515071587,0.120440308399144,0.3552858597882521,-0.1544443357145186,Fund of Funds,Quantum Mutual Fund,Other Scheme - FoF Domestic
103490,Quantum Value Fund - Direct Plan Growth Option,2006-04-03,2026-08-14,5017,0.1314724173505004,0.1706162604745691,0.4746843543622221,-0.5421686746987951,Value,Quantum Mutual Fund,Equity Scheme - Value Fund
152657,SBI Automotive Opportunities Fund - Direct Plan - Growth,2024-06-12,2026-08-14,546,0.1425824110812459,0.179105544038182,0.5016970132480388,-0.2919592080320157,Sectoral,SBI Mutual Fund,Equity Scheme - Sectoral/ Thematic
133859,SBI BANKING & FINANCIAL SERVICES FUND - DIRECT PLAN - GROWTH,2015-03-05,2026-08-14,2828,0.1469795315775448,0.1960147711847396,0.5067698462043209,-0.4380760434928654,Sectoral,SBI Mutual Fund,Equity Scheme - Sectoral/ Thematic
125503,SBI BANKING & PSU FUND - Direct Plan - Growth,2013-11-18,2026-08-14,3086,0.0776322441076515,0.0136567289159558,1.3100284414187822,-0.0319648205573965,Banking & PSU,SBI Mutual Fund,Debt Scheme - Banking and PSU Fund
153432,SBI BSE PSU BANK INDEX FUND- Direct Plan- Growth,2025-03-28,2026-08-14,346,0.2723447519064219,0.2363580461624126,0.8917724021403883,-0.2048294036236325,Index,SBI Mutual Fund,Other Scheme - Index Funds
151769,SBI BSE Sensex Index Fund - Direct Plan - Growth,2023-05-31,2026-08-14,799,0.0811853255590955,0.1287420552682484,0.2122730783734328,-0.1609156982946221,Index,SBI Mutual Fund,Other Scheme - Index Funds
149134,SBI Balanced Advantage Fund - Direct Plan - Growth,2021-09-07,2026-08-14,1224,0.1093650181946623,0.0635383863573122,0.7483494805855487,-0.0739258435999905,Balanced Advantage,SBI Mutual Fund,Hybrid Scheme - Dynamic Asset Allocation or Balanced Advantage
119705,SBI COMMA Fund - DIRECT PLAN - Growth,2013-01-07,2026-08-14,3357,0.139232540974995,0.1847001236707766,0.4889544166836972,-0.4075337218109301,Sectoral,SBI Mutual Fund,Equity Scheme - Sectoral/ Thematic
120137,SBI CONSTANT MATURITY 10 YEAR GILT FUND - DIRECT PLAN - GROWTH,2013-01-03,2026-08-14,3296,0.0860790556099866,0.0306028908569449,0.8637056389636885,-0.0445512141213516,Gilt,SBI Mutual Fund,Debt Scheme - Gilt Fund with 10 year constant duration
120575,SBI CONSUMPTION OPPORTUNITIES FUND - DIRECT PLAN - GROWTH,2013-01-08,2026-08-14,3356,0.1509502943585501,0.1481926257582289,0.6387637960870043,-0.3538472281351434,Sectoral,SBI Mutual Fund,Equity Scheme - Sectoral/ Thematic
119835,SBI CONTRA FUND - DIRECT PLAN - GROWTH,2013-01-02,2026-08-14,3358,0.1541932273944752,0.1490211392844171,0.6560330629674577,-0.4473740623291751,Contra,SBI Mutual Fund,Equity Scheme - Contra Fund
149474,SBI CPSE Bond Plus SDL Sep 2026 50:50 Index Fund - Direct Plan - Growth,2022-01-27,2026-08-14,1110,0.0625533579421147,0.0123249519277032,0.2226881266233565,-0.0339474228938107,Index,SBI Mutual Fund,Other Scheme - Index Funds
119798,SBI CREDIT RISK FUND - DIRECT PLAN -GROWTH,2013-01-03,2026-08-14,3296,0.0868090520870179,0.1271937852206756,0.2702643863467415,-0.2719391020243188,Credit Risk,SBI Mutual Fund,Debt Scheme - Credit Risk Fund
150706,SBI CRISIL IBX Gilt Index - April 2029 Fund - Direct Plan - Growth,2022-10-10,2026-08-14,941,0.0806551008550418,0.0176281098607375,1.1402994401044615,-0.0105660319947663,Index,SBI Mutual Fund,Other Scheme - Index Funds
150711,SBI CRISIL IBX SDL Index - September 2027 Fund - Direct Plan - Growth,2022-10-10,2026-08-14,941,0.077904651116003,0.0115413450556951,1.506387255531506,-0.0041404035188558,Index,SBI Mutual Fund,Other Scheme - Index Funds
148490,SBI Children's Fund - Investment Plan - Direct Plan - Growth,2020-10-07,2026-08-14,1450,0.3314516322125711,0.1266621418033669,1.89062228650857,-0.1573641621489854,Children,SBI Mutual Fund,Solution Oriented Scheme - Children’s Fund
119719,SBI Children's Fund - Savings Plan - DIRECT PLAN - GROWTH,2013-01-07,2026-08-14,3294,0.121255097302261,0.0545291478089567,1.1116669904639835,-0.1441683109850067,Children,SBI Mutual Fund,Solution Oriented Scheme - Children’s Fund
119839,SBI Conservative Hybrid Fund - Direct Plan - Growth,2013-01-08,2026-08-14,3293,0.0974968030498888,0.0427907045156724,0.8824577552949812,-0.1188157373488292,Conservative Hybrid,SBI Mutual Fund,Hybrid Scheme - Conservative Hybrid Fund
146215,SBI Corporate Bond Fund - Direct Plan - Growth,2019-02-08,2026-08-14,1827,0.0730046153901058,0.0166246117798228,0.7942181983522749,-0.0290461582111255,Corporate Bond,SBI Mutual Fund,Debt Scheme - Corporate Bond Fund
119671,SBI Dynamic Bond Fund - DIRECT PLAN - Growth,2013-01-02,2026-08-14,3297,0.0809833210357775,0.0334367798624152,0.6465205841830928,-0.0886246526819689,Dynamic Bond,SBI Mutual Fund,Debt Scheme - Dynamic Bond
119723,SBI ELSS Tax Saver FUND - DIRECT PLAN -GROWTH,2013-01-02,2026-08-14,3360,0.1536073865971268,0.1526323293089839,0.6401151270150861,-0.3819829215826869,ELSS,SBI Mutual Fund,Equity Scheme - ELSS
119609,SBI EQUITY HYBRID FUND - DIRECT PLAN - Growth,2013-01-02,2026-08-14,3359,0.1440032320761244,0.1113465308715638,0.7519857481614715,-0.2748953179124069,Aggressive Hybrid,SBI Mutual Fund,Hybrid Scheme - Aggressive Hybrid Fund
119709,SBI ESG Exclusionary Strategy Fund - Direct Plan -Growth,2013-01-02,2026-08-14,3359,0.1335265701000825,0.1568969106887045,0.5127547205295895,-0.366643779170305,Sectoral,SBI Mutual Fund,Equity Scheme - Sectoral/ Thematic
152417,SBI Energy Opportunities Fund - Direct Plan - Growth,2024-03-01,2026-08-14,613,0.053205787648084,0.1842189996162292,0.0515783056296961,-0.2797116374871267,Sectoral,SBI Mutual Fund,Equity Scheme - Sectoral/ Thematic
146643,SBI Equity Minimum Variance Fund - Direct Plan - Growth,2019-03-27,2026-08-14,1828,0.1321889838829302,0.1509214248419882,0.5163207001242549,-0.3295007162440352,Sectoral,SBI Mutual Fund,Equity Scheme - Sectoral/ Thematic
134643,SBI Equity Savings Fund - Direct Plan - Growth,2015-06-03,2026-08-14,2769,0.0950005523173922,0.0661896876797357,0.5247748804213641,-0.1945595872326989,Equity Savings,SBI Mutual Fund,Hybrid Scheme - Equity Savings
119727,SBI FOCUSED FUND - DIRECT PLAN -GROWTH,2013-01-02,2026-08-14,3358,0.1577370788633181,0.1358907648249641,0.7286421420393594,-0.3273840516380488,Focused,SBI Mutual Fund,Equity Scheme - Focused Fund
119718,SBI Flexicap Fund - DIRECT PLAN - Growth Option,2013-01-07,2026-08-14,3355,0.1475049314276686,0.1496815610017084,0.6140049019068013,-0.3580008480645954,Flexi Cap,SBI Mutual Fund,Equity Scheme - Flexi Cap Fund
119707,SBI GILT FUND - DIRECT PLAN - GROWTH,2013-01-03,2026-08-14,3296,0.0880862828637971,0.0402845375732047,0.7123714750559667,-0.0950783922406836,Gilt,SBI Mutual Fund,Debt Scheme - Gilt Fund
119788,SBI GOLD FUND- DIRECT PLAN - GROWTH,2013-01-02,2026-08-14,3300,0.1130899028116969,0.1535642301668642,0.4118942970516025,-0.2501035420380675,Fund of Funds,SBI Mutual Fund,Other Scheme - FoF Domestic
119783,SBI HEALTHCARE OPPORTUNITIES FUND - DIRECT PLAN -GROWTH,2013-01-02,2026-08-14,3359,0.1843471845925655,0.1614318027555502,0.7802541222563826,-0.3052863951145373,Sectoral,SBI Mutual Fund,Equity Scheme - Sectoral/ Thematic
119700,SBI INFRASTRUCTURE FUND -  DIRECT PLAN - GROWTH,2013-01-03,2026-08-14,3359,0.1470679315273995,0.1715373992305613,0.5537701257097649,-0.4208090645088685,Sectoral,SBI Mutual Fund,Equity Scheme - Sectoral/ Thematic
152776,SBI Innovative Opportunities Fund - Direct Plan - Growth,2024-08-27,2026-08-14,494,0.0352908363611352,0.1525109282316997,-0.0890444279801084,-0.207911807861611,Sectoral,SBI Mutual Fund,Equity Scheme - Sectoral/ Thematic
119721,SBI LARGE & MIDCAP FUND -DIRECT PLAN -Growth,2013-01-02,2026-08-14,3358,0.1660830485118833,0.1504141660164246,0.7210713538596027,-0.3642776614336253,Mid Cap,SBI Mutual Fund,Equity Scheme - Large & Mid Cap Fund
119598,SBI Large Cap FUND-DIRECT PLAN -GROWTH,2013-01-02,2026-08-14,3360,0.144242298040313,0.1528742433995362,0.5848537457846094,-0.3707785069456012,Large Cap,SBI Mutual Fund,Equity Scheme - Large Cap Fund
151214,SBI Long Duration Fund - Direct Plan - Growth,2022-12-28,2026-08-14,887,0.0736501955652921,0.0372697256350289,0.3763893518697266,-0.044481235337042,Long Duration,SBI Mutual Fund,Debt Scheme - Long Duration Fund
119824,SBI MEDIUM DURATION FUND - DIRECT PLAN - GROWTH,2013-01-29,2026-08-14,3279,0.088574338679336,0.0254622816413003,1.126021945931799,-0.0745349524255821,Medium Duration,SBI Mutual Fund,Debt Scheme - Medium Duration Fund
119716,SBI MIDCAP FUND - DIRECT PLAN - GROWTH,2013-01-02,2026-08-14,3360,0.1830206411054922,0.1513976938707664,0.8140879377614433,-0.4305118254375045,Mid Cap,SBI Mutual Fund,Equity Scheme - Mid Cap Fund
119711,SBI MNC FUND - DIRECT PLAN -GROWTH,2013-01-02,2026-08-14,3359,0.1499502243873176,0.1254670699846544,0.7226724851465209,-0.2753317292489317,Sectoral,SBI Mutual Fund,Equity Scheme - Sectoral/ Thematic
119843,SBI MULTI ASSET ALLOCATION FUND - DIRECT PLAN - GROWTH,2013-03-19,2026-08-14,3245,0.1251584928411442,0.0658172225288177,0.9874812371887528,-0.1759026270464775,Multi Asset,SBI Mutual Fund,Hybrid Scheme - Multi Asset Allocation
119714,SBI Medium to Long Duration Fund-DIRECT PLAN -Growth,2013-01-02,2026-08-14,3296,0.0797958458643117,0.0302325161165038,0.6746253383795973,-0.0853858945196697,Long Duration,SBI Mutual Fund,Debt Scheme - Medium to Long Duration Fund
149882,SBI Multicap Fund- Direct Plan- Growth option,2022-03-15,2026-08-14,1097,0.1383701178146135,0.1217603652690599,0.6492415978281225,-0.1511250130559784,Multi Cap,SBI Mutual Fund,Equity Scheme - Multi Cap Fund
119827,SBI NIFTY INDEX FUND - DIRECT PLAN - GROWTH,2013-01-02,2026-08-14,3360,0.1157783170095716,0.1606156749177507,0.4039610699547377,-0.3838709323963776,Index,SBI Mutual Fund,Other Scheme - Index Funds
152908,SBI Nifty 500 Index Fund- Direct Plan- Growth,2024-10-04,2026-08-14,466,0.0077663202905058,0.1434900915814649,-0.2921947807246121,-0.1609857773418341,Index,SBI Mutual Fund,Other Scheme - Index Funds
153250,SBI Nifty Bank Index Fund-Direct Plan- Growth,2025-02-12,2026-08-14,376,0.1137571907574435,0.1576212148983516,0.3871285069373111,-0.1831309217595155,Index,SBI Mutual Fund,Other Scheme - Index Funds
153320,SBI Nifty IT Index Fund - Direct Plan - Growth,2025-02-27,2026-08-14,366,-0.1223541869275831,0.2438369204805111,-0.663326071845299,-0.3410692084542064,Index,SBI Mutual Fund,Other Scheme - Index Funds
153015,SBI Nifty India Consumption Index Fund- Direct Plan- Growth,2024-11-06,2026-08-14,444,0.0332216666798863,0.146544541997833,-0.1118887767305984,-0.1827988258708276,Index,SBI Mutual Fund,Other Scheme - Index Funds
150673,SBI Nifty Midcap 150 Index Fund - Direct Plan - Growth,2022-10-11,2026-08-14,955,0.2024333267966527,0.1591047336381306,0.8788618099771132,-0.2110291747053616,Index,SBI Mutual Fund,Other Scheme - Index Funds
148945,SBI Nifty Next 50 Index Fund - Direct Plan - Growth,2021-05-26,2026-08-14,1297,0.148297744029896,0.1754282796006603,0.5462407626196725,-0.2650120096076861,Index,SBI Mutual Fund,Other Scheme - Index Funds
150677,SBI Nifty Smallcap 250 Index Fund - Direct Plan - Growth,2022-10-11,2026-08-14,955,0.1950792164714472,0.1779633235279844,0.7687685045173615,-0.261869596896477,Index,SBI Mutual Fund,Other Scheme - Index Funds
153718,SBI Nifty100 Low Volatility 30 Index Fund- Direct Plan- Growth,2025-07-31,2026-08-14,260,0.0314908310304276,0.1192139448722876,-0.1812358241159981,-0.1429114405169137,Index,SBI Mutual Fund,Other Scheme - Index Funds
153662,SBI Nifty200 Momentum 30 Index Fund- Direct Plan- Growth,2025-07-15,2026-08-14,272,-0.0038691882358898,0.1762457918563743,-0.2748891172947422,-0.1611646503998358,Index,SBI Mutual Fund,Other Scheme - Index Funds
153555,SBI Nifty200 Quality 30 Index Fund-Direct Plan- Growth,2025-06-10,2026-08-14,297,0.010488232608764,0.1282487428405666,-0.3222317010284282,-0.1580681604217662,Index,SBI Mutual Fund,Other Scheme - Index Funds
152370,SBI Nifty50 Equal Weight Index Fund - Direct Plan - Growth,2024-02-06,2026-08-14,631,0.0837998021659911,0.1394175932072858,0.2210263205135165,-0.1809056113237525,Index,SBI Mutual Fund,Other Scheme - Index Funds
119732,SBI PSU Fund - DIRECT PLAN - GROWTH,2013-01-03,2026-08-14,3359,0.1179213494172679,0.1989203082547922,0.3710545371582607,-0.4705607169223796,Sectoral,SBI Mutual Fund,Equity Scheme - Sectoral/ Thematic
153154,SBI Quant Fund- Direct Plan- Growth,2024-12-31,2026-08-14,407,0.0049989257184976,0.1483254125135975,-0.2966598368699159,-0.1501699816341682,Sectoral,SBI Mutual Fund,Equity Scheme - Sectoral/ Thematic
148685,SBI Retirement Benefit Fund - Aggressive Hybrid Plan - Direct Plan - Growth,2021-02-17,2026-08-14,1361,0.1433757631518184,0.107281138884992,0.7644783413571633,-0.1449165735368037,Retirement,SBI Mutual Fund,Solution Oriented Scheme - Retirement Fund
148683,SBI Retirement Benefit Fund - Aggressive Plan - Direct Plan - Growth,2021-02-17,2026-08-14,1361,0.1517859345808019,0.1305159522517969,0.7067253111789188,-0.1791334205072096,Retirement,SBI Mutual Fund,Solution Oriented Scheme - Retirement Fund
148690,SBI Retirement Benefit Fund - Conservative Hybrid Plan - Direct Plan - Growth,2021-02-17,2026-08-14,1336,0.0947101788885582,0.0560643538867715,0.6297738378976739,-0.0686918243633726,Retirement,SBI Mutual Fund,Solution Oriented Scheme - Retirement Fund
148688,SBI Retirement Benefit Fund - Conservative Plan - Direct Plan - Growth,2021-02-17,2026-08-14,1336,0.0776166408291407,0.0339589737386241,0.5302694349529171,-0.0444691983122362,Retirement,SBI Mutual Fund,Solution Oriented Scheme - Retirement Fund
119816,SBI SHORT TERM DEBT FUND - DIRECT PLAN -GROWTH,2013-01-02,2026-08-14,3297,0.0774757337578684,0.0136697449502797,1.2998389197769398,-0.0235193402839525,Short Duration,SBI Mutual Fund,Debt Scheme - Short Duration Fund
152735,SBI Silver ETF Fund of Fund- Direct Plan - Growth,2024-07-18,2026-08-14,515,0.5504197333490373,0.4513295705098886,1.0886869747368717,-0.4500760901977316,Fund of Funds,SBI Mutual Fund,Other Scheme - FoF Domestic
125497,SBI Small Cap Fund - Direct Plan - Growth,2013-11-18,2026-08-14,3144,0.2454868683569715,0.1515431490039642,1.1602197496259858,-0.4026012761687717,Small Cap,SBI Mutual Fund,Equity Scheme - Small Cap Fund
120578,SBI TECHNOLOGY OPPORTUNITIES FUND - DIRECT PLAN - GROWTH,2013-01-10,2026-08-14,3352,0.1873092055711303,0.1736991580309008,0.752211077967431,-0.2984820382284238,Sectoral,SBI Mutual Fund,Equity Scheme - Sectoral/ Thematic
148760,SBI US Specific Equity Active FoF - Direct Plan - Growth,2021-03-30,2026-08-14,1254,0.19094262862973,0.1967396108470061,0.7534500678542946,-0.217985595592384,Fund of Funds,SBI Mutual Fund,Other Scheme - FoF Overseas
150681,SBI |CRISIL IBX Gilt Index - June 2036 Fund - Direct Plan - Growth,2022-10-10,2026-08-14,941,0.085821066545966,0.0315475925871061,0.8038423379384347,-0.0316998123827392,Index,SBI Mutual Fund,Other Scheme - Index Funds
151753,Samco Active Momentum Fund - Direct Plan - Growth Option,2023-07-12,2026-08-14,761,0.1549363460279049,0.1599609145741239,0.6287219804562464,-0.25,Sectoral,Samco Mutual Fund,Equity Scheme - Sectoral/ Thematic
153090,Samco Arbitrage Fund - Direct Plan - Growth,2024-11-29,2026-08-14,422,0.0523876590398564,0.0130334862643682,-0.5967092470997652,-0.0063868613138686,Arbitrage,Samco Mutual Fund,Hybrid Scheme - Arbitrage Fund
152188,Samco Dynamic Asset Allocation Fund - Direct Plan - Growth Option,2024-01-04,2026-08-14,643,0.0232541227059601,0.1135356303605301,-0.2638242759477339,-0.1525423728813559,Balanced Advantage,Samco Mutual Fund,Hybrid Scheme - Dynamic Asset Allocation or Balanced Advantage
150838,Samco ELSS Tax Saver Fund - Direct Plan - Growth Option,2022-12-29,2026-08-14,892,0.0937596388104937,0.1618021150529129,0.2783159719257452,-0.2964128382630585,ELSS,Samco Mutual Fund,Equity Scheme - ELSS
149450,Samco Flexi Cap Fund - Direct Plan - Growth Option,2022-02-09,2026-08-14,1109,0.0145140207960112,0.1651608054395888,-0.1909188624848893,-0.3015873015873016,Flexi Cap,Samco Mutual Fund,Equity Scheme - Flexi Cap Fund
153534,Samco Large & Mid Cap Fund - Direct Plan - Growth Option,2025-06-30,2026-08-14,278,-0.0941020984687932,0.1183282246453544,-1.3007138227033015,-0.1501472031403335,Mid Cap,Samco Mutual Fund,Equity Scheme - Large & Mid Cap Fund
153239,Samco Large Cap Fund - Direct Plan - Growth Option,2025-03-28,2026-08-14,340,-0.0549880778949991,0.1089188994973633,-1.0290064157861458,-0.1259765625000001,Large Cap,Samco Mutual Fund,Equity Scheme - Large Cap Fund
153092,Samco Multi Asset Allocation Fund - Direct Plan - Growth,2024-12-31,2026-08-14,401,0.1478690753665632,0.1109119105607222,0.7823087789158737,-0.1232156273478587,Multi Asset,Samco Mutual Fund,Hybrid Scheme - Multi Asset Allocation
152847,Samco Multi Cap Fund - Direct Plan - Growth,2024-11-06,2026-08-14,437,-0.055715171217471,0.1097323457525698,-1.025915494152326,-0.200592885375494,Multi Cap,Samco Mutual Fund,Equity Scheme - Multi Cap Fund
152586,Samco Special Opportunities Fund - Direct Plan - Growth,2024-06-13,2026-08-14,536,-0.0551918076074687,0.1947116784549978,-0.5082628710386857,-0.3220657276995305,Sectoral,Samco Mutual Fund,Equity Scheme - Sectoral/ Thematic
125711,Shriram Aggressive Hybrid Fund- Direct Growth,2013-12-06,2026-08-14,3121,0.1102161330952871,0.1138425030000958,0.4714911777337938,-0.2572298568376749,Aggressive Hybrid,Shriram Mutual Fund,Hybrid Scheme - Aggressive Hybrid Fund
147406,Shriram Balanced Advantage Fund - Direct Growth,2019-07-12,2026-08-14,1747,0.0958888971912039,0.0924987084735347,0.4110919713800572,-0.1464394217293566,Balanced Advantage,Shriram Mutual Fund,Hybrid Scheme - Dynamic Asset Allocation or Balanced Advantage
145819,Shriram ELSS Tax Saver Fund - Direct Growth,2019-02-01,2026-08-14,1855,0.1236405042420276,0.162500920612683,0.4472748799399093,-0.2978228650278529,ELSS,Shriram Mutual Fund,Equity Scheme - ELSS
144905,Shriram Flexi Cap Fund - Direct Growth,2018-10-08,2026-08-14,1934,0.1145850009023579,0.164169605454227,0.3936570655554233,-0.3210258307784472,Flexi Cap,Shriram Mutual Fund,Equity Scheme - Flexi Cap Fund
152051,Shriram Multi Asset Allocation Fund - Direct Growth,2023-09-15,2026-08-14,715,0.1229543763231941,0.1204666705714173,0.552466698234912,-0.1532619279454723,Multi Asset,Shriram Mutual Fund,Hybrid Scheme - Multi Asset Allocation
153076,Shriram Multi Sector Rotation Fund - Direct Plan Growth Option,2024-12-13,2026-08-14,412,-0.0953756547393708,0.1671330358973131,-0.8883148599505476,-0.2956611590775864,Sectoral,Shriram Mutual Fund,Equity Scheme - Sectoral/ Thematic
149601,Sundaram Aggressive Hybrid Fund (Formerly Known as Principal Hybrid Equity Fund)- Direct Plan - Growth Option,2022-01-03,2026-08-14,1137,0.0943780375322314,0.1014985077276456,0.3685995250057644,-0.1312789171981943,Aggressive Hybrid,Sundaram Mutual Fund,Hybrid Scheme - Aggressive Hybrid Fund
149717,Sundaram Balanced Advantage Fund ( Formerly Known as Principal Balanced Advantage Fund) - Direct Plan - Growth Option,2022-01-03,2026-08-14,1137,0.0935841091542368,0.0812497279618278,0.4284992564533484,-0.0969120185760104,Balanced Advantage,Sundaram Mutual Fund,Hybrid Scheme - Dynamic Asset Allocation or Balanced Advantage
134363,Sundaram Banking & PSU Debt Fund - Direct Growth,2015-03-30,2017-03-17,475,0.0828890018251142,0.0131074136514478,1.7793783160630905,-0.005195359153728,Banking & PSU,Sundaram Mutual Fund,Debt Scheme - Banking and PSU Fund
152677,Sundaram Business Cycle Fund Direct Plan Growth,2024-06-26,2026-08-14,528,0.0868607963207392,0.1476716153165676,0.2427611448437433,-0.1948920301795161,Sectoral,Sundaram Mutual Fund,Equity Scheme - Sectoral/ Thematic
119595,Sundaram Consumption Fund (Formerly Known as Sundaram Rural and Consumption Fund Direct Plan - Growth),2013-01-02,2026-08-14,3350,0.1437380403319006,0.1518818229965505,0.5874318622739633,-0.3573640983544126,Sectoral,Sundaram Mutual Fund,Equity Scheme - Sectoral/ Thematic
149570,Sundaram ELSS Tax Saver Fund Direct Plan Growth,2022-01-03,2026-08-14,1137,0.1014493338083506,0.1361539864209823,0.3535260664348765,-0.1666056359287907,ELSS,Sundaram Mutual Fund,Equity Scheme - ELSS
149679,Sundaram Equity Savings Fund (Formerly Known as Principal Equity Savings Fund) - Direct Plan - Growth Option,2022-01-03,2026-08-14,1137,0.097700795180285,0.0575504482608984,0.6431546095531065,-0.0621148914546378,Equity Savings,Sundaram Mutual Fund,Hybrid Scheme - Equity Savings
119597,Sundaram Financial Services Opportunities Fund Direct Plan - Growth,2013-01-02,2026-08-14,3350,0.1378564633111314,0.2066190662673317,0.4539615322860411,-0.4322333380191493,Sectoral,Sundaram Mutual Fund,Equity Scheme - Sectoral/ Thematic
150571,Sundaram Flexicap Fund Direct Growth,2022-09-07,2026-08-14,969,0.1173347877885402,0.1232067853054748,0.4971768845618799,-0.1566289486688883,Flexi Cap,Sundaram Mutual Fund,Equity Scheme - Flexi Cap Fund
149533,Sundaram Focused Fund (Formerly Known as Principal Focused Multicap Fund)- Direct Plan - Growth Option,2022-01-03,2026-08-14,1137,0.1043687643697717,0.1405421581945228,0.3661420800416983,-0.200759534165304,Focused,Sundaram Mutual Fund,Equity Scheme - Focused Fund
129212,Sundaram Infrastructure Advantage Fund Direct Plan - Growth,2014-04-07,2026-08-14,3037,0.1637771858754093,0.1755890190054823,0.6329028772905448,-0.5059533905492045,Sectoral,Sundaram Mutual Fund,Equity Scheme - Sectoral/ Thematic
148507,Sundaram Large Cap Fund (Formerly Known as Sundaram Blue Chip Fund)Direct Plan - Growth,2020-10-12,2026-08-14,1439,0.1537999968425485,0.1362561102377849,0.7022000970812264,-0.1617022882043349,Large Cap,Sundaram Mutual Fund,Equity Scheme - Large Cap Fund
119675,Sundaram Medium Duration Fund (Formerly Known as Sundaram Medium Term Bond Fund) Direct Plan - Growth,2013-01-02,2026-08-14,3286,0.0674509242306082,0.0294001573454193,0.2926168883452356,-0.0803165530151088,Medium Duration,Sundaram Mutual Fund,Debt Scheme - Medium Duration Fund
119581,Sundaram Mid Cap Fund Direct Plan - Growth,2013-01-02,2026-08-14,3350,0.1815852660691226,0.1651182411821758,0.7553914805622922,-0.4430830626694854,Mid Cap,Sundaram Mutual Fund,Equity Scheme - Mid Cap Fund
152314,Sundaram Multi Asset Allocation Fund Direct Plan Growth,2024-01-29,2026-08-14,628,0.1416104882298621,0.1072595982960958,0.755497425925009,-0.1310074562164036,Multi Asset,Sundaram Mutual Fund,Hybrid Scheme - Multi Asset Allocation
149669,Sundaram Multi Cap Fund (Formerly Known as Principal Multi Cap Growth Fund)-Direct Plan - Growth Option,2022-01-03,2026-08-14,1137,0.1232185350574925,0.1412348255830312,0.4876511633672376,-0.1944907625028438,Multi Cap,Sundaram Mutual Fund,Equity Scheme - Multi Cap Fund
153669,Sundaram Multi-Factor Fund - Direct - Growth,2025-07-23,2026-08-14,261,-0.0014516978439312,0.1381678215101894,-0.376140678132361,-0.149035825472794,Sectoral,Sundaram Mutual Fund,Equity Scheme - Sectoral/ Thematic
149483,Sundaram Nifty 100 Equal Weight Fund (Formerly Known as Principal Nifty 100 Equal Weight Fund) - Direct Plan - Growth Option,2022-01-03,2026-08-14,1137,0.1279433556881564,0.1495669887383632,0.4973849798220761,-0.2119319614031195,Index,Sundaram Mutual Fund,Other Scheme - Index Funds
144835,Sundaram Services Fund Direct Plan - Growth,2018-09-25,2026-08-14,1940,0.1948498334799935,0.1634821415273171,0.8318747424585642,-0.3962456376129885,Sectoral,Sundaram Mutual Fund,Equity Scheme - Sectoral/ Thematic
119589,Sundaram Small Cap Fund Direct Plan - Growth,2013-01-02,2026-08-14,3350,0.1812436927883043,0.1795781758723857,0.7067651180936979,-0.5705562313373007,Small Cap,Sundaram Mutual Fund,Equity Scheme - Small Cap Fund
119549,Sundaram Value Fund Direct Plan - Growth,2013-01-02,2026-08-14,3350,0.1200486143790842,0.1582957643826169,0.434560051137736,-0.4130496652602069,Value,Sundaram Mutual Fund,Equity Scheme - Value Fund
151320,TRUSTMF CORPORATE BOND FUND-DIRECT PLAN-GROWTH,2023-01-23,2026-08-14,861,0.0709729996131329,0.0126511791438523,0.912659772577014,-0.0056716923772405,Corporate Bond,Trust Mutual Fund,Debt Scheme - Corporate Bond Fund
152584,TRUSTMF Flexi Cap Fund-Direct Plan- Growth,2024-04-29,2026-08-14,568,0.1161781173045291,0.1604442981930679,0.4045832739585586,-0.1887550200803213,Flexi Cap,Trust Mutual Fund,Equity Scheme - Flexi Cap Fund
153644,TRUSTMF MULTI CAP FUND -DIRECT PLAN-GROWTH,2025-07-25,2026-08-14,260,0.1959564896779573,0.1436285965455939,0.9321511726294954,-0.1273234200743493,Multi Cap,Trust Mutual Fund,Equity Scheme - Multi Cap Fund
152939,TRUSTMF SMALL CAP FUND -DIRECT PLAN-GROWTH,2024-11-05,2026-08-14,439,0.1894819571324069,0.1868565690062114,0.7192075412210512,-0.2402183803457689,Small Cap,Trust Mutual Fund,Equity Scheme - Small Cap Fund
119053,Tata Aggressive Hybrid Fund -Direct Plan- Growth Option,2013-01-02,2026-08-14,3351,0.1266662507545586,0.1183605659296816,0.5845907955165036,-0.2884594943884678,Aggressive Hybrid,Tata Mutual Fund,Hybrid Scheme - Aggressive Hybrid Fund
145724,Tata Arbitrage Fund-Direct Plan-Growth,2018-12-19,2026-08-14,1886,0.0655617807188775,0.0102522420661061,0.4900736827063921,-0.0057181841847773,Arbitrage,Tata Mutual Fund,Hybrid Scheme - Arbitrage Fund
153420,Tata BSE Quality Index Fund Direct plan Growth Option,2025-04-08,2026-08-14,333,0.1589221865804493,0.1407468669778953,0.7177317558823548,-0.1215358092713396,Index,Tata Mutual Fund,Other Scheme - Index Funds
153132,Tata BSE Select Business Groups Index Fund - Direct Growth,2024-12-18,2026-08-14,409,0.0415773430520947,0.1645534000990481,-0.0296337936948971,-0.1504698421515531,Index,Tata Mutual Fund,Other Scheme - Index Funds
146010,Tata Balanced Advantage Fund-Direct Plan-Growth,2019-01-29,2026-08-14,1857,0.1223119981137192,0.0886962617731703,0.7002826910075901,-0.2002321946863139,Balanced Advantage,Tata Mutual Fund,Hybrid Scheme - Dynamic Asset Allocation or Balanced Advantage
135793,Tata Banking And Financial Services Fund-Direct Plan-Growth,2015-12-29,2026-08-14,2619,0.168100641224038,0.190642400515976,0.6152474246135544,-0.4158028646814926,Sectoral,Tata Mutual Fund,Equity Scheme - Sectoral/ Thematic
149071,Tata Business Cycle Fund-Direct Plan-Growth,2021-08-11,2026-08-14,1234,0.1567336281299125,0.1480359964788142,0.6758929292939942,-0.2001119456054467,Sectoral,Tata Mutual Fund,Equity Scheme - Sectoral/ Thematic
119312,Tata Childrens Fund-Direct Plan-Growth Option,2013-01-02,2026-08-14,3348,0.1118196225371781,0.1281017793066394,0.4443064328253868,-0.3383251791381962,Children,Tata Mutual Fund,Solution Oriented Scheme - Children’s Fund
149361,Tata Corporate Bond Fund-Direct Plan-Growth,2021-12-07,2026-08-14,1138,0.0653186923053896,0.0113720263751326,0.5071310997916968,-0.0169493199529844,Corporate Bond,Tata Mutual Fund,Debt Scheme - Corporate Bond Fund
135800,Tata Digital India Fund-Direct Plan-Growth,2015-12-29,2026-08-14,2618,0.1643926818386625,0.1871298146016918,0.6055392540041175,-0.3327279779151741,Sectoral,Tata Mutual Fund,Equity Scheme - Sectoral/ Thematic
119097,Tata Dynamic Bond Fund- Direct Plan-Growth Option,2013-01-02,2022-09-23,2346,0.0876620028397727,0.0311128690625882,0.9092849504920588,-0.0620745746428746,Dynamic Bond,Tata Mutual Fund,Debt Scheme - Dynamic Bond
132756,Tata ELSS Fund-Growth-Direct Plan,2014-10-14,2026-08-14,2913,0.155954174796119,0.1645949879495596,0.6203806925147596,-0.3676753076323247,ELSS,Tata Mutual Fund,Equity Scheme - ELSS
119960,Tata Equity Savings Fund- Direct Plan- Growth Option,2013-01-08,2026-02-20,3214,0.0855201366656956,0.048984076681312,0.523405484393152,-0.138526696616921,Equity Savings,Tata Mutual Fund,Hybrid Scheme - Equity Savings
119172,Tata Ethical Fund -Direct Plan- Growth Option,2013-01-02,2026-08-14,3351,0.1381843960888287,0.1333902730774271,0.6110908758559144,-0.2949644195475768,Sectoral,Tata Mutual Fund,Equity Scheme - Sectoral/ Thematic
144546,Tata Flexi Cap Fund-Direct Plan-Growth,2018-09-10,2026-08-14,1951,0.1329343059643319,0.1552173162734533,0.5154836520041999,-0.3349061398753049,Flexi Cap,Tata Mutual Fund,Equity Scheme - Flexi Cap Fund
147757,Tata Focused Fund-Direct Plan-Growth,2019-12-06,2026-08-14,1651,0.1527249240330668,0.1789814406234317,0.5666540214954023,-0.3728177850518276,Focused,Tata Mutual Fund,Equity Scheme - Focused Fund
119953,Tata Gilt Securities Fund- Direct Plan - Growth Option,2013-01-07,2026-08-14,3285,0.0789380554345084,0.0410087488188387,0.4910303193097429,-0.1036913748367827,Gilt,Tata Mutual Fund,Debt Scheme - Gilt Fund
152287,Tata Gold ETF Fund of Fund Direct Plan Growth Option,2024-01-24,2026-08-14,630,0.3876861814010421,0.2238071677746002,1.3436655117161729,-0.2431716482077063,Fund of Funds,Tata Mutual Fund,Other Scheme - FoF Domestic
150532,Tata Housing Opportunities Fund - Direct Plan - Growth,2022-09-09,2026-08-14,967,0.1263603016212355,0.1463083020291612,0.4970635621593061,-0.241919830271295,Sectoral,Tata Mutual Fund,Equity Scheme - Sectoral/ Thematic
119876,Tata Income Fund - Direct Plan - Growth Option,2013-01-02,2022-09-23,2346,0.077696315866514,0.0323412757625128,0.5785239167238024,-0.0668049693334643,Long Duration,Tata Mutual Fund,Debt Scheme - Medium to Long Duration Fund
135805,Tata India Consumer Fund-Direct Plan-Growth,2015-12-29,2026-08-14,2619,0.1768446181236991,0.1537552919132196,0.7705368727655587,-0.3246458009445307,Sectoral,Tata Mutual Fund,Equity Scheme - Sectoral/ Thematic
153055,Tata India Innovation Fund- Direct Growth,2024-12-05,2026-08-14,418,0.0230420991664408,0.1511237932206215,-0.1676537934703158,-0.1810979887745556,Sectoral,Tata Mutual Fund,Equity Scheme - Sectoral/ Thematic
135810,Tata India Pharma & Healthcare Fund-Direct Plan-Growth,2015-12-29,2026-08-14,2619,0.1382456342016231,0.1530379129953276,0.5500365250802115,-0.1983831643782881,Sectoral,Tata Mutual Fund,Equity Scheme - Sectoral/ Thematic
119243,Tata Infrastructure Fund -Direct Plan -Growth Option,2013-01-02,2026-08-14,3351,0.1495678129831466,0.17462777622902,0.5619270301664709,-0.4245623506290262,Sectoral,Tata Mutual Fund,Equity Scheme - Sectoral/ Thematic
119202,Tata Large & MId Cap Fund -Direct Plan- Growth Option,2013-01-02,2026-08-14,3351,0.1477669425576115,0.1519169508318402,0.6107250903658357,-0.356891503217052,Mid Cap,Tata Mutual Fund,Equity Scheme - Large & Mid Cap Fund
119160,Tata Large Cap Fund -Direct Plan Growth Option,2013-01-02,2026-08-14,3351,0.1331813793861636,0.1582934446320589,0.5097089867204273,-0.3757068200085399,Large Cap,Tata Mutual Fund,Equity Scheme - Large Cap Fund
119178,Tata Mid Cap Fund - Direct Plan- Growth Option,2013-01-02,2026-08-14,3351,0.1920851889278829,0.1621891085778098,0.8215667762759313,-0.3509643843574819,Mid Cap,Tata Mutual Fund,Equity Scheme - Mid Cap Fund
119424,Tata Money Market Fund- Direct Plan- Growth Option,2013-01-01,2026-08-14,3848,0.0677979815833091,0.016382820715787,-0.0822901728795953,-0.065681717218425,Money Market,Tata Mutual Fund,Debt Scheme - Money Market Fund
148053,Tata Multi Asset Allocation Fund-Direct Plan-Growth,2020-03-12,2026-08-14,1584,0.1859599243760226,0.1057228312372222,1.1356903698050809,-0.1352852405835189,Multi Asset,Tata Mutual Fund,Hybrid Scheme - Multi Asset Allocation
151232,Tata Multicap Fund - Direct Plan - Growth,2023-02-09,2026-08-14,863,0.1472542436867725,0.144701789072515,0.6324121276597585,-0.2239328507239141,Multi Cap,Tata Mutual Fund,Equity Scheme - Multi Cap Fund
152557,Tata Nifty Auto Index Fund - Direct Plan - Growth,2024-04-30,2026-08-14,566,0.1279235435749075,0.2042064562527773,0.4100009247989539,-0.2835519838633508,Index,Tata Mutual Fund,Other Scheme - Index Funds
152951,Tata Nifty Capital Markets Index Fund - Direct Plan Growth Option,2024-10-30,2026-08-14,441,0.2298213771855788,0.2778219503252695,0.6850755353145409,-0.3055674238130531,Index,Tata Mutual Fund,Other Scheme - Index Funds
152577,Tata Nifty Financial Services Index Fund - Direct Plan - Growth,2024-04-30,2026-08-14,566,0.0874428982256396,0.1709621613497866,0.2352827676046849,-0.1737917588391886,Index,Tata Mutual Fund,Other Scheme - Index Funds
151273,Tata Nifty G-Sec Dec 2029 Index Fund - Direct Plan - Growth,2023-01-18,2026-08-14,864,0.0791805636957616,0.016335632065043,1.1990063034286988,-0.0107893507706678,Index,Tata Mutual Fund,Other Scheme - Index Funds
150344,Tata Nifty India Digital ETF Fund of Fund-Direct Plan-Growth,2022-04-22,2026-08-14,1063,0.0914405415524375,0.1783981005374857,0.2547506661459626,-0.2793463113370291,Fund of Funds,Tata Mutual Fund,Other Scheme - FoF Domestic
152742,Tata Nifty India Tourism Index Fund - Direct - Growth,2024-07-29,2026-08-14,506,-0.0443193532898158,0.2108471486620096,-0.398317604298027,-0.3112656056945801,Index,Tata Mutual Fund,Other Scheme - Index Funds
152564,Tata Nifty MidSmall Healthcare Index Fund - Direct Plan - Growth,2024-04-30,2026-08-14,566,0.1992873495016225,0.1602687012442869,0.8637793764011091,-0.1754179491822077,Index,Tata Mutual Fund,Other Scheme - Index Funds
153581,Tata Nifty Midcap 150 Index Fund - Direct Plan - Growth Option,2025-06-25,2026-08-14,281,0.0745048737999067,0.1559023006645449,0.1643290377563547,-0.1404755474010673,Index,Tata Mutual Fund,Other Scheme - Index Funds
150738,Tata Nifty Midcap 150 Momentum 50 Index Fund - Growth - Direct Plan,2022-10-31,2026-08-14,934,0.1747945955160976,0.1835272413930163,0.6632645010114737,-0.2591686799966404,Index,Tata Mutual Fund,Other Scheme - Index Funds
152570,Tata Nifty Realty Index Fund - Direct Plan - Growth,2024-04-30,2026-08-14,566,-0.0381705885650814,0.2819671151219508,-0.2124123971767196,-0.4354850976448617,Index,Tata Mutual Fund,Other Scheme - Index Funds
150326,Tata Nifty SDL Plus AAA PSU Bond Dec 6040 Index Fund- Direct Plan-Growth,2022-04-05,2026-08-14,1058,0.0684502869843461,0.0141207372003163,0.6310280763592202,-0.0228631902636754,Index,Tata Mutual Fund,Other Scheme - Index Funds
152836,Tata Nifty200 Alpha 30 Index Fund - Direct -Growth,2024-09-11,2026-08-14,475,-0.0309753481097728,0.2016123946642255,-0.3562752074055174,-0.2948692353763227,Index,Tata Mutual Fund,Other Scheme - Index Funds
152588,Tata Nifty500 Multicap India Manufacturing 50:30:20 Index Fund -Direct Plan-Growth,2024-04-30,2026-08-14,566,0.1063695081037687,0.1676497184990845,0.3417673030775033,-0.2128078245130437,Index,Tata Mutual Fund,Other Scheme - Index Funds
152595,Tata Nifty500 Multicap Infrastructure 50:30:20 Index Fund - Direct Plan - Growth,2024-04-30,2026-08-14,566,0.0503389698749543,0.178511898061606,0.0346696560348876,-0.2252876150243682,Index,Tata Mutual Fund,Other Scheme - Index Funds
135813,Tata Resources & Energy Fund-Direct Plan-Growth,2015-12-29,2026-08-14,2619,0.1811197080935418,0.1828461735588779,0.6953399042993332,-0.332243042791457,Sectoral,Tata Mutual Fund,Equity Scheme - Sectoral/ Thematic
119256,Tata Retirement Savings Fund- Conservative Plan-Direct Plan-Growth Option,2013-01-08,2026-08-14,3283,0.0970222796106512,0.0488883403148615,0.7748999943558053,-0.1098414408406327,Retirement,Tata Mutual Fund,Solution Oriented Scheme - Retirement Fund
119255,Tata Retirement Savings Fund- Moderate Plan -Direct Plan-Growth Option,2013-01-04,2026-08-14,3349,0.1521059966220552,0.1290843785975753,0.7238169222676882,-0.296402736774356,Retirement,Tata Mutual Fund,Solution Oriented Scheme - Retirement Fund
119251,Tata Retirement Savings Fund- Progressive Plan -Direct Plan-Growth Option,2013-01-04,2026-08-14,3348,0.1538916397793912,0.1533582173088234,0.6424614342543467,-0.3420082956070102,Retirement,Tata Mutual Fund,Solution Oriented Scheme - Retirement Fund
119949,Tata Short Term Bond Fund - Direct Plan - Growth Option,2013-01-02,2026-08-14,3288,0.0747964077385519,0.0175068957627774,0.8820807250472356,-0.0511874459986455,Short Duration,Tata Mutual Fund,Debt Scheme - Short Duration Fund
152293,Tata Silver ETF Fund of Fund Direct Plan Growth Option,2024-01-24,2026-08-14,630,0.5437412330562714,0.4257057388323482,1.125532128577664,-0.429292605326628,Fund of Funds,Tata Mutual Fund,Other Scheme - FoF Domestic
145206,Tata Small Cap Fund-Direct Plan-Growth,2018-11-13,2026-08-14,1911,0.2119764625644045,0.1681125791657131,0.8977904059475937,-0.3660510852620219,Small Cap,Tata Mutual Fund,Equity Scheme - Small Cap Fund
119863,Tata Treasury Advantage Fund - Direct Plan - Growth Option,2013-01-02,2026-08-14,3288,0.0703963423384974,0.0137095149169969,0.8098107094424477,-0.051422676115177,Low Duration,Tata Mutual Fund,Debt Scheme - Low Duration Fund
119231,Tata Value Fund -Direct Plan Growth Option,2013-01-02,2026-08-14,3351,0.1640375894036312,0.1635681680327947,0.6668022565931268,-0.3790331883252829,Value,Tata Mutual Fund,Equity Scheme - Value Fund
118868,Taurus Banking & Financial Services Fund - Direct Plan - Growth,2013-01-03,2026-08-14,3352,0.1130161422993734,0.2078212121707321,0.343107589193026,-0.4162484316185696,Sectoral,Taurus Mutual Fund,Equity Scheme - Sectoral/ Thematic
118866,Taurus ELSS Tax Saver Fund - Direct Plan - Growth,2013-01-02,2026-08-14,3353,0.1280970612709877,0.1571427917356077,0.48249513094716,-0.3504651690492398,ELSS,Taurus Mutual Fund,Equity Scheme - ELSS
118876,Taurus Ethical Fund - Direct Plan - Growth,2013-01-02,2026-08-14,3353,0.1446105042987133,0.1399991596324967,0.6293899749161672,-0.2936041631693805,Sectoral,Taurus Mutual Fund,Equity Scheme - Sectoral/ Thematic
118883,Taurus Flexi Cap Fund - Direct Plan - Growth,2013-01-02,2026-08-14,3353,0.1034252878784374,0.1641437633374957,0.3309033619112005,-0.4098662609113478,Flexi Cap,Taurus Mutual Fund,Equity Scheme - Flexi Cap Fund
118879,Taurus Infrastructure Fund - Direct Plan - Growth ,2013-01-02,2026-08-14,3353,0.1312707571348268,0.1819452785333528,0.4557406513496861,-0.3728754769337495,Sectoral,Taurus Mutual Fund,Equity Scheme - Sectoral/ Thematic
118870,Taurus Large Cap Fund - Direct Plan - Growth,2013-01-03,2026-08-14,3352,0.1064471685473962,0.1608909442681302,0.3516624549841962,-0.3512201044069443,Large Cap,Taurus Mutual Fund,Equity Scheme - Large Cap Fund
118872,Taurus Mid Cap Fund - Direct Plan - Growth,2013-01-02,2026-08-14,3353,0.1610856436140162,0.1763830181355553,0.6156102214768658,-0.3280455562334757,Mid Cap,Taurus Mutual Fund,Equity Scheme - Mid Cap Fund
118881,Taurus Nifty 50 Index Fund - Direct Plan - Growth,2013-01-03,2026-08-14,3352,0.1149697573697177,0.1580177513254782,0.4047956438040545,-0.3699767863891,Index,Taurus Mutual Fund,Other Scheme - Index Funds
118494,Templeton India Value Fund - Direct - Growth,2013-01-01,2026-08-14,3351,0.1439674942053284,0.16191620634339,0.561971334227432,-0.4783817781435833,Value,Franklin Templeton Mutual Fund,Equity Scheme - Value Fund
148147,UTI - Credit Risk Fund (Segregated - 17022020) - Direct Plan - Growth Option,2020-02-17,2022-01-31,473,0.3395832404358474,1.277163631444422,0.5736578957780006,-0.6068974375441526,Credit Risk,UTI Mutual Fund,Debt Scheme - Credit Risk Fund
120662,UTI - Flexi Cap Fund-Growth Option - Direct,2013-01-02,2026-08-14,3350,0.1361202237434073,0.149072544578653,0.5496425776465276,-0.3385901487128031,Flexi Cap,UTI Mutual Fund,Equity Scheme - Flexi Cap Fund
120792,UTI - GILT FUND - Direct Plan - Growth Option,2013-01-03,2026-08-14,3286,0.0807620120767527,0.0378501658754594,0.5763677536038783,-0.0810074670174488,Gilt,UTI Mutual Fund,Debt Scheme - Gilt Fund
120682,UTI - MNC Fund - Growth Option - Direct,2013-01-02,2026-08-14,3351,0.1434726898538276,0.1305475765099987,0.6579379813364256,-0.3158138501366702,Sectoral,UTI Mutual Fund,Equity Scheme - Sectoral/ Thematic
120674,UTI Aggressive Hybrid Fund -Direct Plan - Growth,2013-01-02,2026-08-14,3351,0.1264269329326861,0.1157845424628268,0.5931388434287493,-0.3244241071379793,Aggressive Hybrid,UTI Mutual Fund,Hybrid Scheme - Aggressive Hybrid Fund
151764,UTI BSE Housing Index Fund - Direct Plan - Growth Option,2023-06-09,2026-08-14,783,0.1265515369618928,0.1834299380153652,0.431042498720834,-0.266307857911733,Index,UTI Mutual Fund,Other Scheme - Index Funds
149881,UTI BSE Low Volatility Index Fund - Direct Plan  - Growth Option,2022-03-07,2026-08-14,1094,0.1301775416683535,0.1114357165164433,0.6412275128110708,-0.1821581518788828,Index,UTI Mutual Fund,Other Scheme - Index Funds
149803,UTI BSE Sensex Index Fund - Direct Plan - Growth Option,2022-02-01,2026-08-14,1117,0.0757048706187,0.1380570622635326,0.1753837412545665,-0.1608392516326715,Index,UTI Mutual Fund,Other Scheme - Index Funds
151885,UTI Balanced Advantage Fund - Direct Plan - Growth Option,2023-08-17,2026-08-14,736,0.1000867958311,0.0764899825639668,0.5335255531328386,-0.1046966515637086,Balanced Advantage,UTI Mutual Fund,Hybrid Scheme - Dynamic Asset Allocation or Balanced Advantage
126940,UTI Banking & PSU Fund - Direct Plan - Growth Option,2014-02-06,2026-08-14,3020,0.0719725364374466,0.0304669660239494,0.429799921617811,-0.0673713332627343,Banking & PSU,UTI Mutual Fund,Debt Scheme - Banking and PSU Fund
120733,UTI Banking and Financial Services Fund - Direct Plan - Growth Option,2013-01-02,2026-08-14,3351,0.1177809941528551,0.215142658218062,0.3595012638182772,-0.4899639285026914,Sectoral,UTI Mutual Fund,Equity Scheme - Sectoral/ Thematic
151185,UTI CRISIL SDL Maturity April 2033 Index Fund - Direct Plan - Growth Option,2022-12-22,2026-08-14,882,0.0779385840171686,0.0225938814589484,0.8186177968356607,-0.0215576749131187,Index,UTI Mutual Fund,Other Scheme - Index Funds
120724,UTI Children's Equity Fund - Direct Plan - Growth Option,2013-01-02,2026-08-14,3351,0.1275985464114044,0.1527641035016067,0.4893618661865921,-0.3522474457875379,Children,UTI Mutual Fund,Solution Oriented Scheme - Children’s Fund
120779,UTI Conservative Hybrid Fund - Direct Plan - Growth Option,2013-01-02,2026-08-14,3286,0.0930514189710041,0.0459966771205716,0.7389225081280013,-0.144372736716958,Conservative Hybrid,UTI Mutual Fund,Hybrid Scheme - Conservative Hybrid Fund
144339,UTI Corporate Bond Fund - Direct Plan - Growth Option,2018-08-09,2026-08-14,1937,0.0752666958530032,0.0169902069617463,0.9330047566328518,-0.0297392434768661,Corporate Bond,UTI Mutual Fund,Debt Scheme - Corporate Bond Fund
120764,UTI Credit Risk Fund - Direct Plan - Growth Option,2013-01-02,2026-08-14,3287,0.0544775489720223,0.0622181415836832,-0.0420164497340288,-0.3438110166927921,Credit Risk,UTI Mutual Fund,Debt Scheme - Credit Risk Fund
120762,UTI Dynamic Bond Fund - Direct Plan - Growth Option,2013-01-02,2026-08-14,3287,0.079957134511901,0.0403884317656824,0.5228812894117769,-0.0813032196593016,Dynamic Bond,UTI Mutual Fund,Debt Scheme - Dynamic Bond
120715,UTI ELSS Tax Saver Fund - Direct Plan - Growth Option,2013-01-02,2026-08-14,3351,0.1327062252249726,0.151900932422812,0.521767832277348,-0.3505895155829062,ELSS,UTI Mutual Fund,Equity Scheme - ELSS
144490,UTI Equity Savings Fund - Direct Plan - Growth Option,2018-08-31,2026-08-14,1957,0.0941472369436768,0.0581484381401702,0.5830988020669161,-0.1376131301289566,Equity Savings,UTI Mutual Fund,Hybrid Scheme - Equity Savings
149091,UTI Focused Fund - Direct Plan - Growth Option,2021-08-26,2026-08-14,1224,0.112036329941966,0.1350493918232663,0.4281657579783151,-0.1932224511218262,Focused,UTI Mutual Fund,Equity Scheme - Focused Fund
150410,UTI Gilt Fund with 10 year Constant Duration - Direct Plan - Growth Option,2022-08-03,2026-08-14,975,0.0754151104083074,0.0295239845866391,0.550668787545869,-0.0274167096911349,Gilt,UTI Mutual Fund,Debt Scheme - Gilt Fund with 10 year constant duration
150714,UTI Gold ETF Fund of Fund - Direct Plan - Growth Option,2022-10-31,2026-08-14,934,0.3268473908620308,0.1884711023346529,1.3120538737579428,-0.2357057860197697,Fund of Funds,UTI Mutual Fund,Other Scheme - FoF Domestic
120782,UTI Healthcare Fund - Direct Plan - Growth Option,2013-01-02,2026-08-14,3351,0.1666044634493433,0.153759883883829,0.7132983556834542,-0.2710033218902388,Sectoral,UTI Mutual Fund,Equity Scheme - Sectoral/ Thematic
120780,UTI India Consumer Fund - Direct Plan - Growth Option,2013-01-02,2026-08-14,3351,0.1187518503710938,0.1470509316513512,0.4474068392868653,-0.2968670841185887,Sectoral,UTI Mutual Fund,Equity Scheme - Sectoral/ Thematic
120728,UTI Infrastructure Fund-Growth Option- Direct,2013-01-02,2026-08-14,3351,0.1263005837266535,0.1822045639238786,0.4311191387219789,-0.4277761424324665,Sectoral,UTI Mutual Fund,Equity Scheme - Sectoral/ Thematic
152087,UTI Innovation Fund - Direct Plan - Growth Option,2023-10-18,2026-08-14,695,0.0735803542489941,0.1816927324774498,0.1612239710675693,-0.3150505261275225,Sectoral,UTI Mutual Fund,Equity Scheme - Sectoral/ Thematic
120665,UTI Large & Mid Cap Fund - Direct Plan - Growth Option,2013-01-02,2026-08-14,3351,0.146455140034124,0.1544354660868361,0.5957700881386722,-0.4149770040511521,Mid Cap,UTI Mutual Fund,Equity Scheme - Large & Mid Cap Fund
120656,UTI Large Cap Fund - Direct Plan - Growth Option,2013-01-02,2026-08-14,3351,0.1271198591757276,0.1503756640916889,0.4917177688215544,-0.3465031769581601,Large Cap,UTI Mutual Fund,Equity Scheme - Large Cap Fund
120304,UTI Liquid Fund - Direct Plan - Growth Option,2013-01-01,2026-08-16,4492,-0.0978230385261348,0.2132425607715558,-0.2812754400482832,-0.899982770133291,Liquid,UTI Mutual Fund,Income/Debt Oriented Schemes - Liquid Fund
151523,UTI Long Duration Fund - Direct Plan - Growth Option,2023-03-21,2026-08-14,821,0.0678010032505247,0.0387136410679175,0.2405225669426183,-0.0568392497411655,Long Duration,UTI Mutual Fund,Debt Scheme - Long Duration Fund
120735,UTI Low Duration Fund - Direct Plan - Growth Option,2013-01-02,2026-08-14,3287,0.0694675428250206,0.0285540629879369,0.3694073155292786,-0.1211501997813642,Low Duration,UTI Mutual Fund,Debt Scheme - Low Duration Fund
134503,UTI Medium Duration Fund - Direct Plan - Growth Option,2015-04-09,2026-08-14,2747,0.0666512346876648,0.0213646061224948,0.3480600423451903,-0.0530947511929107,Medium Duration,UTI Mutual Fund,Debt Scheme - Medium Duration Fund
120689,UTI Medium to Long Duration Fund-Growth - Direct,2013-01-02,2026-08-14,3287,0.0680854194309925,0.0465573075222136,0.2114988676207979,-0.130741089828586,Long Duration,UTI Mutual Fund,Debt Scheme - Medium to Long Duration Fund
120726,UTI Mid Cap Fund-Growth Option- Direct,2013-01-02,2026-08-14,3351,0.1834115787245278,0.1637831001445494,0.7694599217468021,-0.4074671355725821,Mid Cap,UTI Mutual Fund,Equity Scheme - Mid Cap Fund
120760,UTI Multi Asset Allocation Fund - Direct Plan - Growth Option,2013-01-02,2026-08-14,3351,0.1028916235556758,0.1038083751815956,0.4404507997111305,-0.2501596593932943,Multi Asset,UTI Mutual Fund,Hybrid Scheme - Multi Asset Allocation
153515,UTI Multi Cap Fund - Direct Plan - Growth Option,2025-05-20,2026-08-14,307,0.0768885266823831,0.1200885818676078,0.1876111782904425,-0.1405826464248378,Multi Cap,UTI Mutual Fund,Equity Scheme - Multi Cap Fund
151487,UTI NIFTY SDL Plus AAA PSU Bond Apr 2028- 75:25 Index Fund - Direct Plan - Growth Option,2023-03-08,2026-08-14,830,0.0779881183568913,0.0120184060281012,1.5410470543428678,-0.0068222961809371,Index,UTI Mutual Fund,Other Scheme - Index Funds
148703,UTI Nifty 200 Momentum 30 Index Fund - Direct Plan - Growth Option,2021-03-12,2026-08-14,1336,0.1531167878005896,0.1932897923498221,0.5415218879270415,-0.3149855940686384,Index,UTI Mutual Fund,Other Scheme - Index Funds
152859,UTI Nifty 200 Quality 30 Index Fund - Direct Plan - Growth Option,2024-09-24,2026-08-14,466,-0.0465296719417039,0.1388389655061419,-0.7136262142815184,-0.2256860072304864,Index,UTI Mutual Fund,Other Scheme - Index Funds
120716,UTI Nifty 50 Index Fund - Growth Option- Direct,2013-01-02,2026-08-14,3351,0.1184046036339605,0.1607956258424871,0.4205388637501278,-0.3841791894589835,Index,UTI Mutual Fund,Other Scheme - Index Funds
151739,UTI Nifty 500 Value 50 Index Fund - Direct Plan - Growth Option,2023-05-12,2026-08-14,803,0.2841626854565295,0.2016081191425192,1.0750333702141528,-0.2263060260830459,Index,UTI Mutual Fund,Other Scheme - Index Funds
153086,UTI Nifty Alpha Low-Volatility 30 Index Fund - Direct Plan - Growth Option,2024-12-03,2026-08-14,420,-0.013015969348208,0.1301762644467829,-0.4984929952290045,-0.1659660398240828,Index,UTI Mutual Fund,Other Scheme - Index Funds
153270,UTI Nifty India Manufacturing Index Fund - Direct Plan - Growth Option,2025-02-18,2026-08-14,366,0.2047005942279365,0.1585636693699456,0.9045277361248588,-0.1215284219696541,Index,UTI Mutual Fund,Other Scheme - Index Funds
153089,UTI Nifty Midcap 150 Index Fund - Direct Plan - Growth Option,2024-12-03,2026-08-14,420,0.0587128610428426,0.1749739300883564,0.0769630765345388,-0.1892394205108654,Index,UTI Mutual Fund,Other Scheme - Index Funds
150313,UTI Nifty Midcap 150 Quality 50 Index Fund - Direct Plan - Growth Option,2022-04-13,2026-08-14,1068,0.0977678941390618,0.1459525608270826,0.3167329072191773,-0.2143187006888118,Index,UTI Mutual Fund,Other Scheme - Index Funds
153272,UTI Nifty Midsmallcap 400 Momentum Quality 100 Index Fund - Direct Plan - Growth Option,2025-02-18,2026-08-14,366,0.1465464412682569,0.1829184797377139,0.529303047832988,-0.1736968071563152,Index,UTI Mutual Fund,Other Scheme - Index Funds
143341,UTI Nifty Next 50 Index Fund - Direct Plan - Growth Option,2018-06-29,2026-08-14,2000,0.1331166532439307,0.1885761731108554,0.4560019154281827,-0.3985503988201757,Index,UTI Mutual Fund,Other Scheme - Index Funds
152864,UTI Nifty Private Bank Index Fund - Direct Plan - Growth Option,2024-09-24,2026-08-14,466,0.0043088256500218,0.1602410639547633,-0.2671721705784574,-0.1734080526734359,Index,UTI Mutual Fund,Other Scheme - Index Funds
151762,UTI Nifty50 Equal Weight Index Fund - Direct Plan - Growth Option,2023-06-09,2026-08-14,783,0.1503835281811547,0.1335008177227896,0.6935089369284484,-0.1811818941125433,Index,UTI Mutual Fund,Other Scheme - Index Funds
153204,UTI Quant Fund - Direct Plan - Growth Option,2025-01-24,2026-08-14,383,0.0539887555203462,0.1410630731585792,0.0267610505817543,-0.1448421206287804,Sectoral,UTI Mutual Fund,Equity Scheme - Sectoral/ Thematic
120718,UTI Short Duration Fund - Direct Plan - Growth Option,2013-01-04,2026-08-14,3285,0.073893453852204,0.0326684981399259,0.4593633329785971,-0.1316189078748688,Short Duration,UTI Mutual Fund,Debt Scheme - Short Duration Fund
151731,UTI Silver ETF Fund of Fund - Direct Plan - Growth Option,2023-04-25,2026-08-14,815,0.3636694942769056,0.3834429022165705,0.8697815651316362,-0.4547773555906587,Fund of Funds,UTI Mutual Fund,Other Scheme - FoF Domestic
148618,UTI Small Cap Fund - Direct Plan - Growth Option,2020-12-23,2026-08-14,1390,0.2171699083969502,0.1569343930848782,0.978314325237638,-0.223367872138697,Small Cap,UTI Mutual Fund,Equity Scheme - Small Cap Fund
120746,UTI Ultra Short Duration Fund - Direct Plan - Growth Option,2013-01-02,2026-08-14,3287,0.0741112881471679,0.0108772810307562,1.3519381713830454,-0.0361291573102185,Ultra Short Duration,UTI Mutual Fund,Debt Scheme - Ultra Short Duration Fund
120751,UTI Value Fund - Direct Plan - Growth Option,2013-01-02,2026-08-14,3350,0.1364074402868194,0.1532189947095339,0.5406932592181881,-0.3667596739119642,Value,UTI Mutual Fund,Equity Scheme - Value Fund
120731,UTI-Transportation and Logistics  Fund-Growth Option- Direct,2013-01-02,2026-08-14,3351,0.1909056703292926,0.1879103539928204,0.7275132284639192,-0.5691421654958707,Sectoral,UTI Mutual Fund,Equity Scheme - Sectoral/ Thematic
153543,Unifi Flexi Cap Fund - Direct Growth,2025-06-09,2026-08-14,293,0.0602547593168234,0.1280113175741618,0.0606350825270122,-0.1318185281121437,Flexi Cap,Unifi Mutual Fund,Equity Scheme - Flexi Cap Fund
153109,Union Active Momentum Fund - Direct Plan - Growth Option,2024-12-23,2026-08-14,406,0.0042540564125035,0.1952655152665233,-0.1872716567540484,-0.2657004830917874,Sectoral,Union Mutual Fund,Equity Scheme - Sectoral/ Thematic
148592,Union Aggressive Hybrid Fund - Direct Plan - Growth Option,2020-12-28,2026-08-14,1387,0.1318082575895764,0.1066777053421644,0.6786037831783572,-0.1511976047904191,Aggressive Hybrid,Union Mutual Fund,Hybrid Scheme - Aggressive Hybrid Fund
146297,Union Arbitrage Fund - Direct Plan - Growth Option,2019-02-27,2026-08-14,1835,0.0608352175594952,0.0102926429725968,0.0583544873479607,-0.0059075016924945,Arbitrage,Union Mutual Fund,Hybrid Scheme - Arbitrage Fund
142038,Union Balanced Advantage Fund - Direct Plan - Growth Option,2018-01-05,2026-08-14,2117,0.09968234542101,0.0965066288515816,0.4360228872496278,-0.2378472222222222,Balanced Advantage,Union Mutual Fund,Hybrid Scheme - Dynamic Asset Allocation or Balanced Advantage
152409,Union Business Cycle Fund - Direct Plan - Growth Option,2024-03-12,2026-08-14,598,0.0911899988381255,0.1555294161303027,0.266419694930579,-0.1990131578947368,Sectoral,Union Mutual Fund,Equity Scheme - Sectoral/ Thematic
152219,Union Children's Fund - Direct Plan - Growth Option,2023-12-21,2026-08-14,652,0.1231797657323197,0.1484336074417293,0.4724449800610907,-0.1739799846035411,Children,Union Mutual Fund,Solution Oriented Scheme - Children’s Fund
143241,Union Corporate Bond Fund - Direct Plan - Growth Option,2018-06-01,2026-08-14,1985,0.0634767508497204,0.0278472286353514,0.162401763828319,-0.057147084389044,Corporate Bond,Union Mutual Fund,Debt Scheme - Corporate Bond Fund
119311,Union Dynamic Bond Fund - Direct Plan - Growth Option,2013-01-02,2026-08-14,3286,0.0642953078863894,0.0332006981940294,0.1695761344561045,-0.0676946480431475,Dynamic Bond,Union Mutual Fund,Debt Scheme - Dynamic Bond
119307,Union ELSS Tax Saver Fund - Direct Plan - Growth Option,2013-01-02,2026-08-14,3350,0.1340734165905497,0.1529449381679219,0.5275683464272185,-0.3535572408811847,ELSS,Union Mutual Fund,Equity Scheme - ELSS
144312,Union Equity Savings Fund - Direct Plan - Growth Option,2018-08-17,2026-08-14,1964,0.0782190644325213,0.0579172866525647,0.327338853905711,-0.1437499999999999,Equity Savings,Union Mutual Fund,Hybrid Scheme - Equity Savings
119292,Union Flexi Cap Fund - Direct Plan - Growth Option,2013-01-02,2026-08-14,3350,0.1332190976347631,0.1525094522777998,0.5235544957051668,-0.3535936113575865,Flexi Cap,Union Mutual Fund,Equity Scheme - Flexi Cap Fund
147492,Union Focused Fund - Direct Plan - Growth Option,2019-08-13,2026-08-14,1725,0.1702851312962079,0.170913525137307,0.6772538158053208,-0.3395904436860069,Focused,Union Mutual Fund,Equity Scheme - Focused Fund
150407,Union Gilt Fund - Direct Plan - Growth Option,2022-08-17,2026-08-14,968,0.060137619147158,0.0355468369783585,0.0390541004890067,-0.0649046265430388,Gilt,Union Mutual Fund,Debt Scheme - Gilt Fund
153340,Union Gold ETF Fund of Fund - Direct Plan - Growth Option,2025-03-04,2026-08-14,357,0.43557657653824,0.3103090195935228,1.1552693025940235,-0.2457449059426159,Fund of Funds,Union Mutual Fund,Other Scheme - FoF Domestic
153575,Union Income Plus Arbitrage Active FOF - Direct Plan - Growth Option,2025-06-16,2026-08-14,284,0.048554695831241,0.0153409434476145,-0.7084312662398574,-0.0101589589745587,Fund of Funds,Union Mutual Fund,Other Scheme - FoF Domestic
151905,Union Innovation & Opportunities Fund - Direct Plan - Growth Option,2023-09-13,2026-08-14,717,0.1987077892661162,0.1787455006393234,0.7959060478970535,-0.2393548387096774,Sectoral,Union Mutual Fund,Equity Scheme - Sectoral/ Thematic
147750,Union Large & Midcap Fund - Direct Plan - Growth Option,2019-12-13,2026-08-14,1645,0.178361647541787,0.1735011164054286,0.7093561697844227,-0.3564727954971857,Mid Cap,Union Mutual Fund,Equity Scheme - Large & Mid Cap Fund
141248,Union Largecap Fund - Direct Plan - Growth Option,2017-05-18,2026-08-14,2277,0.1049125262747285,0.1630338422155464,0.340358587484589,-0.3639455782312925,Large Cap,Union Mutual Fund,Equity Scheme - Large Cap Fund
148073,Union Midcap Fund - Direct Plan - Growth Option,2020-03-30,2026-08-14,1572,0.3099796750869434,0.1624057871545327,1.4128174924775596,-0.2126252126252126,Mid Cap,Union Mutual Fund,Equity Scheme - Mid Cap Fund
152787,Union Multi Asset Allocation Fund- Direct Plan - Growth Option,2024-09-13,2026-08-14,473,0.124995002548595,0.1126043169890187,0.5939307315254101,-0.1242236024844721,Multi Asset,Union Mutual Fund,Hybrid Scheme - Multi Asset Allocation
150858,Union Multicap Fund - Direct Plan - Growth Option,2022-12-26,2026-08-14,895,0.1954136135753121,0.1405524113340743,0.9447100938676966,-0.198019801980198,Multi Cap,Union Mutual Fund,Equity Scheme - Multi Cap Fund
150554,Union Retirement Fund - Direct Plan - Growth Option,2022-09-29,2026-08-14,953,0.1722439190238891,0.1319767472372017,0.8468012263522008,-0.1776982707215265,Retirement,Union Mutual Fund,Solution Oriented Scheme - Retirement Fund
153242,Union Short Duration Fund - Direct Plan - Growth Option,2025-02-03,2026-08-14,370,0.0690996359452189,0.0119777806390573,0.8071292844386196,-0.0050962732343728,Short Duration,Union Mutual Fund,Debt Scheme - Short Duration Fund
129649,Union Small Cap Fund - Direct Plan - Growth Option,2014-06-17,2026-08-14,2991,0.168606109010301,0.1708094797332806,0.6700335586206061,-0.4471413160733548,Small Cap,Union Mutual Fund,Equity Scheme - Small Cap Fund
145473,Union Value Fund - Direct Plan - Growth Option,2018-12-12,2026-08-14,1890,0.1594904750672774,0.1721369515023703,0.6183136835725586,-0.3767857142857141,Value,Union Mutual Fund,Equity Scheme - Value Fund
151267,WhiteOak Capital Balanced Advantage Fund Direct Plan Growth,2023-02-13,2026-08-14,861,0.1413619602562279,0.0789001560099341,0.9976602051660308,-0.0957646298092467,Balanced Advantage,WhiteOak Capital Mutual Fund,Hybrid Scheme - Dynamic Asset Allocation or Balanced Advantage
152132,WhiteOak Capital Balanced Hybrid Fund Direct Plan Growth,2023-10-30,2026-08-14,676,0.1284211849645613,0.0783665206964752,0.8797589327091787,-0.0838831291234684,Balanced Hybrid,WhiteOak Capital Mutual Fund,Hybrid Scheme - Balanced Hybrid Fund
152321,WhiteOak Capital Banking & Financial Services Fund - Direct Growth,2024-02-07,2026-08-14,621,0.1316401029321399,0.1633478065341649,0.48899690776339,-0.1618597893207409,Sectoral,WhiteOak Capital Mutual Fund,Equity Scheme - Sectoral/ Thematic
152915,WhiteOak Capital Digital Bharat Fund Direct Plan Growth,2024-10-14,2026-08-14,453,0.039855170338418,0.1933215212892086,-0.0073729668654967,-0.2554400923705481,Sectoral,WhiteOak Capital Mutual Fund,Equity Scheme - Sectoral/ Thematic
150587,WhiteOak Capital ELSS Tax Saver Fund Direct Plan Growth,2022-10-17,2026-08-14,942,0.1898864677216949,0.1324571759403724,0.9583254148143624,-0.1635902417962003,ELSS,WhiteOak Capital Mutual Fund,Equity Scheme - ELSS
152962,WhiteOak Capital ESG Best-In-Class Strategy Fund Direct Plan Growth,2024-10-31,2026-08-14,440,0.0396247518219237,0.1346862954141712,-0.0825792987661764,-0.1716255442670536,Sectoral,WhiteOak Capital Mutual Fund,Equity Scheme - Sectoral/ Thematic
153355,WhiteOak Capital Equity Savings Fund Direct Plan Growth,2025-03-13,2026-08-14,350,0.1264365004492453,0.0391634782092151,1.607365761229625,-0.0378669445891957,Equity Savings,WhiteOak Capital Mutual Fund,Hybrid Scheme - Equity Savings
150346,WhiteOak Capital Flexi Cap Fund Direct Plan-Growth,2022-08-03,2026-08-14,991,0.1789800422981651,0.1291221079746662,0.9085877927328356,-0.1558912386706947,Flexi Cap,WhiteOak Capital Mutual Fund,Equity Scheme - Flexi Cap Fund
150797,WhiteOak Capital Large Cap Fund Direct Plan Growth,2022-12-02,2026-08-14,911,0.1397623748414034,0.1270032346999789,0.6465786357542211,-0.1524874515534658,Large Cap,WhiteOak Capital Mutual Fund,Equity Scheme - Large Cap Fund
150584,WhiteOak Capital Mid Cap Fund Direct Plan Growth,2022-09-08,2026-08-14,968,0.2419526971626833,0.1482043138630552,1.1681142257381911,-0.1932992226704714,Mid Cap,WhiteOak Capital Mutual Fund,Equity Scheme - Mid Cap Fund
151745,WhiteOak Capital Multi Asset Allocation Fund Direct Plan Growth,2023-05-22,2026-08-14,784,0.1730928330494405,0.0561680433567141,1.9160761712642729,-0.0608137309378279,Multi Asset,WhiteOak Capital Mutual Fund,Hybrid Scheme - Multi Asset Allocation
152071,WhiteOak Capital Multi Cap Fund Direct Plan Growth,2023-09-25,2026-08-14,710,0.2042833560796713,0.1467144291571821,0.9646022869739852,-0.1692854833494989,Multi Cap,WhiteOak Capital Mutual Fund,Equity Scheme - Multi Cap Fund
152349,WhiteOak Capital Pharma and Heathcare Fund Direct Plan Growth,2024-02-07,2026-08-14,621,0.2464172924425656,0.1446224518301342,1.215750082635413,-0.1538952293187778,Sectoral,WhiteOak Capital Mutual Fund,Equity Scheme - Sectoral/ Thematic
153189,WhiteOak Capital Quality Equity Fund Direct Plan Growth,2025-01-30,2026-08-14,379,0.0533741875150886,0.1231933757742309,0.0066857817454597,-0.1638237708656389,Sectoral,WhiteOak Capital Mutual Fund,Equity Scheme - Sectoral/ Thematic
152644,WhiteOak Capital Special Opportunities Fund - Direct Growth,2024-06-05,2026-08-14,542,0.1961839085543471,0.1482826391431951,0.9024743645756834,-0.1696524268871535,Sectoral,WhiteOak Capital Mutual Fund,Equity Scheme - Sectoral/ Thematic
152226,Whiteoak Capital Large & Mid Cap Fund Direct Plan Growth,2023-12-26,2026-08-14,650,0.155486059094529,0.1464833317966724,0.6731392460181997,-0.1601699336662442,Mid Cap,WhiteOak Capital Mutual Fund,Equity Scheme - Large & Mid Cap Fund
152157,Zerodha ELSS Tax Saver Nifty LargeMidcap 250 Index Fund - Direct Plan - Growth option,2023-11-10,2026-08-14,679,0.1481389045845518,0.1523673927660493,0.612874911604991,-0.1871780155036615,Index,Zerodha Mutual Fund,Other Scheme - Index Funds
153011,Zerodha Gold ETF FoF-Direct Plan - Growth Option,2024-11-19,2026-08-14,429,0.4746265799662834,0.2584934169942071,1.4326788326823965,-0.2427849958993395,Fund of Funds,Zerodha Mutual Fund,Other Scheme - FoF Domestic
152156,Zerodha Nifty LargeMidcap 250 Index Fund - Direct Plan - Growth option,2023-11-10,2026-08-14,679,0.1473111348527369,0.1523884259459413,0.6079542290174796,-0.1874757845796203,Index,Zerodha Mutual Fund,Other Scheme - Index Funds
153656,Zerodha Silver ETF FoF - Direct Growth,2025-07-11,2026-08-14,269,0.9365314735892138,0.5793344973998544,1.3716922062327388,-0.4616109652754533,Fund of Funds,Zerodha Mutual Fund,Other Scheme - FoF Domestic
120819,quant Aggressive Hybrid Fund-Growth Option-Direct Plan,2013-01-07,2026-08-14,3354,0.167051281795213,0.1306524078307981,0.8151243368411513,-0.2869079065299813,Aggressive Hybrid,quant Mutual Fund,Hybrid Scheme - Aggressive Hybrid Fund
153426,quant Arbitrage Fund - Growth Option - Direct Plan,2025-04-07,2026-08-14,334,0.0741367162711443,0.0107328981633869,1.2360911654355509,-0.003611971104231,Arbitrage,quant Mutual Fund,Hybrid Scheme - Arbitrage Fund
151791,quant BFSI Fund - Growth Option - Direct Plan,2023-06-21,2026-08-14,775,0.2707514045664254,0.1876082234900252,1.0842303998328666,-0.2234072887992015,Sectoral,quant Mutual Fund,Equity Scheme - Sectoral/ Thematic
151757,quant Business Cycle Fund - Growth Option - Direct Plan,2023-05-31,2026-08-14,790,0.1884296801147829,0.1761282604433381,0.7517746549239341,-0.2924630109630766,Sectoral,quant Mutual Fund,Equity Scheme - Sectoral/ Thematic
152255,quant Commodities Fund - Growth Option - Direct Plan,2023-12-28,2026-08-14,648,0.17573672522292,0.2222090942854848,0.5877689592204645,-0.2592542503863988,Sectoral,quant Mutual Fund,Equity Scheme - Sectoral/ Thematic
152336,quant Consumption Fund - Growth Option - Direct Plan,2024-01-25,2026-08-14,629,0.0213469156737231,0.1482850781794719,-0.1847337205043582,-0.3041094313875394,Sectoral,quant Mutual Fund,Equity Scheme - Sectoral/ Thematic
151713,quant Dynamic Asset Allocation Fund - Growth Option - Direct Plan,2023-04-13,2026-08-14,822,0.1800125587605185,0.1388337180457369,0.8591165482855313,-0.1843306456986739,Balanced Advantage,quant Mutual Fund,Hybrid Scheme - Dynamic Asset Allocation or Balanced Advantage
120847,quant ELSS Tax Saver Fund - Growth Option - Direct Plan,2013-01-07,2026-08-14,3354,0.2000458106623912,0.1700441302383915,0.8291219264446784,-0.3612016876628261,ELSS,quant Mutual Fund,Equity Scheme - ELSS
148564,quant ESG Integration Strategy Fund - Growth Option - Direct Plan,2020-11-06,2026-08-14,1421,0.2858678713860965,0.1739042973046154,1.223105469359174,-0.2506421606523853,Sectoral,quant Mutual Fund,Equity Scheme - Sectoral/ Thematic
153705,quant Equity Savings Fund - Growth Option - Direct Plan,2025-07-25,2026-08-14,259,0.0851249587987996,0.0576627956133367,0.4470732423090713,-0.049607571783879,Equity Savings,quant Mutual Fund,Hybrid Scheme - Equity Savings
120843,quant Flexi Cap Fund - Growth Option-Direct Plan,2013-01-07,2026-08-14,3354,0.1879177743104239,0.1812486028248738,0.7313254092911213,-0.4128467780653956,Flexi Cap,quant Mutual Fund,Equity Scheme - Flexi Cap Fund
120834,quant Focused Fund - Growth Option-Direct Plan,2013-01-07,2026-08-14,3355,0.1696208513115951,0.1667371354249401,0.6842910904674366,-0.3636301680380938,Focused,quant Mutual Fund,Equity Scheme - Focused Fund
151228,quant Gilt Fund - Growth Option - Direct Plan,2022-12-22,2026-08-14,883,0.0665510405980123,0.0199748873726134,0.3649816325413027,-0.0224226972609008,Gilt,quant Mutual Fund,Debt Scheme - Gilt Fund
151853,quant Healthcare Fund - Growth Option - Direct Plan,2023-07-18,2026-08-14,757,0.2253459792751748,0.1719334963219434,0.9490136742262202,-0.2520788111537818,Sectoral,quant Mutual Fund,Equity Scheme - Sectoral/ Thematic
120833,quant Infrastructure Fund - Growth Option-Direct Plan,2013-01-07,2026-08-14,3354,0.1729840715025363,0.2016421790996483,0.612812314696442,-0.4599148953172447,Sectoral,quant Mutual Fund,Equity Scheme - Sectoral/ Thematic
120826,quant Large & Mid Cap Fund - Growth Option-Direct Plan,2013-01-07,2026-08-14,3354,0.1814446354801859,0.2776234518801432,0.5259859765848903,-0.4568173344994712,Mid Cap,quant Mutual Fund,Equity Scheme - Large & Mid Cap Fund
150440,quant Large Cap Fund - Growth Option - Direct Plan,2022-08-12,2026-08-14,985,0.1437097222990573,0.1525449382228424,0.5861984870996388,-0.2110716243215049,Large Cap,quant Mutual Fund,Equity Scheme - Large Cap Fund
120837,quant Liquid Fund - Growth Option - Direct Plan,2013-01-04,2026-08-16,4204,0.0639810406105791,0.0395188085487688,-0.2172260873405387,-0.0895832798418364,Liquid,quant Mutual Fund,Debt Scheme - Liquid Fund
151916,quant Manufacturing Fund - Growth Option - Direct Plan,2023-08-16,2026-08-14,737,0.2062608743352054,0.1903973808916085,0.7908382479962259,-0.2964681761061751,Sectoral,quant Mutual Fund,Equity Scheme - Sectoral/ Thematic
120841,quant Mid Cap Fund - Growth Option - Direct Plan,2013-01-07,2026-08-14,3354,0.1677796015452097,0.1537408362730792,0.7184838034479173,-0.3342987466611875,Mid Cap,quant Mutual Fund,Equity Scheme - Mid Cap Fund
152189,quant Momentum Fund - Growth Option - Direct Plan,2023-11-21,2026-08-14,673,0.1856833804419342,0.1734705490189841,0.7465806032567549,-0.2266633414031802,Sectoral,quant Mutual Fund,Equity Scheme - Sectoral/ Thematic
120821,quant Multi Asset Allocation Fund-GROWTH OPTION-Direct Plan,2013-01-07,2026-08-14,3348,0.1602080203662512,0.2756926867719981,0.4542780273969246,-0.4480165122835279,Multi Asset,quant Mutual Fund,Hybrid Scheme - Multi Asset Allocation
120823,quant Multi Cap Fund-GROWTH OPTION-Direct Plan,2013-01-07,2026-08-14,3354,0.1835337847297511,0.1717944158919116,0.7399749198464722,-0.3625776267872567,Multi Cap,quant Mutual Fund,Equity Scheme - Multi Cap Fund
152415,quant PSU Fund - Growth Option - Direct Plan,2024-02-21,2026-08-14,611,0.0386267023974122,0.2278117728071619,0.0223873242316774,-0.3106015554405666,Sectoral,quant Mutual Fund,Equity Scheme - Sectoral/ Thematic
148925,quant Quantamental Fund - Growth Option - Direct Plan,2021-05-03,2026-08-14,1304,0.2082861018808544,0.174670986394975,0.8510161025971735,-0.2334426735899151,Sectoral,quant Mutual Fund,Equity Scheme - Sectoral/ Thematic
120828,quant Small Cap Fund - Growth Option - Direct Plan,2013-01-07,2026-08-14,3350,0.1771184649874211,0.2025024323798884,0.6274469525536265,-0.5159536556942357,Small Cap,quant Mutual Fund,Equity Scheme - Small Cap Fund
152067,quant Teck Fund - Growth Option - Direct Plan,2023-09-12,2026-08-14,718,0.0619078466080218,0.1967003254000355,0.1070009900577975,-0.4185538061776169,Sectoral,quant Mutual Fund,Equity Scheme - Sectoral/ Thematic
