scheme_code,scheme_name,start_date,end_date,observations,cagr,volatility,sharpe_ratio,max_drawdown,category,fund_house,scheme_category
152076,360 ONE Balanced Hybrid Fund- Direct Plan - Growth,2023-10-03,2026-08-14,694,0.11980448454706938,0.07257978260455776,0.8335631554106665,-0.06669717337814318,Balanced Hybrid,360 ONE Mutual Fund,Hybrid Scheme - Balanced Hybrid Fund
122715,360 ONE Dynamic Bond Fund Direct Plan Growth,2013-06-25,2026-08-14,3172,0.07465623699716062,0.02700952446179886,0.5753810888539796,-0.08032731466751508,Dynamic Bond,360 ONE Mutual Fund,Debt Scheme - Dynamic Bond
151165,360 ONE ELSS Tax Saver Nifty 50 Index Fund - Direct Plan - Growth,2023-01-02,2026-08-14,890,0.09358924563948867,0.12612246207904115,0.31417794141676725,-0.1538787621873675,ELSS,360 ONE Mutual Fund,Equity Scheme - ELSS
151796,360 ONE FLEXICAP FUND-DIRECT PLAN- GROWTH,2023-07-06,2026-08-14,765,0.18940660705111845,0.14968686651296192,0.862389127625414,-0.1811928141379583,Flexi Cap,360 ONE Mutual Fund,Equity Scheme - Flexi Cap Fund
131580,360 ONE Focused Fund-Direct Plan-Growth,2014-10-31,2026-08-14,2903,0.15670179693869524,0.16432815260772168,0.6246658822827537,-0.36570962852812494,Focused,360 ONE Mutual Fund,Equity Scheme - Focused Fund
125345,360 ONE LIQUID FUND DIRECT PLAN  GROWTH,2013-11-13,2026-08-16,3647,0.06237115548402161,0.0020142108766618245,-3.3019179557593317,-0.0003911096139195269,Liquid,360 ONE Mutual Fund,Debt Scheme - Liquid Fund
153774,360 ONE Multi Asset Allocation Fund - Direct Plan - Growth,2025-08-22,2026-08-14,236,0.2613272151303303,0.1237303938537713,1.5444844774585844,-0.09873060648801135,Multi Asset,360 ONE Mutual Fund,Hybrid Scheme - Multi Asset Allocation
153703,360 ONE Overnight Fund - Direct Plan - Growth,2025-07-13,2026-08-16,331,0.05383828676204838,0.0010940976037266375,-14.853406189336463,0.0,Overnight,360 ONE Mutual Fund,Debt Scheme - Overnight Fund
149318,360 ONE QUANT FUND DIRECT GROWTH,2021-11-30,2026-08-14,1161,0.17085620846293814,0.16670274752448483,0.6910281453562784,-0.22385997021238846,Sectoral,360 ONE Mutual Fund,Equity Scheme - Sectoral/ Thematic
146407,ADITYA BIRLA SUN LIFE BAL BHAVISHYA YOJNA DIRECT GROWTH,2019-02-12,2026-08-14,1847,0.123072774047702,0.1600126681088965,0.4487564302579175,-0.33917616126205086,Children,Aditya Birla Sun Life Mutual Fund,Solution Oriented Scheme - Children’s Fund
145486,ADITYA BIRLA SUN LIFE OVERNIGHT FUND-DIRECT PLAN-GROWTH,2018-11-02,2026-08-16,2492,0.9006239814968786,31.499282677502435,0.3174269640121055,0.0,Overnight,Aditya Birla Sun Life Mutual Fund,Debt Scheme - Overnight Fund
154438,ALPHAGREP MULTI ASSET ALLOCATION FUND-DIRECT-GROWTH,2026-07-27,2026-08-14,15,0.5167840556737875,0.03342879718920981,9.283400675803714,-0.0031793711476945097,Multi Asset,AlphaGrep Mutual Fund,Hybrid Schemes - Multi Asset Allocation Fund
153827,ANGEL ONE GOLD ETF FOF- DIRECT GROWTH,2025-09-12,2026-08-17,227,0.4217850150752347,0.319751998945195,1.1130057639921034,-0.24450435887785893,Fund of Funds,Angel One Mutual Fund,Other Scheme - FoF Domestic
153529,ANGEL ONE NIFTY 50 INDEX FUND-DIRECT-GROWTH,2025-05-28,2026-08-17,302,-0.003958940137341327,0.12542473836435283,-0.4481715217303394,-0.15138151297953728,Index,Angel One Mutual Fund,Other Scheme - Index Funds
153330,ANGEL ONE NIFTY TOTAL MARKET INDEX FUND DIRECT PLAN GROWTH OPTION,2025-03-05,2026-08-17,358,0.12136402449130568,0.14340458006217643,0.4714301419979986,-0.1481186067164424,Index,Angel One Mutual Fund,Other Scheme - Index Funds
153956,ANGEL ONE NIFTY TOTAL MARKET MOMENTUM QUALITY 50 INDEX FUND - DIRECT GROWTH,2025-11-27,2026-08-17,178,0.05676079089939545,0.18807642619451093,0.07547125990090399,-0.12783886445421833,Index,Angel One Mutual Fund,Other Scheme - Index Funds
154206,ANGEL ONE SILVER ETF FOF -DIRECT GROWTH,2026-03-06,2026-08-17,111,-0.20359775901005028,0.3992408108404713,-0.5368166814222972,-0.2382771689030011,Fund of Funds,Angel One Mutual Fund,Other Scheme - FoF Domestic
151435,AXIS CRISIL IBX 50:50 Gilt Plus SDL September 2027 Index Fund- DIRECT PLAN-GROWTH,2023-03-01,2026-08-14,842,0.07689406577820779,0.009038076334972457,1.8532548266813718,-0.003702431390511074,Index,Axis Mutual Fund,Other Scheme - Index Funds
154043,Abakkus Flexi Cap Fund - Direct - Growth,2025-12-30,2026-08-14,155,0.22055053972369398,0.16089604745942815,0.9673188731521952,-0.10682085456683654,Flexi Cap,Abakkus Mutual Fund,Equity Scheme - Flexi Cap Fund
154477,Abakkus Large & Mid Cap Fund - Direct  Plan - Growth,2026-08-06,2026-08-14,7,0.0276937997333786,0.033491251693091945,-1.0271960031793361,-0.0026844303042353745,Mid Cap,Abakkus Mutual Fund,Equity Scheme - Large & Mid Cap Fund
154051,Abakkus Liquid Fund - Direct Plan - Growth,2025-12-15,2026-08-16,207,0.05972967500495652,0.0014663114827366513,-8.582796102575834,-2.4194141533762092e-05,Liquid,Abakkus Mutual Fund,Income/Debt Oriented Schemes - Liquid Fund
154215,Abakkus Small Cap Fund - Direct Plan - Growth,2026-03-20,2026-08-14,100,0.7688331784340967,0.13461381641000472,3.9660781869477324,-0.04283578151112677,Small Cap,Abakkus Mutual Fund,Equity Scheme - Small Cap Fund
132185,Aditya Birla Sun Life Aggressive Hybrid Omni FOF- Direct Plan - Growth Option,2014-10-13,2026-08-14,2861,0.10856076189143304,0.07798894674110529,0.6481734815291079,-0.17302931184039316,Fund of Funds,Aditya Birla Sun Life Mutual Fund,Other Scheme - FoF Domestic
119526,Aditya Birla Sun Life Arbitrage Fund - Growth - Direct Plan,2013-01-02,2026-08-14,3350,0.0698007927954003,0.010958303124203062,0.8378443605676892,-0.005365827996996697,Arbitrage,Aditya Birla Sun Life Mutual Fund,Hybrid Scheme - Arbitrage Fund
153736,Aditya Birla Sun Life BSE 500 Momentum 50 Index Fund-Direct Growth,2025-08-11,2026-08-14,248,0.09876803064866246,0.17422838095189175,0.29823212120178944,-0.15369628247982425,Index,Aditya Birla Sun Life Mutual Fund,Index Funds - Equity Funds
153740,Aditya Birla Sun Life BSE 500 Quality 50 Index Fund - Direct Growth,2025-08-11,2026-08-14,248,0.10511021946420285,0.13884729798883447,0.37717159535132355,-0.11373209772535808,Index,Aditya Birla Sun Life Mutual Fund,Index Funds - Equity Funds
153081,Aditya Birla Sun Life BSE India Infrastructure Index Fund-Direct Growth,2024-12-05,2026-08-14,418,-0.05082785915236232,0.19880900912472776,-0.47024758909959985,-0.2272919141250036,Index,Aditya Birla Sun Life Mutual Fund,Index Funds - Equity Funds
131670,Aditya Birla Sun Life Balanced Advantage Fund - Direct Plan - Growth Option,2014-10-13,2026-08-14,2914,0.11606666948309918,0.09815326677133313,0.5839034794526783,-0.2635851557322729,Balanced Advantage,Aditya Birla Sun Life Mutual Fund,Hybrid Scheme - Dynamic Asset Allocation or Balanced Advantage
119550,Aditya Birla Sun Life Banking & PSU Debt Fund- Direct Plan-Growth,2013-01-02,2026-08-14,3289,0.08261767485986216,0.016290174847322567,1.409751453456917,-0.030363931302855196,Banking & PSU,Aditya Birla Sun Life Mutual Fund,Debt Scheme - Banking and PSU Fund
125597,Aditya Birla Sun Life Banking and Financial Services Fund - Direct Plan - Growth,2013-12-18,2026-08-14,3112,0.1696334500973009,0.2076911165049921,0.5896567417240315,-0.4744958481613286,Sectoral,Aditya Birla Sun Life Mutual Fund,Equity Scheme - Sectoral/ Thematic
149295,Aditya Birla Sun Life Business Cycle Fund-Direct Growth,2021-12-08,2026-08-14,1155,0.12426492269817002,0.13862413279187055,0.5006505330851454,-0.1777777777777777,Sectoral,Aditya Birla Sun Life Mutual Fund,Equity Scheme - Sectoral/ Thematic
151427,Aditya Birla Sun Life CRISIL IBX SDL Jun 2032 INDEX FUND - Direct Growth,2023-02-16,2026-08-14,844,0.08105333461226372,0.021839321434665715,0.988005408225946,-0.022080213648719593,Index,Aditya Birla Sun Life Mutual Fund,Other Scheme - Index Funds
153124,Aditya Birla Sun Life Conglomerate Fund-Direct Growth,2024-12-30,2026-08-14,402,0.0805173807917352,0.16280805401362508,0.19718802838842006,-0.16413916146297958,Sectoral,Aditya Birla Sun Life Mutual Fund,Equity Scheme - Sectoral/ Thematic
132183,Aditya Birla Sun Life Conservative Hybrid Active FOF- Direct Plan - Growth Option,2014-10-13,2026-08-14,2861,0.09204746044625756,0.0458195202337238,0.7179614200268161,-0.1147182931177938,Fund of Funds,Aditya Birla Sun Life Mutual Fund,Other Scheme - FoF Domestic
119591,Aditya Birla Sun Life Consumption Fund - Growth - Direct Plan,2013-01-02,2026-08-14,3350,0.16037279366613144,0.14853749868183805,0.6969156228178227,-0.34516223899617693,Sectoral,Aditya Birla Sun Life Mutual Fund,Equity Scheme - Sectoral/ Thematic
119533,Aditya Birla Sun Life Corporate Bond Fund - Growth - Direct Plan,2013-01-02,2026-08-14,3289,0.08071154390522106,0.013941890988947495,1.5127563460962337,-0.023775391317562344,Corporate Bond,Aditya Birla Sun Life Mutual Fund,Debt Scheme - Corporate Bond Fund
134387,Aditya Birla Sun Life Credit Risk Fund - Direct Plan - Growth,2015-04-22,2026-08-14,2740,0.09549066190675437,0.026441216580693393,1.3347054204846482,-0.03870832799184942,Credit Risk,Aditya Birla Sun Life Mutual Fund,Debt Scheme - Credit Risk Fund
150702,Aditya Birla Sun Life Crisil IBX 50:50 Gilt Plus SDL Apr 2028 Index Fund-Direct Growth,2022-10-17,2026-08-14,928,0.07763778790057851,0.012573229924558787,1.4184213814761064,-0.008068771940558883,Index,Aditya Birla Sun Life Mutual Fund,Other Scheme - Index Funds
150938,Aditya Birla Sun Life Crisil IBX 60:40 SDL + AAA PSU APR 2026 Index Fund-Direct Growth,2022-12-06,2026-04-30,822,0.06999485790184234,0.005372512510558817,1.9692598136426236,-0.0023445615076420623,Index,Aditya Birla Sun Life Mutual Fund,Other Scheme - Index Funds
150353,Aditya Birla Sun Life Crisil IBX 60:40 SDL+AAA PSU-Apr 2027 Index Fund-Direct Growth,2022-03-30,2026-08-14,1061,0.06409109150247705,0.013095486776753738,0.35944754083907293,-0.03391524187343253,Index,Aditya Birla Sun Life Mutual Fund,Other Scheme - Index Funds
151577,Aditya Birla Sun Life Crisil IBX Gilt Apr 2028 Index Fund-Direct Growth,2023-03-16,2026-08-14,825,0.07190064614511238,0.011141553207526569,1.1281224337973055,-0.006806388570658406,Index,Aditya Birla Sun Life Mutual Fund,Other Scheme - Index Funds
152267,Aditya Birla Sun Life Crisil IBX Gilt Apr 2033 Index Fund-Direct Growth,2023-12-26,2026-08-14,639,0.08258007407232149,0.023114292114045858,0.9875345591295923,-0.01775885433222346,Index,Aditya Birla Sun Life Mutual Fund,Other Scheme - Index Funds
152659,Aditya Birla Sun Life Crisil IBX Gilt June 2027 Index Fund-Direct Growth,2024-06-06,2026-08-14,534,0.07254471628285408,0.007926189139547481,1.5739227249052488,-0.0023660197806213423,Index,Aditya Birla Sun Life Mutual Fund,Other Scheme - Index Funds
150778,Aditya Birla Sun Life Crisil IBX Gilt-Apr-2029 Index Fund-Direct Growth,2022-10-21,2026-08-14,924,0.08177469222496137,0.01722910092936765,1.2773539446589595,-0.00966322815533982,Index,Aditya Birla Sun Life Mutual Fund,Other Scheme - Index Funds
150698,Aditya Birla Sun Life Crisil IBX Gilt-April 2026 Index Fund-Direct Growth,2022-10-10,2026-04-30,860,0.07185970984869017,0.008430440359104046,1.4700260829027714,-0.003968061470996154,Index,Aditya Birla Sun Life Mutual Fund,Other Scheme - Index Funds
153030,Aditya Birla Sun Life Crisil-IBX AAA Financial Services Index-Sep 2027 Fund-Direct Growth,2024-11-14,2026-08-14,424,0.0766593894188683,0.00788281947604735,2.1446435666422774,-0.003255255039816274,Index,Aditya Birla Sun Life Mutual Fund,Other Scheme - Index Funds
152947,Aditya Birla Sun Life Crisil-IBX AAA NBFC-HFC Index-Sep 2026 Fund-Direct Growth,2024-10-09,2026-08-14,449,0.0767882876895829,0.004417631692642568,3.806263616301051,-0.0007019694692714795,Index,Aditya Birla Sun Life Mutual Fund,Other Scheme - Index Funds
153443,Aditya Birla Sun Life Crisil-IBX Financial Services 9-12 Months Debt Index Fund-Direct Growth,2025-03-24,2026-08-14,338,0.07145193779604386,0.0059976142151352855,1.96831559755101,-0.002491478956727855,Index,Aditya Birla Sun Life Mutual Fund,Other Scheme - Index Funds
153179,Aditya Birla Sun Life Crisil-IBX financial Services 3 to 6 months Debt Index Fund-Direct Growth,2024-12-18,2026-08-14,402,0.07330260048558723,0.0038133343294026165,3.5486187591661467,-0.0005374225215865058,Index,Aditya Birla Sun Life Mutual Fund,Other Scheme - Index Funds
120539,Aditya Birla Sun Life Digital India Fund - Growth - Direct Plan,2013-01-02,2026-08-14,3349,0.18485314840578027,0.17924354562710926,0.7251145161534516,-0.34503384227923817,Sectoral,Aditya Birla Sun Life Mutual Fund,Equity Scheme - Sectoral/ Thematic
132186,Aditya Birla Sun Life Dynamic Asset Allocation Omni FOF- Direct Plan - Growth Option,2014-10-13,2026-08-14,2861,0.12938437033939287,0.1073239042878275,0.6773586232263773,-0.22151751814765996,Fund of Funds,Aditya Birla Sun Life Mutual Fund,Other Scheme - FoF Domestic
119505,Aditya Birla Sun Life Dynamic Bond Fund - Growth - Direct Plan,2013-01-02,2026-08-14,3289,0.07674484042799157,0.033828563106180244,0.5241837937087643,-0.07469524949869455,Dynamic Bond,Aditya Birla Sun Life Mutual Fund,Debt Scheme - Dynamic Bond
119544,Aditya Birla Sun Life ELSS Tax Saver Fund - Growth - Direct Plan,2013-01-02,2026-08-14,3350,0.13865127811741718,0.14673053444727452,0.5716408187303993,-0.35119378123264855,ELSS,Aditya Birla Sun Life Mutual Fund,Equity Scheme - ELSS
148637,Aditya Birla Sun Life ESG Integration Strategy Fund-Direct Plan-Growth,2020-12-29,2026-08-14,1387,0.1288566917538705,0.1444721923219194,0.5150498369685539,-0.26206896551724146,Sectoral,Aditya Birla Sun Life Mutual Fund,Equity Scheme - Sectoral/ Thematic
120517,Aditya Birla Sun Life Equity Hybrid'95 Fund - Direct Plan-Growth,2013-01-02,2026-08-14,3351,0.12638048818849068,0.11877469864722212,0.5808307471360644,-0.31967767584823703,Aggressive Hybrid,Aditya Birla Sun Life Mutual Fund,Hybrid Scheme - Aggressive Hybrid Fund
132995,Aditya Birla Sun Life Equity Savings Fund - Direct Plan - Growth,2014-12-01,2026-08-14,2883,0.08558127940468063,0.060823086132938076,0.4256515261772826,-0.17792207792207793,Equity Savings,Aditya Birla Sun Life Mutual Fund,Hybrid Scheme - Equity Savings
120564,Aditya Birla Sun Life Flexi Cap Fund - Growth - Direct Plan,2013-01-02,2026-08-14,3350,0.16446466086603095,0.16066656327373466,0.6785913786277261,-0.38591459528362015,Flexi Cap,Aditya Birla Sun Life Mutual Fund,Equity Scheme - Flexi Cap Fund
122646,Aditya Birla Sun Life Floating Rate Fund-Direct Plan-Growth,2013-05-29,2026-08-14,3193,0.07828799750325155,0.00848916446875723,2.1977066675084527,-0.01823070281855632,Floating Rate,Aditya Birla Sun Life Mutual Fund,Debt Scheme - Floater Fund
119564,Aditya Birla Sun Life Focused Fund - Growth - Direct Plan,2013-01-02,2026-08-14,3350,0.14684838386913657,0.15599239981086138,0.5938547110710831,-0.36732589124954984,Focused,Aditya Birla Sun Life Mutual Fund,Equity Scheme - Focused Fund
132140,Aditya Birla Sun Life Global Emerging Opportunities Fund - Direct plan - Growth Option,2014-10-13,2026-08-14,2860,0.09196457763111576,0.18662493997835947,0.2638066929778661,-0.3355418799777877,Fund of Funds,Aditya Birla Sun Life Mutual Fund,Other Scheme - FoF Overseas
132009,Aditya Birla Sun Life Global Excellence Equity Fund Of Fund - Retail Plan - Direct Plan - Growth Option,2014-10-13,2026-08-14,2860,0.09685977895304698,0.17386985747114486,0.29737651108229785,-0.3906402726288074,Fund of Funds,Aditya Birla Sun Life Mutual Fund,Other Scheme - FoF Overseas
120546,Aditya Birla Sun Life Gold Fund - Growth - Direct Plan,2013-01-02,2026-08-14,3340,0.1129713240224397,0.20610306698840766,0.34548916653968464,-0.27303087816628946,Fund of Funds,Aditya Birla Sun Life Mutual Fund,Other Scheme - FoF Domestic
119605,Aditya Birla Sun Life Government Securities Fund - Growth - Direct Plan,2013-01-02,2026-08-14,3289,0.08342374438054256,0.04292163170496454,0.5715267512692137,-0.10808549203232387,Gilt,Aditya Birla Sun Life Mutual Fund,Debt Scheme - Gilt Fund
119657,Aditya Birla Sun Life Income Fund - Growth - Direct Plan,2013-01-02,2026-08-14,3289,0.076674646150376,0.03709376884755351,0.47920633655939393,-0.10256834341234078,Long Duration,Aditya Birla Sun Life Mutual Fund,Debt Scheme - Medium to Long Duration Fund
131898,Aditya Birla Sun Life Income Plus Arbitrage Active FOF- Direct Plan - Growth Option,2014-10-13,2026-08-14,2861,0.07602352628596254,0.04698668177770157,0.37372694506674314,-0.10106192369881573,Fund of Funds,Aditya Birla Sun Life Mutual Fund,Other Scheme - FoF Domestic
119514,Aditya Birla Sun Life Infrastructure Fund - Growth - Direct Plan,2013-01-02,2026-08-14,3350,0.15905181709157867,0.1852562959239536,0.5858928809550022,-0.5352885073915117,Sectoral,Aditya Birla Sun Life Mutual Fund,Equity Scheme - Sectoral/ Thematic
119517,Aditya Birla Sun Life International Equity Fund - Growth - Direct Plan,2013-01-02,2026-08-14,3349,0.12417931402680571,0.6616253701032911,0.28419141385280816,-0.7388598876560608,Sectoral,Aditya Birla Sun Life Mutual Fund,Equity Scheme - Sectoral/ Thematic
119436,Aditya Birla Sun Life Large & Mid Cap Fund - Growth - Direct Plan,2013-01-02,2026-08-14,3350,0.14873973149272546,0.17016470876660167,0.5681370957873307,-0.39254427230341427,Mid Cap,Aditya Birla Sun Life Mutual Fund,Equity Scheme - Large & Mid Cap Fund
119528,Aditya Birla Sun Life Large Cap Fund - Growth - Direct Plan,2013-01-02,2026-08-14,3350,0.13816950106171677,0.15403255838824081,0.5489055505219346,-0.37664193023532677,Large Cap,Aditya Birla Sun Life Mutual Fund,Equity Scheme - Large Cap Fund
119568,Aditya Birla Sun Life Liquid Fund - Growth - Direct Plan,2013-01-01,2026-08-16,4338,0.06905808778072609,0.0020513367776985036,-3.4816750099370686,-0.002308739992691655,Liquid,Aditya Birla Sun Life Mutual Fund,Debt Scheme - Liquid Fund
150484,Aditya Birla Sun Life Long Duration Fund-Direct Growth,2022-08-10,2026-08-14,972,0.07932943095501876,0.030917573097346142,0.645445475346389,-0.03339873226682766,Long Duration,Aditya Birla Sun Life Mutual Fund,Debt Scheme - Long Duration Fund
119523,Aditya Birla Sun Life Low duration Fund - Growth - Direct Plan,2013-01-02,2026-08-14,3289,0.07900742824456386,0.007764236885222264,2.495641448843641,-0.017072618371398063,Low Duration,Aditya Birla Sun Life Mutual Fund,Debt Scheme - Low Duration Fund
119646,Aditya Birla Sun Life MNC Fund - Growth - Direct Plan,2013-01-02,2026-08-14,3350,0.1359984534533134,0.13228537570907078,0.6006087129809851,-0.32426961743472105,Sectoral,Aditya Birla Sun Life Mutual Fund,Equity Scheme - Sectoral/ Thematic
133516,Aditya Birla Sun Life Manufacturing Equity Fund - Direct Plan - Growth,2015-02-03,2026-08-14,2839,0.13857107723255657,0.15698349233019462,0.5431135696395478,-0.391875,Sectoral,Aditya Birla Sun Life Mutual Fund,Equity Scheme - Sectoral/ Thematic
119539,Aditya Birla Sun Life Medium Term Plan - Growth - Direct Plan,2013-01-02,2026-08-14,3289,0.09807097423640809,0.056811272524405584,0.6894461941258272,-0.1264992700258919,Medium Duration,Aditya Birla Sun Life Mutual Fund,Debt Scheme - Medium Duration Fund
119620,Aditya Birla Sun Life Midcap Fund - Growth - Direct Plan,2013-01-02,2026-08-14,3350,0.1655308602903769,0.16173787840594628,0.6809348781690712,-0.45082838911899703,Mid Cap,Aditya Birla Sun Life Mutual Fund,Equity Scheme - Mid Cap Fund
119511,Aditya Birla Sun Life Money Manager Fund - Growth - Direct Plan,2013-01-01,2026-08-14,3617,0.07398447253592755,0.005289995866685598,1.4646803093196608,-0.01400316924352818,Money Market,Aditya Birla Sun Life Mutual Fund,Debt Scheme - Money Market Fund
151307,Aditya Birla Sun Life Multi Asset Allocation Fund-Direct Growth,2023-02-02,2026-08-14,868,0.1818474215420478,0.09792451115098075,1.1870674282632927,-0.1283414463956406,Multi Asset,Aditya Birla Sun Life Mutual Fund,Hybrid Scheme - Multi Asset Allocation
131865,Aditya Birla Sun Life Multi Asset Omni FoF- Direct Plan - Growth Option,2014-11-13,2026-08-14,2843,0.12894331091534728,0.10035182506355537,0.712147747852227,-0.2268704074816299,Fund of Funds,Aditya Birla Sun Life Mutual Fund,Other Scheme - FoF Domestic
150688,Aditya Birla Sun Life Multi-Asset Passive FOF-Direct Growth,2022-10-18,2026-08-14,939,0.1664088477272101,0.10444575462725326,0.9917756934799581,-0.16354485962474674,Fund of Funds,Aditya Birla Sun Life Mutual Fund,Other Scheme - FoF Domestic
148921,Aditya Birla Sun Life Multi-Cap Fund-Direct Growth,2021-05-10,2026-08-14,1299,0.1695203397145797,0.1395092540945881,0.7869824979300076,-0.1995412844036698,Multi Cap,Aditya Birla Sun Life Mutual Fund,Equity Scheme - Multi Cap Fund
148962,Aditya Birla Sun Life Nifty 50 Equal Weight Index Fund-Direct Growth,2021-06-10,2026-08-14,1277,0.13626455505429247,0.13766623650693588,0.582148308829974,-0.18024609589253748,Index,Aditya Birla Sun Life Mutual Fund,Index Funds - Equity Funds
119648,Aditya Birla Sun Life Nifty 50 Index Fund - Growth - Direct Plan,2013-01-02,2026-08-14,3350,0.11397582398290695,0.15975601115680246,0.396963666164367,-0.37621319497864125,Index,Aditya Birla Sun Life Mutual Fund,Other Scheme - Index Funds
152798,Aditya Birla Sun Life Nifty India Defence Index Fund-Direct Growth,2024-09-02,2026-08-14,482,0.1949778626248191,0.2814303213920398,0.5729711279034879,-0.2775358971586944,Index,Aditya Birla Sun Life Mutual Fund,Index Funds - Equity Funds
148807,Aditya Birla Sun Life Nifty Midcap 150 Index Fund-Direct Growth,2021-04-06,2026-08-14,1321,0.19857512187744408,0.16755085726375452,0.8317495233967911,-0.21187489867205123,Index,Aditya Birla Sun Life Mutual Fund,Index Funds - Equity Funds
149838,Aditya Birla Sun Life Nifty Next 50 Index Fund-Direct Growth,2022-02-21,2026-08-14,1103,0.15207877922442892,0.1788416344941733,0.5649739009652445,-0.26695435805605294,Index,Aditya Birla Sun Life Mutual Fund,Index Funds - Equity Funds
149794,Aditya Birla Sun Life Nifty SDL Apr 2027 Index Fund-Direct Growth,2022-01-31,2026-08-14,1100,0.06441679716122728,0.013865701460744909,0.36094515020462276,-0.034641781464474386,Index,Aditya Birla Sun Life Mutual Fund,Other Scheme - Index Funds
149199,Aditya Birla Sun Life Nifty SDL Plus PSU Bond SEP 2026 60:40 Index Fund-Direct Growth,2021-09-27,2026-08-14,1184,0.05970534245207948,0.012134529061048038,0.02882853205882018,-0.03275182009066113,Index,Aditya Birla Sun Life Mutual Fund,Other Scheme - Index Funds
151562,Aditya Birla Sun Life Nifty SDL SEP 2027 Index Fund-Direct Growth,2023-03-13,2026-08-14,828,0.07740312701533991,0.009563402193676738,1.8617478690924976,-0.0036021058464950073,Index,Aditya Birla Sun Life Mutual Fund,Other Scheme - Index Funds
150663,Aditya Birla Sun Life Nifty SDL Sep 2025 Index Fund-Direct Growth,2022-09-29,2025-09-30,728,0.07090610951050436,0.005972596001679689,1.899835445835581,-0.0021050531251559645,Index,Aditya Birla Sun Life Mutual Fund,Other Scheme - Index Funds
148815,Aditya Birla Sun Life Nifty Smallcap 50 Index Fund-Direct Growth,2021-04-06,2026-08-14,1321,0.17680751884555646,0.2026514620317845,0.627455357316655,-0.36721642305423907,Index,Aditya Birla Sun Life Mutual Fund,Index Funds - Equity Funds
147844,Aditya Birla Sun Life PSU Equity Fund-Direct Plan-Growth,2020-01-01,2026-08-14,1634,0.23360797649094667,0.21553908260820043,0.8258136792059451,-0.3376110562685094,Sectoral,Aditya Birla Sun Life Mutual Fund,Equity Scheme - Sectoral/ Thematic
147409,Aditya Birla Sun Life Pharma and Healthcare Fund-Direct-Growth,2019-07-11,2026-08-14,1748,0.21853676672490896,0.15136061491039468,1.0160017016699354,-0.20457796852646637,Sectoral,Aditya Birla Sun Life Mutual Fund,Equity Scheme - Sectoral/ Thematic
152684,Aditya Birla Sun Life Quant Fund - Direct Growth,2024-07-01,2026-08-14,525,0.029677962383940493,0.15173206198890238,-0.12312082041936062,-0.22883720930232565,Sectoral,Aditya Birla Sun Life Mutual Fund,Equity Scheme - Sectoral/ Thematic
120705,Aditya Birla Sun Life Regular Savings Fund - Growth / Payment - Direct Plan,2013-01-04,2026-08-14,3287,0.10291242992348204,0.050317502646074,0.8646291068169174,-0.14227268548312966,Conservative Hybrid,Aditya Birla Sun Life Mutual Fund,Hybrid Scheme - Conservative Hybrid Fund
146575,Aditya Birla Sun Life Retirement Fund-The 30s Plan-Direct Growth,2019-03-12,2026-08-14,1828,0.1354955783670848,0.15789974823590647,0.5240535257266876,-0.34233330292803066,Retirement,Aditya Birla Sun Life Mutual Fund,Solution Oriented Scheme - Retirement Fund
146930,Aditya Birla Sun Life Retirement Fund-The 40s Plan-Direct Plan-Growth,2019-03-13,2026-08-14,1827,0.11153705766040156,0.12151041066318656,0.45896893211778356,-0.2727938484071768,Retirement,Aditya Birla Sun Life Mutual Fund,Solution Oriented Scheme - Retirement Fund
146940,Aditya Birla Sun Life Retirement Fund-The 50s Plan-Direct Plan-Growth,2019-03-13,2026-08-14,1798,0.07337406463036178,0.031915261442350795,0.44555600588086297,-0.04993417729903371,Retirement,Aditya Birla Sun Life Mutual Fund,Solution Oriented Scheme - Retirement Fund
146943,Aditya Birla Sun Life Retirement Fund-The 50s Plus-Debt Plan-Direct Plan-Growth,2019-03-13,2026-08-14,1798,0.05620721357022718,0.015357188682630179,-0.1925490314619037,-0.02260606878860494,Retirement,Aditya Birla Sun Life Mutual Fund,Solution Oriented Scheme - Retirement Fund
119501,Aditya Birla Sun Life Savings Fund - Growth - Direct Plan,2013-01-02,2026-08-14,3289,0.07689924740007226,0.006466961812250586,2.6792414782639606,-0.012080617487131629,Ultra Short Duration,Aditya Birla Sun Life Mutual Fund,Debt Scheme - Ultra Short Duration Fund
119498,Aditya Birla Sun Life Short Term Fund - Growth - Direct Plan,2013-01-02,2026-08-14,3289,0.08502352985911688,0.016040541771882945,1.5758725604188366,-0.02746711946355085,Short Duration,Aditya Birla Sun Life Mutual Fund,Debt Scheme - Short Duration Fund
149780,Aditya Birla Sun Life Silver ETF FOF-Direct Growth,2022-02-04,2026-08-14,1104,0.32420030517207854,0.3450922823953422,0.8452399364808793,-0.4530028911365813,Value,Aditya Birla Sun Life Mutual Fund,Equity Schemes - Value Fund
119556,Aditya Birla Sun Life Small Cap Fund - Growth - Direct Plan,2013-01-07,2026-08-14,3347,0.1713402878618464,0.17166137478534096,0.6809297496989087,-0.5740911968545914,Small Cap,Aditya Birla Sun Life Mutual Fund,Equity Scheme - Small Cap Fund
148539,Aditya Birla Sun Life Special Opportunities Fund-Direct-Growth,2020-10-27,2026-08-14,1429,0.21625607079852904,0.1441617411523784,1.045642223907871,-0.20294985250737463,Sectoral,Aditya Birla Sun Life Mutual Fund,Equity Scheme - Sectoral/ Thematic
152158,Aditya Birla Sun Life Transportation and Logistics Fund-Direct Growth,2023-11-21,2026-08-14,673,0.24789546113730032,0.18292820311749386,1.0032296854571483,-0.28246153846153843,Sectoral,Aditya Birla Sun Life Mutual Fund,Equity Scheme - Sectoral/ Thematic
149291,Aditya Birla Sun Life US Equity Passive FOF-Direct-Growth,2021-11-08,2026-08-14,1174,0.1960424501738105,0.21433076801143305,0.6822509043604608,-0.2894140720764893,Fund of Funds,Aditya Birla Sun Life Mutual Fund,Overseas Fund of Funds - Fund of Funds investing overseas
152140,Aditya Birla Sun Life US Treasury 1-3 Year Bond ETFs Fund Of Funds-Direct Growth,2023-11-02,2026-08-14,684,0.09552373379236156,0.040866765332011355,0.8438506025909543,-0.0269480231008441,Fund of Funds,Aditya Birla Sun Life Mutual Fund,Other Scheme - FoF Overseas
152150,Aditya Birla Sun Life US Treasury 3-10 Year Bond ETFs Fund Of Funds-Direct Growth,2023-11-02,2026-08-14,684,0.09833519724088902,0.0563316765314469,0.6722227103151142,-0.033137614019967065,Fund of Funds,Aditya Birla Sun Life Mutual Fund,Other Scheme - FoF Overseas
119659,Aditya Birla Sun Life Value Fund - Growth - Direct Plan,2013-01-02,2026-08-14,3350,0.17018386035142163,0.1821376692578488,0.6464488169307008,-0.5747745561890898,Value,Aditya Birla Sun Life Mutual Fund,Equity Scheme - Value Fund
154518,AlphaGrep Flexi Cap Fund - Direct - Growth,2026-08-13,2026-08-14,2,-0.3033378840779166,,,-0.0009891196834816984,Flexi Cap,AlphaGrep Mutual Fund,Equity Schemes - Flexi Cap Fund
154565,AlphaGrep Liquid Omni FoF- Direct Growth,2026-08-10,2026-08-14,5,0.06212236436113727,0.0006339963351914083,-29.045004908935493,0.0,Value,AlphaGrep Mutual Fund,Equity Schemes - Value Fund
144394,Axis Aggressive Hybrid Fund - Direct Plan - Growth Option,2018-08-16,2026-08-14,1975,0.11206275651462327,0.12360719659431306,0.4539146900459718,-0.28006728343145504,Aggressive Hybrid,Axis Mutual Fund,Hybrid Scheme - Aggressive Hybrid Fund
130773,Axis Arbitrage Fund - Direct Plan - Growth,2014-08-21,2026-08-14,2955,0.06708294399798298,0.01006550015677594,0.6378727040954669,-0.006443220801628402,Arbitrage,Axis Mutual Fund,Hybrid Scheme - Arbitrage Fund
154171,Axis BSE India Sectors Leaders Index Fund- Direct Plan- Growth Option,2026-02-16,2026-08-14,125,-0.0072916928356330235,0.16067896467170706,-0.3389278077078784,-0.13027478415593352,Index,Axis Mutual Fund,Other Scheme - Index Funds
152422,Axis BSE Sensex Index Fund - Direct Plan - Growth,2024-02-29,2026-08-14,613,0.04230241110154265,0.13568691516911122,-0.0655633338552876,-0.15951279009540353,Index,Axis Mutual Fund,Other Scheme - Index Funds
141642,Axis Balanced Advantage Fund - Direct Plan - Growth,2017-08-07,2026-08-14,2230,0.10376109100036612,0.08221464959870835,0.5359817019316093,-0.17159277504105086,Balanced Advantage,Axis Mutual Fund,Hybrid Scheme - Dynamic Asset Allocation or Balanced Advantage
120438,Axis Banking & PSU Debt Fund - Direct Plan - Growth Option,2013-01-02,2026-08-14,3296,0.07728731627488661,,,-1.0,Banking & PSU,Axis Mutual Fund,Debt Scheme - Banking and PSU Fund
151368,Axis Business Cycles Fund - Direct Plan - Growth,2023-02-27,2026-08-14,859,0.1882297632585732,0.14090145016286246,0.8893950029176427,-0.19252548131370328,Sectoral,Axis Mutual Fund,Equity Scheme - Sectoral/ Thematic
151300,Axis CRISIL IBX 50:50 Gilt Plus SDL June 2028 Index Fund - Direct Plan - Growth,2023-01-27,2026-08-14,865,0.07606516224895432,0.011742400282596592,1.3533710179775083,-0.008121354664056835,Index,Axis Mutual Fund,Other Scheme - Index Funds
149873,Axis CRISIL IBX SDL May 2027 Index Fund - Direct Plan - Growth,2022-02-25,2026-08-14,1089,0.064921597737295,0.015455622238256113,0.335474665215598,-0.03631714576799372,Index,Axis Mutual Fund,Other Scheme - Index Funds
153051,Axis CRISIL-IBX AAA Bond Financial Services - Sep 2027 Index Fund - Direct Plan - Growth Option,2024-11-26,2026-08-14,425,0.0751140060608897,0.008436614659889496,1.6384175725505687,-0.003589194635098436,Index,Axis Mutual Fund,Other Scheme - Index Funds
152887,Axis CRISIL-IBX AAA Bond NBFC - Jun 2027 Index Fund - Direct Plan - Growth Option,2024-09-26,2026-08-14,464,0.07785886619964222,0.007696191515943946,2.182518187628184,-0.002665934494180955,Index,Axis Mutual Fund,Other Scheme - Index Funds
153172,Axis CRISIL-IBX AAA Bond NBFC-HFC - Jun 2027 Index Fund - Direct Plan - Growth option,2024-12-13,2026-08-14,411,0.07514474473465094,0.007672067865943604,1.8630268575827738,-0.003150871680976497,Index,Axis Mutual Fund,Other Scheme - Index Funds
153879,Axis CRISIL-IBX Financial Services 3-6 Months Debt Index Fund - Direct Plan - Growth option,2025-09-30,2026-08-14,216,0.06884994718922632,0.003967711769487931,2.0069524625344437,-0.0007781731909846101,Index,Axis Mutual Fund,Other Scheme - Index Funds
135762,Axis Children's Fund - Lock in - Direct Growth,2015-12-14,2026-08-14,2637,0.11060647374756605,0.11117415307159706,0.47861556766886615,-0.27086765253504497,Children,Axis Mutual Fund,Solution Oriented Scheme - Children’s Fund
135764,Axis Children's Fund - No Lock in - Direct Growth,2015-12-14,2026-08-14,2637,0.1125702596470155,0.111158232838494,0.494880600714574,-0.2709280439227849,Children,Axis Mutual Fund,Solution Oriented Scheme - Children’s Fund
120480,Axis Conservative Hybrid Fund - Direct Plan - Growth Option,2013-01-07,2026-08-14,3293,0.08663820379531706,,,-1.0,Conservative Hybrid,Axis Mutual Fund,Hybrid Scheme - Conservative Hybrid Fund
152805,Axis Consumption Fund Direct Plan - Growth,2024-09-18,2026-08-14,477,-0.01311185412421123,0.14031918596307438,-0.452221624405777,-0.20096618357487928,Sectoral,Axis Mutual Fund,Equity Scheme - Sectoral/ Thematic
141588,Axis Corporate Bond Fund - Direct Plan Growth,2017-07-18,2026-08-14,2205,0.07553226544184688,0.020229624307084085,0.7789178419584206,-0.038143479997620355,Corporate Bond,Axis Mutual Fund,Debt Scheme - Corporate Bond Fund
130314,Axis Credit Risk Fund - Direct Plan - Growth,2014-07-21,2026-08-14,2923,0.08336529023640105,0.01576840964087901,1.4877990190937374,-0.03478870702079484,Credit Risk,Axis Mutual Fund,Debt Scheme - Credit Risk Fund
120451,Axis Dynamic Bond Fund - Direct Plan - Growth Option,2013-01-03,2026-08-14,3295,0.08381752901095907,,,-1.0,Dynamic Bond,Axis Mutual Fund,Debt Scheme - Dynamic Bond
120503,Axis ELSS Tax Saver Fund - Direct Plan - Growth Option,2013-01-02,2026-08-14,3360,0.15937866644817467,,,-1.0,ELSS,Axis Mutual Fund,Equity Scheme - ELSS
147928,Axis ESG Integration Strategy Fund - Direct Plan - Growth Option,2020-02-18,2026-08-14,1607,0.13513185828518393,0.14455467921174484,0.549929275534969,-0.24298540965207627,Sectoral,Axis Mutual Fund,Equity Scheme - Sectoral/ Thematic
135120,Axis Equity Savings Fund - Direct Plan - Growth,2015-08-20,2026-08-14,2712,0.0936254626285391,0.06884239199306895,0.49063752033042185,-0.17561983471074372,Equity Savings,Axis Mutual Fund,Hybrid Scheme - Equity Savings
141925,Axis Flexi Cap Fund - Direct Plan - Growth,2017-11-24,2026-08-14,2156,0.14215230063559225,0.15418458432547605,0.5676209123792906,-0.2987012987012986,Flexi Cap,Axis Mutual Fund,Equity Scheme - Flexi Cap Fund
149049,Axis Floater Fund - Direct Plan - Growth,2021-08-02,2026-08-14,1228,0.07347253747430904,0.017673270449165213,0.7605070406060098,-0.012642257511569333,Floating Rate,Axis Mutual Fund,Debt Scheme - Floater Fund
120468,Axis Focused Fund - Direct Plan - Growth Option,2013-01-02,2026-08-14,3360,0.13607661000872917,,,-1.0,Focused,Axis Mutual Fund,Equity Scheme - Focused Fund
120447,Axis Gilt Fund - Direct Plan - Growth Option,2013-01-02,2026-08-14,3296,0.07547974737746022,,,-1.0,Gilt,Axis Mutual Fund,Debt Scheme - Gilt Fund
148485,Axis Global Equity Alpha Fund of Fund - Direct Plan - Growth Option,2020-09-30,2026-08-14,1397,0.18652318280394575,0.16344570722193008,0.8238154224769226,-0.1986298377937621,Fund of Funds,Axis Mutual Fund,Other Scheme - FoF Overseas
148954,Axis Global Innovation Fund of Fund - Direct Plan - Growth,2021-06-03,2026-08-14,1236,0.1514493565765458,0.20326093626817185,0.5422973955627691,-0.3083778966131908,Fund of Funds,Axis Mutual Fund,Other Scheme - FoF Overseas
120473,Axis Gold Fund - Direct Plan - Growth option,2013-01-02,2026-08-14,3360,0.11074182268455957,,,-1.0,Fund of Funds,Axis Mutual Fund,Other Scheme - FoF Domestic
154078,Axis Gold and Silver Passive FOF - Direct Plan - Growth,2026-01-01,2026-08-14,156,0.15213593448639373,0.5070348158603522,0.4211177383179585,-0.33684123071810346,Fund of Funds,Axis Mutual Fund,Other Scheme - FoF Domestic
148699,Axis Greater China Equity Fund of Fund - Direct Plan - Growth Option,2021-02-16,2026-08-14,1288,0.0440135011654037,,,-1.0,Fund of Funds,Axis Mutual Fund,Other Scheme - FoF Overseas
147889,Axis Income Plus Arbitrage Omni FOF - Direct Plan - Growth Option,2020-01-31,2026-08-14,1587,0.07153850844062593,0.02255450035902844,0.5325644797827063,-0.027479478654859002,Value,Axis Mutual Fund,Equity Schemes - Value Fund
153924,Axis Income Plus Arbitrage Passive FOF - Direct Plan - Growth Option,2025-11-17,2026-08-14,185,0.06435389658042046,0.0064336414126039635,0.49278353506311173,-0.0012442042439028134,Fund of Funds,Axis Mutual Fund,Other Scheme - FoF Domestic
152202,Axis India Manufacturing Fund - Direct Plan - Growth,2023-12-27,2026-08-14,657,0.21227224977315995,0.1603176089770196,0.9202713204458388,-0.2299077733860343,Sectoral,Axis Mutual Fund,Equity Scheme - Sectoral/ Thematic
148634,Axis Innovation Fund - Direct Plan - Growth Option,2020-12-28,2026-08-14,1394,0.15804366816161597,0.13753963700671884,0.7187971106039699,-0.23624823695345554,Sectoral,Axis Mutual Fund,Equity Scheme - Sectoral/ Thematic
145110,Axis Large & Mid Cap Fund - Direct Plan - Growth,2018-10-26,2026-08-14,1927,0.1919978260197801,0.14635807654769797,0.8888164731104335,-0.31867283950617287,Mid Cap,Axis Mutual Fund,Equity Scheme - Large & Mid Cap Fund
120465,Axis Large Cap Fund - Direct Plan - Growth,2013-01-02,2026-08-14,3360,0.13759185512968597,,,-1.0,Large Cap,Axis Mutual Fund,Equity Scheme - Large Cap Fund
120389,Axis Liquid Fund - Direct Plan - Growth Option,2013-01-01,2026-08-16,4494,0.06868840022100708,0.001610403759775441,-5.739274716808475,-0.001913746814831585,Liquid,Axis Mutual Fund,Debt Scheme - Liquid Fund
151179,Axis Long Duration Fund - Direct Plan - Growth,2022-12-30,2026-08-14,884,0.0714460942307591,0.04014550507721598,0.3027085814465844,-0.05587317825394589,Long Duration,Axis Mutual Fund,Debt Scheme - Long Duration Fund
120505,Axis Midcap Fund - Direct Plan - Growth,2013-01-02,2026-08-14,3360,0.18819749391831486,,,-1.0,Mid Cap,Axis Mutual Fund,Equity Scheme - Mid Cap Fund
153083,Axis Momentum Fund - Direct Plan - Growth Option,2024-12-18,2026-08-14,415,-0.042703506998673646,0.17062472339327367,-0.5237704741745269,-0.21521521521521525,Sectoral,Axis Mutual Fund,Equity Scheme - Sectoral/ Thematic
147567,Axis Money Market Fund - Direct Plan - Growth Option,2019-08-07,2026-08-14,1707,0.06464064357680699,0.006313664309522351,0.7885633124279092,-0.011850054690791478,Money Market,Axis Mutual Fund,Debt Scheme - Money Market Fund
120524,Axis Multi Asset Allocation Fund - Direct Plan - Growth Option,2013-01-02,2026-08-14,3359,0.11137892669011507,,,-1.0,Multi Asset,Axis Mutual Fund,Hybrid Scheme - Multi Asset Allocation
149847,Axis Multi Factor Passive FoF - Direct Plan - Growth Option,2022-02-28,2026-08-14,1106,0.1096944908843216,0.1249821363546585,0.4291328504104282,-0.22012342492432602,Fund of Funds,Axis Mutual Fund,Other Scheme - FoF Domestic
153960,Axis Multi-Asset Omni FoF - Direct Plan - Growth,2025-12-17,2026-08-14,162,0.13388980375547854,0.14591978337450306,0.5478261250978197,-0.11380455144017654,Value,Axis Mutual Fund,Equity Schemes - Value Fund
149383,Axis Multicap Fund - Direct Growth,2021-12-23,2026-08-14,1152,0.17178773753026189,0.139714832040209,0.793816400897241,-0.1808346213292117,Multi Cap,Axis Mutual Fund,Equity Scheme - Multi Cap Fund
150751,Axis NASDAQ 100 US Specific Equity Passive FOF - Direct Plan - Growth,2022-11-04,2026-08-14,912,0.35095330426049665,0.19294501134498485,1.4145100237029347,-0.23049624675059155,Fund of Funds,Axis Mutual Fund,Other Scheme - FoF Overseas
147666,Axis Nifty 100 Index Fund - Direct Plan - Growth Option,2019-10-23,2026-08-14,1689,0.12990233906192583,0.17300112099255804,0.4582752921652275,-0.3702651515151515,Index,Axis Mutual Fund,Other Scheme - Index Funds
149373,Axis Nifty 50 Index Fund - Direct Plan - Growth,2021-12-08,2026-08-14,1163,0.08455566903844125,0.13659869341769104,0.23255782862744367,-0.15815687640639864,Index,Axis Mutual Fund,Other Scheme - Index Funds
152731,Axis Nifty 500 Index Fund - Direct Plan - Growth Option,2024-07-16,2026-08-14,522,0.016305700392427847,0.14228939514345176,-0.2363425845697337,-0.18573381735891747,Index,Axis Mutual Fund,Other Scheme - Index Funds
152629,Axis Nifty Bank Index Fund - Direct Plan - Growth Option,2024-05-29,2026-08-14,555,0.08647595174936495,0.16710332256850186,0.22354721534433458,-0.18332346789787313,Index,Axis Mutual Fund,Other Scheme - Index Funds
151785,Axis Nifty IT Index Fund - Direct Plan - Growth,2023-07-18,2026-08-14,765,0.017423369994352234,0.21836756517291586,-0.08550169820811511,-0.4230729990307607,Index,Axis Mutual Fund,Other Scheme - Index Funds
154326,Axis Nifty India Defence Index Fund - Direct Plan - Growth,2026-05-06,2026-08-14,72,0.29671668531620177,0.21139099527216024,1.015325889138531,-0.06548913303767279,Index,Axis Mutual Fund,Other Scheme - Index Funds
149936,Axis Nifty Midcap 50 Index Fund - Direct Plan - Growth Option,2022-03-31,2026-08-14,1085,0.2001710625132156,0.17145784632080371,0.8181736194949963,-0.20272935735245545,Index,Axis Mutual Fund,Other Scheme - Index Funds
149466,Axis Nifty Next 50 Index Fund - Direct Plan - Growth,2022-02-02,2026-08-14,1124,0.13983695451685274,0.17777844196131204,0.5002302242081087,-0.26347009910969266,Index,Axis Mutual Fund,Other Scheme - Index Funds
150854,Axis Nifty SDL September 2026 Debt Index Fund - Direct Plan - Growth,2022-11-24,2026-08-14,910,0.07244444903979641,0.007649471690142336,1.5926179484160263,-0.0033083891295785373,Index,Axis Mutual Fund,Other Scheme - Index Funds
149894,Axis Nifty Smallcap 50 Index Fund - Direct Plan - Growth Option,2022-03-15,2026-08-14,1096,0.18464176603657,0.19530637804351092,0.6729038773974017,-0.2773797909407665,Index,Axis Mutual Fund,Other Scheme - Index Funds
154460,Axis Nifty50 Equal Weight Index Fund-Direct Plan- Growth Option,2026-07-28,2026-08-14,14,0.347979562768854,0.10015005632687761,2.138318840959412,-0.017561368827130885,Index,Axis Mutual Fund,Other Scheme - Index Funds
153244,Axis Nifty500 Momentum 50 Index Fund - Direct Plan - Growth Option,2025-02-18,2026-08-14,372,0.11020478745642692,0.1878969693464321,0.33515248657844454,-0.1701587635001488,Index,Axis Mutual Fund,Other Scheme - Index Funds
153829,Axis Nifty500 Quality 50 Index Fund - Direct Plan - Growth Option,2025-09-15,2026-08-14,229,0.038557498556579084,0.16065262467936628,-0.056150751061128434,-0.1500737971071534,Index,Axis Mutual Fund,Other Scheme - Index Funds
152949,Axis Nifty500 Value 50 Index Fund - Direct Plan - Growth Option,2024-10-30,2026-08-14,448,0.08025633233573837,0.17761816853407655,0.189221876126703,-0.1811093029563331,Index,Axis Mutual Fund,Other Scheme - Index Funds
146675,Axis Overnight Fund - Direct Plan - Growth Option,2019-03-17,2026-08-16,2267,0.05165791437110867,0.0013405455320916475,-13.763960877817413,-0.0009931994318798099,Overnight,Axis Mutual Fund,Debt Scheme - Overnight Fund
148993,Axis Quant Fund - Direct Plan - Growth,2021-07-07,2026-08-14,1266,0.11731363412403217,0.1426242534823887,0.44167169991004646,-0.2296650717703349,Sectoral,Axis Mutual Fund,Equity Scheme - Sectoral/ Thematic
147825,Axis Retirement Fund - Aggressive Plan - Direct Growth,2019-12-27,2026-08-14,1645,0.11555117306630613,0.12753674374193286,0.4654437492766855,-0.25876777251184835,Retirement,Axis Mutual Fund,Solution Oriented Scheme - Retirement Fund
147830,Axis Retirement Fund - Conservative Plan - Direct Growth,2019-12-27,2026-08-14,1615,0.09155467178442933,0.06419497716020611,0.5106204172680217,-0.12732683722939564,Retirement,Axis Mutual Fund,Solution Oriented Scheme - Retirement Fund
147826,Axis Retirement Fund - Dynamic Plan - Direct Growth,2019-12-27,2026-08-14,1645,0.12701553009282351,0.11489617279544659,0.5934449917772532,-0.17129629629629628,Retirement,Axis Mutual Fund,Solution Oriented Scheme - Retirement Fund
153624,Axis Services Opportunities Fund - Direct Plan - Growth Option,2025-07-30,2026-08-14,261,0.014471456660837267,0.14286121709620359,-0.24742527216800414,-0.18410852713178294,Sectoral,Axis Mutual Fund,Equity Scheme - Sectoral/ Thematic
120510,Axis Short Duration Fund - Direct Plan - Growth Option,2013-01-02,2026-08-14,3295,0.08125561851736052,0.01466735256603804,1.4643201990152332,-0.025982986564957344,Short Duration,Axis Mutual Fund,Debt Scheme - Short Duration Fund
150615,Axis Silver Fund of Fund- Direct Plan-Growth Option,2022-09-27,2026-08-14,963,0.4402869734271979,0.3533248714950991,1.06243512821659,-0.46103228491977677,Fund of Funds,Axis Mutual Fund,Other Scheme - FoF Domestic
125354,Axis Small Cap Fund - Direct Plan - Growth,2013-12-05,2026-08-14,3130,0.22869687481326095,0.1474173352567436,1.095725610004379,-0.3463863337713534,Small Cap,Axis Mutual Fund,Equity Scheme - Small Cap Fund
120475,Axis Strategic Bond Fund - Direct Plan - Growth Option,2013-01-08,2026-08-14,3292,0.08610724658478075,,,-1.0,Medium Duration,Axis Mutual Fund,Debt Scheme - Medium Duration Fund
120513,Axis Treasury Advantage Fund - Direct Plan - Growth Option,2013-01-02,2026-08-14,3296,0.07657930621969711,,,-1.0,Low Duration,Axis Mutual Fund,Debt Scheme - Low Duration Fund
152240,Axis US Specific Treasury Dynamic Debt Passive FOF - Direct Plan - Growth Option,2023-12-27,2026-08-14,640,0.07875568301383584,0.06931124438143457,0.3040247804791971,-0.04935664611312873,Fund of Funds,Axis Mutual Fund,Other Scheme - FoF Overseas
144754,Axis Ultra Short Duration Fund - Direct Plan Growth,2018-09-12,2026-08-14,1924,0.06779068712736747,0.005226491184007755,1.5506067936241352,-0.008063302679211515,Ultra Short Duration,Axis Mutual Fund,Debt Scheme - Ultra Short Duration Fund
149166,Axis Value Fund - Direct Plan - Growth,2021-09-28,2026-08-14,1210,0.1725319501958622,0.14601602300188302,0.7705969146556203,-0.20203892493049114,Value,Axis Mutual Fund,Equity Scheme - Value Fund
153075,BAJAJ FINSERV CONSUMPTION FUND - DIRECT - GROWTH,2024-12-03,2026-08-14,420,-0.023345613993925096,0.14444916044342535,-0.5099352109020434,-0.21397166585246696,Sectoral,Bajaj Finserv Mutual Fund,Equity Scheme - Sectoral/ Thematic
153201,BAJAJ FINSERV ELSS TAX SAVER FUND - DIRECT - GROWTH,2025-02-03,2026-08-14,377,0.12156322367375272,0.13248473620177648,0.4984336394114892,-0.13513283378746588,ELSS,Bajaj Finserv Mutual Fund,Equity Scheme - ELSS
153758,BAJAJ FINSERV EQUITY SAVINGS FUND - DIRECT - GROWTH,2025-08-21,2026-08-14,241,0.05646268650227548,0.022923919356187372,-0.13978128332396733,-0.0127172119211727,Equity Savings,Bajaj Finserv Mutual Fund,Hybrid Scheme - Equity Savings
153157,BAJAJ FINSERV HEALTHCARE FUND - DIRECT - GROWTH,2024-12-30,2026-08-14,402,0.11218554507194778,0.13526823280955227,0.4248652700368051,-0.156798894809552,Sectoral,Bajaj Finserv Mutual Fund,Equity Scheme - Sectoral/ Thematic
152783,BAJAJ FINSERV LARGE CAP FUND - DIRECT PLAN - GROWTH,2024-08-23,2026-08-14,488,0.0252062641928521,0.13025914694104906,-0.20037462357024743,-0.169478672985782,Large Cap,Bajaj Finserv Mutual Fund,Equity Scheme - Large Cap Fund
153309,BAJAJ FINSERV MULTI CAP FUND - DIRECT - GROWTH,2025-03-03,2026-08-14,358,0.16882270629689633,0.14168658473073292,0.7731929881101443,-0.14175432643366126,Multi Cap,Bajaj Finserv Mutual Fund,Equity Scheme - Multi Cap Fund
153612,BAJAJ FINSERV SMALL CAP FUND - DIRECT - GROWTH,2025-07-22,2026-08-14,262,0.1189401298286159,0.16326833173481986,0.4200109550656414,-0.1621891540996705,Small Cap,Bajaj Finserv Mutual Fund,Equity Scheme - Small Cap Fund
118474,BANDHAN Arbitrage Fund-Direct Plan- Growth,2013-01-17,2026-08-14,3349,0.06921081326142442,0.009766256823886193,0.8618862166689136,-0.007493761666556797,Arbitrage,Bandhan Mutual Fund,Hybrid Scheme - Arbitrage Fund
131355,BANDHAN Balanced Advantage Fund Direct Plan Growth,2014-10-13,2026-08-14,2923,0.09668132653867612,0.08618455794845828,0.44043883487525093,-0.25888324873096447,Balanced Advantage,Bandhan Mutual Fund,Hybrid Scheme - Dynamic Asset Allocation or Balanced Advantage
150868,BANDHAN CRISIL IBX 90:10 SDL PLUS GILT - NOV 2026 INDEX FUND - DIRECT GROWTH,2022-11-18,2026-08-14,915,0.07337361053869151,0.007547355214294286,1.7220056702010789,-0.0038279112790536862,Index,Bandhan Mutual Fund,Other Scheme - Index Funds
150888,BANDHAN CRISIL IBX 90:10 SDL PLUS GILT - SEP27 INDEX FUND - DIRECT GROWTH,2022-11-25,2026-08-14,910,0.07615055153932371,0.01064626902827578,1.475993246571652,-0.004177586852424864,Index,Bandhan Mutual Fund,Other Scheme - Index Funds
150871,BANDHAN CRISIL IBX 90:10 SDL PLUS GILT APRIL 2032 INDEX FUND - DIRECT GROWTH,2022-11-30,2026-08-14,907,0.08024479588049438,0.021240643338662765,0.9306310326058216,-0.022524964448739415,Index,Bandhan Mutual Fund,Other Scheme - Index Funds
150746,BANDHAN CRISIL IBX GILT APRIL 2026 INDEX FUND - DIRECT PLAN - GROWTH,2022-10-21,2026-04-30,858,0.07189323686633342,0.007762784581643098,1.5425081997961776,-0.003703919738684114,Index,Bandhan Mutual Fund,Other Scheme - Index Funds
151408,BANDHAN CRISIL IBX GILT APRIL 2032 INDEX FUND - DIRECT GROWTH,2023-02-16,2026-08-14,852,0.08353298534720754,0.02218956359652479,1.045058488435531,-0.01990452050321123,Index,Bandhan Mutual Fund,Other Scheme - Index Funds
148792,BANDHAN CRISIL IBX Gilt April 2028 Index Fund Direct Plan-Growth,2021-03-24,2026-08-14,1313,0.0638159438545498,0.017751967536489586,0.23772395333003243,-0.02865758828661369,Index,Bandhan Mutual Fund,Other Scheme - Index Funds
148789,BANDHAN CRISIL IBX Gilt June 2027 Index Fund Direct Plan-Growth,2021-03-24,2026-08-14,1313,0.06239510952909111,0.016370781577862415,0.17178773933124022,-0.030859467385648598,Index,Bandhan Mutual Fund,Other Scheme - Index Funds
118491,BANDHAN Conservative Hybrid Fund-Direct Plan-Growth,2013-01-02,2026-08-14,3296,0.08151447850758387,0.04663028817456435,0.48646862415332726,-0.11382950174434214,Conservative Hybrid,Bandhan Mutual Fund,Hybrid Scheme - Conservative Hybrid Fund
135916,BANDHAN Corporate Bond Fund - Direct Growth,2016-01-13,2026-08-14,2570,0.07374735034762758,0.016944194723341417,0.8280568676583077,-0.03468465236421037,Corporate Bond,Bandhan Mutual Fund,Debt Scheme - Corporate Bond Fund
140603,BANDHAN Credit Risk Fund-Direct Plan-Growth,2017-03-06,2026-08-14,2295,0.07074380171082062,0.01527780843613893,0.7206346579165768,-0.025866666666666704,Credit Risk,Bandhan Mutual Fund,Debt Scheme - Credit Risk Fund
118416,BANDHAN Dynamic Bond Fund-Direct Plan-Growth,2013-01-02,2026-08-14,3296,0.08321814758361157,0.03759283412700198,0.636831478317077,-0.06956586714488522,Dynamic Bond,Bandhan Mutual Fund,Debt Scheme - Dynamic Bond
118473,BANDHAN ELSS Tax Saver Fund - Direct Plan - Growth,2013-01-02,2026-08-14,3360,0.16651075809687121,0.15671206014033653,0.7000532889907841,-0.42598661918901926,ELSS,Bandhan Mutual Fund,Equity Scheme - ELSS
118477,BANDHAN Equity Savings Fund-Direct Plan-Growth,2014-01-01,2026-08-14,3113,0.0753311097538727,0.046165185663471296,0.33099575617288807,-0.17285067873303173,Equity Savings,Bandhan Mutual Fund,Hybrid Scheme - Equity Savings
151816,BANDHAN FINANCIAL SERVICES FUND - DIRECT PLAN - GROWTH,2023-07-31,2026-08-14,757,0.16187268192167936,0.15457070469487408,0.672660428884641,-0.1731160896130346,Sectoral,Bandhan Mutual Fund,Equity Scheme - Sectoral/ Thematic
148711,BANDHAN FLOATER FUND  - DIRECT PLAN GROWTH,2021-02-22,2026-08-14,1334,0.06667337194545442,0.008321689402902883,0.82010366742156,-0.00683004073222615,Floating Rate,Bandhan Mutual Fund,Debt Scheme - Floater Fund
118424,BANDHAN Flexi Cap Fund-Direct Plan-Growth,2013-01-02,2026-08-14,3360,0.1375993025078306,0.14757920644693961,0.5602321519794519,-0.3689338579726438,Flexi Cap,Bandhan Mutual Fund,Equity Scheme - Flexi Cap Fund
118469,BANDHAN Infrastructure Fund-Direct Plan-Growth,2013-01-02,2026-08-14,3360,0.14897693412032398,0.19111328478232806,0.5246306472099793,-0.5686805693601402,Sectoral,Bandhan Mutual Fund,Equity Scheme - Sectoral/ Thematic
118364,BANDHAN LIQUID Fund -Direct Plan-Growth,2013-01-01,2026-08-16,4278,0.06782749922374975,0.001994007671946535,-3.673585959890414,-0.0022751871838051496,Liquid,Bandhan Mutual Fund,Debt Scheme - Liquid Fund
118479,BANDHAN Large Cap Fund-Direct Plan-Growth,2013-01-02,2026-08-14,3360,0.13094450682063896,0.15615499193818283,0.4992388304187529,-0.3514225500526871,Large Cap,Bandhan Mutual Fund,Equity Scheme - Large Cap Fund
118371,BANDHAN Low Duration Fund-Direct Plan-Growth,2013-01-02,2026-08-14,3296,0.0743951768556772,0.006922862292069685,2.1293195812286174,-0.012221473385813697,Low Duration,Bandhan Mutual Fund,Debt Scheme - Low Duration Fund
150404,BANDHAN MIDCAP FUND - GROWTH - DIRECT PLAN,2022-08-19,2026-08-14,990,0.19699310888976096,0.14987821234378776,0.8938450699249851,-0.2271260539190173,Mid Cap,Bandhan Mutual Fund,Equity Scheme - Mid Cap Fund
149303,BANDHAN MULTI CAP FUND - GROWTH - DIRECT PLAN,2021-12-03,2026-08-14,1167,0.14762240561266693,0.1338983320241239,0.662846935234362,-0.18296996251913644,Multi Cap,Bandhan Mutual Fund,Equity Scheme - Multi Cap Fund
149832,BANDHAN NIFTY 100 INDEX FUND - DIRECT PLAN - GROWTH,2022-02-25,2026-08-14,1108,0.1078032536182223,0.13600107764434274,0.392288701201711,-0.17264804135640033,Index,Bandhan Mutual Fund,Other Scheme - Index Funds
150636,BANDHAN NIFTY100 LOW VOLATILITY 30 INDEX FUND - GROWTH - DIRECT PLAN,2022-10-07,2026-08-14,957,0.13379684289716898,0.10914015912902086,0.6733622347029888,-0.1823736641108381,Index,Bandhan Mutual Fund,Other Scheme - Index Funds
150591,BANDHAN NIFTY200 MOMENTUM 30 INDEX FUND - GROWTH - DIRECT PLAN,2022-09-05,2026-08-14,980,0.12241631174603418,0.18285451724088075,0.4043757560759791,-0.3173312010825273,Index,Bandhan Mutual Fund,Other Scheme - Index Funds
118482,BANDHAN Nifty 50 Index Fund-Direct Plan-Growth,2013-01-02,2026-08-14,3360,0.11950650346961211,0.1593948891889982,0.4271566712963384,-0.3757653733471811,Index,Bandhan Mutual Fund,Other Scheme - Index Funds
152264,BANDHAN Nifty Smallcap 250 Index Fund - Direct Plan - Growth,2023-12-26,2026-08-14,659,0.1123389770865304,0.19429634731592563,0.34164484597606803,-0.2611979494159683,Index,Bandhan Mutual Fund,Other Scheme - Index Funds
146191,BANDHAN Overnight Fund - Direct Plan - Growth,2019-01-20,2026-08-16,2347,0.05160937268973376,0.001194669607871971,-15.96777358836307,0.0,Overnight,Bandhan Mutual Fund,Debt Scheme - Overnight Fund
147946,BANDHAN SMALL CAP FUND - DIRECT PLAN GROWTH,2020-02-26,2026-08-14,1603,0.3078425542003329,0.17297010320960582,1.3186385413147115,-0.24336283185840712,Small Cap,Bandhan Mutual Fund,Equity Scheme - Small Cap Fund
150716,BANDHAN TRANSPORTATION AND LOGISTICS FUND - GROWTH - DIRECT PLAN,2022-10-27,2026-08-14,945,0.23672751320437246,0.14794902447015082,1.124812609680591,-0.2496007984031936,Sectoral,Bandhan Mutual Fund,Equity Scheme - Sectoral/ Thematic
144173,BANDHAN ULTRA SHORT DURATION FUND - DIRECT PLAN GROWTH,2018-07-19,2026-08-14,1961,0.06437746788898568,0.005233692612769673,0.9105710337332101,-0.008932343001971432,Ultra Short Duration,Bandhan Mutual Fund,Debt Scheme - Ultra Short Duration Fund
143614,BANK OF INDIA Arbitrage Fund Direct Plan Growth,2018-06-20,2026-08-14,2007,0.054021646623373165,0.010210157292190486,-0.594666017864084,-0.00587764066283214,Arbitrage,Bank of India Mutual Fund,Hybrid Scheme - Arbitrage Fund
127850,BANK OF INDIA BALANCED ADVANTAGE FUND DIRECT PLAN  GROWTH,2014-03-24,2026-08-14,3035,0.08903553194411118,0.08447041893149837,0.37136723970146557,-0.17795767555535602,Balanced Advantage,Bank of India Mutual Fund,Hybrid Scheme - Dynamic Asset Allocation or Balanced Advantage
119393,BANK OF INDIA Conservative Hybrid Fund Fund-Direct Plan-Growth,2013-01-14,2026-08-14,3279,0.0826056460234863,0.056772434903695136,0.4306609510769168,-0.15372737489378419,Long Duration,Bank of India Mutual Fund,Debt Scheme - Medium to Long Duration Fund
119351,BANK OF INDIA ELSS Tax Saver -Direct Plan- Growth,2013-01-02,2026-08-14,3351,0.16910944185783094,0.1647717442980841,0.6901547774075636,-0.3169365824125926,ELSS,Bank of India Mutual Fund,Equity Scheme - ELSS
148404,BANK OF INDIA Flexi Cap Fund Direct Plan -Growth,2020-07-01,2026-08-14,1512,0.266270716497534,0.16663601837305514,1.17033186524302,-0.23729233820976936,Flexi Cap,Bank of India Mutual Fund,Equity Scheme - Flexi Cap Fund
119350,BANK OF INDIA Large & Mid Cap Fund Direct Plan-Growth,2013-01-02,2026-08-14,3351,0.13934502422417028,0.16087123005306203,0.5386946094583801,-0.3785178236397748,Mid Cap,Bank of India Mutual Fund,Equity Scheme - Large & Mid Cap Fund
148980,BANK OF INDIA Large Cap Fund Direct Plan Growth,2021-07-01,2026-08-14,1262,0.12296957610510484,0.14647221693074405,0.47425685910884446,-0.2258883248730964,Large Cap,Bank of India Mutual Fund,Equity Scheme - Large Cap Fund
119369,BANK OF INDIA Liquid Fund- Direct Plan- Growth,2013-01-01,2026-08-16,4165,0.0684100213768859,0.0020409119206256632,-2.6683430033168825,-0.0016029891083852998,Liquid,Bank of India Mutual Fund,Debt Scheme - Liquid Fund
139527,BANK OF INDIA MID & SMALL CAP EQUITY & DEBT FUND - DIRECT PLAN GROWTH,2016-07-27,2026-08-14,2476,0.16584974030502164,0.14344878214231174,0.7486591441120521,-0.3663876368319382,Aggressive Hybrid,Bank of India Mutual Fund,Hybrid Scheme - Aggressive Hybrid Fund
119364,BANK OF INDIA Manufacturing & Infrastructure Fund-Direct Plan-Growth,2013-01-02,2026-08-14,3351,0.17866510448889028,0.17258247142194624,0.7148261268755336,-0.43504959848842706,Sectoral,Bank of India Mutual Fund,Equity Scheme - Sectoral/ Thematic
147951,BANK OF INDIA Overnight Fund Direct Plan Growth,2020-01-28,2026-08-16,1771,0.0523575964347649,0.0020475760532958453,-6.061170753421334,0.0,Overnight,Bank of India Mutual Fund,Debt Scheme - Overnight Fund
119382,BANK OF INDIA Short Term Income Fund-Direct Plan- Growth,2013-01-03,2026-08-14,3286,0.06890072087704269,0.06291340725484437,0.18299379777666402,-0.19801355456882452,Short Duration,Bank of India Mutual Fund,Debt Scheme - Short Duration Fund
145678,BANK OF INDIA Small Cap Fund Direct Plan Growth,2018-12-27,2026-08-14,1881,0.2781060343037869,0.18089568425525424,1.147559626421639,-0.32367149758454106,Small Cap,Bank of India Mutual Fund,Equity Scheme - Small Cap Fund
119379,BANK OF INDIA Ultra Short Duration Fund- Direct Plan- Growth,2013-01-03,2026-08-14,3286,0.07280438840815084,0.005389045406509877,2.4858871386736223,-0.007643943785040297,Ultra Short Duration,Bank of India Mutual Fund,Debt Scheme - Ultra Short Duration Fund
150251,BARODA BNP PARIBAS ARBITRAGE FUND-DIRECT PLAN-GROWTH OPTION,2022-03-14,2026-08-14,1089,0.06928989870498237,0.00951770636458969,0.9060234959407797,-0.00294917208995793,Arbitrage,Baroda BNP Paribas Mutual Fund,Hybrid Scheme - Arbitrage Fund
150206,BARODA BNP PARIBAS Conservative Hybrid Fund - Direct Plan - Growth Option,2022-03-14,2026-08-14,1071,0.08700644321099515,0.03572768830549783,0.7690691694866584,-0.04495902802933138,Conservative Hybrid,Baroda BNP Paribas Mutual Fund,Hybrid Scheme - Conservative Hybrid Fund
150237,BARODA BNP PARIBAS Corporate Bond Fund - Direct Plan - Growth Option,2022-03-14,2026-08-14,1071,0.06874409782652724,0.012591897190044629,0.7369554695531031,-0.023345427355147996,Corporate Bond,Baroda BNP Paribas Mutual Fund,Debt Scheme - Corporate Bond Fund
150159,BARODA BNP PARIBAS ELSS Tax Saver Fund - Direct Plan - Growth Option,2022-03-14,2026-08-14,1089,0.15779906591696835,0.13989930337776868,0.713565430938934,-0.17340603262081178,ELSS,Baroda BNP Paribas Mutual Fund,Equity Scheme - ELSS
150264,BARODA BNP PARIBAS Focused Fund - Direct Plan - Growth Option,2022-03-14,2026-08-14,1089,0.122771461486052,0.1501251814915843,0.4655037079274841,-0.2246435045881846,Focused,Baroda BNP Paribas Mutual Fund,Equity Scheme - Focused Fund
150266,BARODA BNP PARIBAS India Consumption Fund - Direct Plan - Growth Option,2022-03-14,2026-08-14,1089,0.14679895735966353,0.12398043781037495,0.7090470962783125,-0.21445648316751675,Sectoral,Baroda BNP Paribas Mutual Fund,Equity Scheme - Sectoral/ Thematic
150187,BARODA BNP PARIBAS LARGE CAP Fund - Direct Plan - Growth Option,2022-03-14,2026-08-14,1089,0.13872485006286928,0.1286324344239473,0.6319297960754835,-0.18163983364742498,Large Cap,Baroda BNP Paribas Mutual Fund,Equity Scheme - Large Cap Fund
150169,BARODA BNP PARIBAS LOW DURATION Fund - Direct Plan - Growth Option,2022-03-14,2026-08-14,1071,0.06957358722168205,0.005082197819388898,1.9717631087133263,-0.006157093851701934,Low Duration,Baroda BNP Paribas Mutual Fund,Debt Scheme - Low Duration Fund
150212,BARODA BNP PARIBAS Mid Cap Fund - Direct Plan - Growth Option,2022-03-14,2026-08-14,1089,0.19042157821659744,0.14498083237085596,0.8898247139564561,-0.1863500446738806,Mid Cap,Baroda BNP Paribas Mutual Fund,Equity Scheme - Mid Cap Fund
149401,BHARAT Bond ETF FOF - April 2032 Direct Growth,2021-12-16,2026-08-14,1133,0.06650880173354579,0.034866365191658796,0.21260183669969768,-0.04076525111038576,Fund of Funds,Edelweiss Mutual Fund,Other Scheme - FoF Domestic
150989,BHARAT Bond ETF FOF - April 2033 - Direct Plan - Growth,2022-12-16,2026-08-14,889,0.0776882790209612,0.04350523858112519,0.4292663953621325,-0.04345388039614895,Fund of Funds,Edelweiss Mutual Fund,Other Scheme - FoF Domestic
148446,BHARAT Bond FOF- April 2025- Direct Pan- Growth Option,2020-07-27,2025-04-16,1148,0.05527313734334349,0.020006755756212392,-0.20007409073114077,-0.026045996120809045,Fund of Funds,Edelweiss Mutual Fund,Other Scheme - FoF Domestic
148450,BHARAT Bond FOF- April 2031- Direct Plan- Growth Option,2020-07-27,2026-08-14,1471,0.06175949352165899,0.03125687837082309,0.08408891677321191,-0.03773374681992925,Fund of Funds,Edelweiss Mutual Fund,Other Scheme - FoF Domestic
152077,Bajaj Finserv Arbitrage Fund-Direct Plan-Growth,2023-09-18,2026-08-14,714,0.07055719746002609,0.00954412466178114,1.0533846517136225,-0.004089310542242597,Arbitrage,Bajaj Finserv Mutual Fund,Hybrid Scheme - Arbitrage Fund
152194,Bajaj Finserv Balanced Advantage Fund-Direct Plan-Growth,2023-12-18,2026-08-14,655,0.08235930407429914,0.1000677434326442,0.25990714544677473,-0.1251579213341193,Balanced Advantage,Bajaj Finserv Mutual Fund,Hybrid Scheme - Dynamic Asset Allocation or Balanced Advantage
153937,Bajaj Finserv Banking and Financial Services Fund - Direct - Growth,2025-12-03,2026-08-14,173,0.008224893068520922,0.17863784728476684,-0.20044638120211233,-0.1558101155227648,Sectoral,Bajaj Finserv Mutual Fund,Equity Scheme - Sectoral/ Thematic
152162,Bajaj Finserv Banking and PSU Fund-Direct Plan- Growth,2023-11-15,2026-08-14,665,0.07576793472812193,0.01219780374280815,1.3282057861330994,-0.007604301075268771,Banking & PSU,Bajaj Finserv Mutual Fund,Debt Scheme - Banking and PSU Fund
151895,Bajaj Finserv Flexi Cap Fund-Direct Plan-Growth,2023-08-16,2026-08-14,737,0.18138292352483876,0.13246895830869845,0.9042865390187226,-0.17525298988040472,Flexi Cap,Bajaj Finserv Mutual Fund,Equity Scheme - Flexi Cap Fund
153206,Bajaj Finserv Gilt Fund - Direct - Growth,2025-01-16,2026-08-14,382,0.052343375610919285,0.034294008555253566,-0.18324850004298338,-0.038731067791472173,Gilt,Bajaj Finserv Mutual Fund,Debt Scheme - Gilt Fund
152408,Bajaj Finserv Large and Mid Cap Fund- Direct Plan- Growth,2024-02-29,2026-08-14,605,0.11102697528043382,0.13529382431668335,0.4217575542405937,-0.16200638679024848,Mid Cap,Bajaj Finserv Mutual Fund,Equity Scheme - Large & Mid Cap Fund
151833,Bajaj Finserv Liquid Fund - Direct Plan - Growth,2023-07-05,2026-08-16,938,0.06985839336704314,0.0017793415175030862,-1.9159180513532732,-6.956329330809474e-05,Liquid,Bajaj Finserv Mutual Fund,Debt Scheme - Liquid Fund
154204,Bajaj Finserv Low Duration Fund - Direct - Growth,2026-02-23,2026-08-14,116,0.06878145803365432,0.007366401950766417,1.178037293863691,-0.0019575566397944666,Low Duration,Bajaj Finserv Mutual Fund,Debt Scheme - Low Duration Fund
151889,Bajaj Finserv Money Market Fund-Direct Plan-Growth,2023-07-26,2026-08-14,738,0.07524203159299092,0.0045397423930649775,3.4682623255277414,-0.0012494570418003503,Money Market,Bajaj Finserv Mutual Fund,Income/Debt Oriented Schemes - Money Market Fund
152639,Bajaj Finserv Multi Asset Allocation Fund - Direct Growth,2024-06-06,2026-08-14,541,0.11936311466730953,0.10429998285994099,0.5808565610088313,-0.132116722513561,Multi Asset,Bajaj Finserv Mutual Fund,Hybrid Scheme - Multi Asset Allocation
153506,Bajaj Finserv Nifty 50 Index Fund - Direct - Growth,2025-05-19,2026-08-14,308,-0.009672025446484045,0.12525787976251254,-0.49537846144090103,-0.14915893461924556,Index,Bajaj Finserv Mutual Fund,Other Scheme - Index Funds
153479,Bajaj Finserv Nifty Next 50 Index Fund - Direct - Growth,2025-05-14,2026-08-14,311,0.10960535196232257,0.15987102134692444,0.36628244027581414,-0.14777175215457938,Index,Bajaj Finserv Mutual Fund,Other Scheme - Index Funds
151849,Bajaj Finserv Overnight Fund - Direct Plan - Growth,2023-07-05,2026-08-16,937,0.06158985130284256,0.0013575548444375804,-7.262232530054047,0.0,Overnight,Bajaj Finserv Mutual Fund,Debt Scheme - Overnight Fund
140382,Bandhan Aggressive Hybrid Fund-Direct Plan Growth,2017-01-02,2026-08-14,2379,0.13028939507096804,0.1243404534092047,0.5836928822325937,-0.3154574132492114,Aggressive Hybrid,Bandhan Mutual Fund,Hybrid Scheme - Aggressive Hybrid Fund
118485,Bandhan Aggressive Hybrid Passive FOF - Direct Plan - Growth,2013-01-02,2026-08-14,3293,0.10972690945744978,0.10246221601687716,0.5249876062467602,-0.2895792618014841,Fund of Funds,Bandhan Mutual Fund,Other Scheme - FoF Domestic
152844,Bandhan BSE Healthcare Index Fund Direct Plan - Growth,2024-09-09,2026-08-14,484,0.09018570431313067,0.14666433412766766,0.25641478709606,-0.1617672290534743,Index,Bandhan Mutual Fund,Other Scheme - Index Funds
153838,Bandhan BSE India Sector Leaders Index Fund - Direct Plan - Growth,2025-09-25,2026-08-14,221,0.0035359941906294434,0.13949367223243378,-0.33498270054038765,-0.15321313171741224,Index,Bandhan Mutual Fund,Other Scheme - Index Funds
121279,Bandhan Banking and PSU Fund - Direct Growth,2013-03-08,2026-08-14,3251,0.07713599846373675,0.01490365685611485,1.1759834482692955,-0.03286644550927631,Banking & PSU,Bandhan Mutual Fund,Debt Scheme - Banking and PSU Fund
152878,Bandhan Business Cycle Fund - Direct Plan - Growth,2024-10-01,2026-08-14,468,0.009797885304595244,0.15560683902519412,-0.2447744127431551,-0.17582834899838606,Sectoral,Bandhan Mutual Fund,Equity Scheme - Sectoral/ Thematic
153389,Bandhan CRISIL-IBX 10:90 Gilt Plus SDL Index - Dec 2029 Fund-Direct Plan-Growth,2025-03-11,2026-08-14,352,0.07183045653823661,0.02134879938132318,0.5282036733389112,-0.011462406642080092,Index,Bandhan Mutual Fund,Other Scheme - Index Funds
153407,Bandhan CRISIL-IBX Financial Services 3-6 Months Debt Index Fund - Direct Plan - Growth,2025-03-17,2026-08-14,349,0.0723184477521539,0.0038793039196059454,2.9152160875590654,-0.0005561684552193302,Index,Bandhan Mutual Fund,Other Scheme - Index Funds
118486,Bandhan Conservative Hybrid Passive FOF - Direct Plan - Growth,2013-04-03,2026-08-14,3234,0.08550439762789352,0.03521436710945948,0.7410421657225589,-0.09777016894719182,Fund of Funds,Bandhan Mutual Fund,Other Scheme - FoF Domestic
118421,Bandhan Focused Fund - Direct Plan - Growth,2013-01-02,2026-08-14,3360,0.12966256026447476,0.162905664085845,0.4781957931284943,-0.3754472271914132,Focused,Bandhan Mutual Fund,Equity Scheme - Focused Fund
118464,Bandhan Gilt Fund - Direct Plan - Growth,2013-01-02,2026-08-14,3296,0.08774342588615602,0.041283410135881986,0.6885842977218671,-0.07053159731468384,Gilt,Bandhan Mutual Fund,Debt Scheme - Gilt Fund
118387,Bandhan Gilt Fund with 10 year constant duration Fund - Direct Plan - Growth,2013-01-02,2026-08-14,3296,0.0882898554609497,0.03289440251821516,0.8706584166978927,-0.049996373375742476,Gilt,Bandhan Mutual Fund,Debt Scheme - Gilt Fund with 10 year constant duration
154129,Bandhan Gold ETF FOF-Direct-Growth,2026-01-28,2026-08-14,139,-0.1342294872484946,0.339469144077372,-0.4258052886210002,-0.24771951061346242,Fund of Funds,Bandhan Mutual Fund,Other Scheme - FoF Domestic
153972,Bandhan Healthcare Fund - Direct Plan - Growth,2025-12-02,2026-08-14,177,0.20886387809977935,0.1293413733621716,1.0669168201923063,-0.08737084963386488,Sectoral,Bandhan Mutual Fund,Equity Scheme - Sectoral/ Thematic
118410,Bandhan Income Plus Arbitrage Active FOF - Direct Plan - Growth,2013-02-22,2026-08-14,3259,0.07802717667567571,0.013867510985816503,1.3271314957552576,-0.029690213089708872,Fund of Funds,Bandhan Mutual Fund,Other Scheme - FoF Domestic
152607,Bandhan Innovation Fund - Direct Plan - Growth,2024-05-02,2026-08-14,574,0.22875450706369405,0.1716633844608727,0.9420517291834599,-0.1968849236352639,Sectoral,Bandhan Mutual Fund,Equity Scheme - Sectoral/ Thematic
118419,Bandhan Large & Mid Cap Fund - Direct Plan - Growth,2013-01-02,2026-08-14,3360,0.15711127433430727,0.15835170531407317,0.6423139137344323,-0.38542463657230297,Mid Cap,Bandhan Mutual Fund,Equity Scheme - Large & Mid Cap Fund
152520,Bandhan Long Duration Fund - Direct Plan - Growth,2024-03-21,2026-08-14,589,0.06241283619295679,0.040174069399899134,0.0757443553075531,-0.04568671462151597,Long Duration,Bandhan Mutual Fund,Debt Scheme - Long Duration Fund
118401,Bandhan Medium Duration Fund - Direct Plan - Growth,2013-01-02,2026-08-14,3296,0.07611441168960886,0.019834920977737244,0.8358392717762577,-0.035994625215088005,Medium Duration,Bandhan Mutual Fund,Debt Scheme - Medium Duration Fund
118394,Bandhan Medium to Long Duration Fund - Direct Plan - Growth,2013-01-02,2026-08-14,3296,0.07664535132081585,0.03572675037833686,0.4907681145645384,-0.068987092672392,Long Duration,Bandhan Mutual Fund,Debt Scheme - Medium to Long Duration Fund
118384,Bandhan Money Market Fund -Direct Plan-Growth,2013-01-02,2026-08-14,3296,0.07223558948022735,0.006010029754888822,2.103112206323169,-0.013070645443458262,Money Market,Bandhan Mutual Fund,Debt Scheme - Money Market Fund
152324,Bandhan Multi Asset Allocation Fund - Direct Plan - Growth,2024-02-01,2026-08-14,634,0.17246706726045202,0.09266518941846674,1.1305408532761545,-0.1002223234500248,Multi Asset,Bandhan Mutual Fund,Hybrid Scheme - Multi Asset Allocation
118489,Bandhan Multi-Asset Passive FOF - Direct Plan - Growth,2013-02-26,2026-08-14,3256,0.09848706995926437,0.06664011196140615,0.6024170062500528,-0.1801935634516133,Fund of Funds,Bandhan Mutual Fund,Other Scheme - FoF Domestic
153722,Bandhan Multi-Factor Fund - Direct Plan - Growth,2025-08-01,2026-08-14,259,0.029013746011109065,0.13195826139803735,-0.16965487060112136,-0.12688211531399185,Sectoral,Bandhan Mutual Fund,Equity Scheme - Sectoral/ Thematic
153114,Bandhan Nifty 200 Quality 30 Index Fund - Direct Plan - Growth,2024-12-05,2026-08-14,424,-0.007530437956303038,0.13738322622165633,-0.42350289248944983,-0.16461336310376506,Index,Bandhan Mutual Fund,Other Scheme - Index Funds
153003,Bandhan Nifty 500 Momentum 50 Index Fund Direct Plan-Growth,2024-10-30,2026-08-14,448,-0.047584664543320776,0.20191832031873053,-0.4396292798998793,-0.29222361292911536,Index,Bandhan Mutual Fund,Other Scheme - Index Funds
152990,Bandhan Nifty 500 Value 50 Index Fund Direct Plan - Growth,2024-10-30,2026-08-14,448,0.07579548601160702,0.17815904013748857,0.1657795264662717,-0.1825149793790365,Index,Bandhan Mutual Fund,Other Scheme - Index Funds
152177,Bandhan Nifty Alpha 50 Index Fund - Direct Plan - Growth,2023-11-10,2026-08-14,688,0.14975182759928884,0.22442558333336643,0.47520524199466463,-0.3183542261538743,Index,Bandhan Mutual Fund,Other Scheme - Index Funds
153213,Bandhan Nifty Alpha Low Volatility 30 Index Fund - Direct Plan - Growth,2025-01-24,2026-08-14,389,0.03858444655038995,0.1297050481315237,-0.10354398872782278,-0.1343611292505419,Index,Bandhan Mutual Fund,Other Scheme - Index Funds
152793,Bandhan Nifty Bank Index Fund - Direct Plan - Growth,2024-08-28,2026-08-14,493,0.06624371009626517,0.15676550902562883,0.10627560542728798,-0.1837575998871941,Index,Bandhan Mutual Fund,Other Scheme - Index Funds
152041,Bandhan Nifty IT Index Fund - Direct Plan - Growth,2023-09-01,2026-08-14,734,0.018900088312469476,0.22160711793605944,-0.07442047966911337,-0.42437405533285144,Index,Bandhan Mutual Fund,Other Scheme - Index Funds
152855,Bandhan Nifty Midcap 150 Index Fund-Direct Plan-Growth,2024-09-20,2026-08-14,475,0.026933668792945342,0.17288860798999173,-0.10548249747421633,-0.21047392254840713,Index,Bandhan Mutual Fund,Other Scheme - Index Funds
153350,Bandhan Nifty Next 50 Index Fund - Direct Plan - Growth,2025-03-03,2026-08-14,364,0.20119105154653139,0.1709150621004407,0.8129557361482417,-0.14449447071047128,Index,Bandhan Mutual Fund,Other Scheme - Index Funds
152716,Bandhan Nifty Total Market Index Fund - Direct Plan - Growth,2024-07-11,2026-08-14,525,0.018370519226875937,0.14368308906782556,-0.21835271654192695,-0.1894843313915373,Index,Bandhan Mutual Fund,Other Scheme - Index Funds
152102,Bandhan Retirement Fund - Direct Plan - Growth,2023-10-19,2026-08-14,703,0.11077042502521661,0.08388936429370462,0.5946955583225545,-0.09767683515178505,Retirement,Bandhan Mutual Fund,Solution Oriented Scheme - Retirement Fund
118407,Bandhan Short Duration Fund - Direct Plan - Growth,2013-01-03,2026-08-14,3295,0.07835616250325628,0.014532120862991422,1.284230824185448,-0.025474317445627004,Short Duration,Bandhan Mutual Fund,Debt Scheme - Short Duration Fund
154136,Bandhan Silver ETF FOF-Direct-Growth,2026-01-28,2026-08-14,139,-0.5127544627045312,0.6666160179353434,-0.8014340247420713,-0.45893202684342715,Fund of Funds,Bandhan Mutual Fund,Other Scheme - FoF Domestic
151548,Bandhan US Treasury Bond 0-1 year specific Debt Passive FOF - DIRECT PLAN - GROWTH,2023-03-29,2026-08-14,793,0.09030602693072698,0.03793301806206708,0.887803837434813,-0.03410018648539492,Fund of Funds,Bandhan Mutual Fund,Other Scheme - FoF Overseas
149098,Bandhan US specific Equity Active FOF - GROWTH - DIRECT PLAN,2021-08-23,2026-08-14,1125,0.15840247318450662,0.2126988434779142,0.5957502755703425,-0.27104532839963,Fund of Funds,Bandhan Mutual Fund,Other Scheme - FoF Overseas
118481,Bandhan Value Fund - Direct Plan - Growth,2013-01-02,2026-08-14,3360,0.16239927276154664,0.16110021055057613,0.6631355664614396,-0.5189508985067072,Value,Bandhan Mutual Fund,Equity Scheme - Value Fund
154093,Bank of India Banking & Financial Services Fund - Direct Plan - Growth,2026-02-02,2026-08-14,133,-0.026303073755678197,0.1901289278198714,-0.3628230058724983,-0.14299610894941628,Sectoral,Bank of India Mutual Fund,Equity Scheme - Sectoral/ Thematic
152789,Bank of India Business Cycle Fund - Direct Plan - Growth,2024-09-02,2026-08-14,482,-0.0005128121741563296,0.15860003451312274,-0.3023481893786837,-0.25214899713467054,Sectoral,Bank of India Mutual Fund,Equity Scheme - Sectoral/ Thematic
153139,Bank of India Consumption Fund - Direct - Growth,2024-12-23,2026-08-14,406,0.09511364731672267,0.13682617818562143,0.3074862365717244,-0.15156794425087106,Sectoral,Bank of India Mutual Fund,Equity Scheme - Sectoral/ Thematic
153728,Bank of India Mid Cap Fund - Direct Plan Growth,2025-08-25,2026-08-14,239,0.07037611409283628,0.14637091834241597,0.13989961744224297,-0.12487708947885934,Mid Cap,Bank of India Mutual Fund,Equity Scheme - Mid Cap Fund
153294,Bank of India Money Market Fund - Direct - Growth,2025-02-05,2026-08-14,368,0.07283731466896182,0.0053649413629292455,2.494133028183048,-0.0015845828333806988,Money Market,Bank of India Mutual Fund,Debt Scheme - Money Market Fund
152396,Bank of India Multi Asset Allocation Fund-Direct Plan-Growth,2024-03-01,2026-08-14,593,0.119144132910735,0.09022152674141479,0.6833268760122179,-0.09358750638957924,Multi Asset,Bank of India Mutual Fund,Hybrid Scheme - Multi Asset Allocation
151443,Bank of India Multi Cap Fund Direct Plan - Growth,2023-03-06,2026-08-14,846,0.2374762378362929,0.15279882198111217,1.1160508815660373,-0.20306716023268112,Multi Cap,Bank of India Mutual Fund,Equity Scheme - Multi Cap Fund
150260,Baroda BNP Paribas Aggressive Hybrid Fund- DIRECT PLAN - GROWTH OPTION,2022-03-14,2026-08-14,1089,0.13109063622261719,0.10076882672757716,0.7064958604902829,-0.12906948830166365,Aggressive Hybrid,Baroda BNP Paribas Mutual Fund,Hybrid Scheme - Aggressive Hybrid Fund
150285,Baroda BNP Paribas Aqua Fund of Fund - Direct Plan - Growth Option,2022-03-13,2026-08-14,1053,0.13575019203050265,0.16885909953476413,0.5275351676362297,-0.17734940230852825,Fund of Funds,Baroda BNP Paribas Mutual Fund,Other Scheme - FoF Overseas
145396,Baroda BNP Paribas Balanced Advantage Fund-Direct Plan-Growth Option,2018-11-20,2026-08-14,1907,0.14742928421195756,0.10923562900151199,0.7929314776053882,-0.2071611253196931,Balanced Advantage,Baroda BNP Paribas Mutual Fund,Hybrid Scheme - Dynamic Asset Allocation or Balanced Advantage
119333,Baroda BNP Paribas Banking and Financial Services Fund - Direct - Growth Option,2013-01-02,2026-08-14,3351,0.12006601056500887,0.21047360980345017,0.3725891939560121,-0.4278517452320979,Sectoral,Baroda BNP Paribas Mutual Fund,Equity Scheme - Sectoral/ Thematic
154195,Baroda BNP Paribas Best-in-Class Strategy Fund - Direct - Growth Option,2026-03-06,2026-08-14,110,0.18380470103196345,0.10474498794208925,1.1212969766128025,-0.046000114309664775,Sectoral,Baroda BNP Paribas Mutual Fund,Equity Scheme - Sectoral/ Thematic
153847,Baroda BNP Paribas Business Conglomerates Fund Direct Growth Option,2025-09-25,2026-08-14,217,0.04872149632959455,0.1494027811448467,0.0013561092450575512,-0.1469616720769975,Sectoral,Baroda BNP Paribas Mutual Fund,Equity Scheme - Sectoral/ Thematic
149141,Baroda BNP Paribas Business Cycle Fund - Direct Plan - Growth,2021-09-21,2026-08-14,1208,0.12166906577817138,0.1395458032699196,0.4811399797676368,-0.20269763746930058,Sectoral,Baroda BNP Paribas Mutual Fund,Equity Scheme - Sectoral/ Thematic
153171,Baroda BNP Paribas Children's Fund - Direct Plan - Growth Option,2024-12-31,2026-08-14,401,0.10089645849132611,0.13439911436189045,0.3498694577911869,-0.12626638083053843,Children,Baroda BNP Paribas Mutual Fund,Solution Oriented Scheme - Children’s Fund
133488,Baroda BNP Paribas Credit Risk Fund -Direct-Growth Option,2015-01-27,2026-08-14,2793,0.08741140921676216,0.02546131354211352,1.0864087865432224,-0.0809715290527786,Credit Risk,Baroda BNP Paribas Mutual Fund,Debt Scheme - Credit Risk Fund
152898,Baroda BNP Paribas Credit Risk fund -Direct - Growth option -Seg. Portfolio 2 (erstwhile BBNPP Medium Duration Fund Direct-Growth option Seg. Portfolio 1),2024-09-11,2026-08-14,467,,,,,Credit Risk,Baroda BNP Paribas Mutual Fund,Debt Scheme - Credit Risk Fund
150180,Baroda BNP Paribas Dynamic Bond Fund - Direct Plan - Growth Option,2022-03-14,2026-08-14,1071,0.06584138724778743,0.021426203998496544,0.3079641297938703,-0.025099886314558062,Dynamic Bond,Baroda BNP Paribas Mutual Fund,Debt Scheme - Dynamic Bond
153225,Baroda BNP Paribas Energy Opportunities Fund - Direct Plan - Growth Option,2025-02-12,2026-08-14,370,0.1260736340550057,0.14065433713863024,0.5087649080459505,-0.08105050702345495,Sectoral,Baroda BNP Paribas Mutual Fund,Equity Scheme - Sectoral/ Thematic
147496,Baroda BNP Paribas Equity Savings Fund - Direct Plan - Growth,2019-07-30,2026-08-14,1736,0.09469366175255178,0.05449378377863167,0.6246145786116697,-0.0842803030303031,Equity Savings,Baroda BNP Paribas Mutual Fund,Hybrid Scheme - Equity Savings
150387,Baroda BNP Paribas Flexi Cap Fund - Direct Plan - Growth Option,2022-08-22,2026-08-14,980,0.14869773285791532,0.1405799048108315,0.6539671545250321,-0.20395797561188556,Flexi Cap,Baroda BNP Paribas Mutual Fund,Equity Scheme - Flexi Cap Fund
119341,Baroda BNP Paribas GILT FUND - Direct Plan - Growth Option,2013-01-02,2026-08-14,3287,0.0759557585421935,0.0364562181189762,0.4690915301768055,-0.06723805622515266,Gilt,Baroda BNP Paribas Mutual Fund,Debt Scheme - Gilt Fund
153795,Baroda BNP Paribas Gold ETF Fund of Funds Direct Growth,2025-08-22,2026-08-14,240,0.5068646366019698,0.3554188780296389,1.2010140375368934,-0.260301357270618,Fund of Funds,Baroda BNP Paribas Mutual Fund,Other Scheme - FoF Domestic
153604,Baroda BNP Paribas Health and Wellness Fund Direct Growth,2025-07-01,2026-08-14,277,0.07948267194222036,0.11570743946257137,0.21505570334997023,-0.1110827650493057,Sectoral,Baroda BNP Paribas Mutual Fund,Equity Scheme - Sectoral/ Thematic
153536,Baroda BNP Paribas Income Plus Arbitrage Active FOF Direct Growth,2025-05-26,2026-08-14,299,0.06099502039525051,0.008315591596613598,0.12526107346158902,-0.002618765496022024,Fund of Funds,Baroda BNP Paribas Mutual Fund,Other Scheme - FoF Domestic
152470,Baroda BNP Paribas Innovation Fund Direct plan - Growth Option,2024-03-07,2026-08-14,600,0.1592300427510731,0.16015400650712644,0.6516011935520066,-0.22270123515722895,Sectoral,Baroda BNP Paribas Mutual Fund,Equity Scheme - Sectoral/ Thematic
119415,Baroda BNP Paribas LIQUID FUND - DIRECT PLAN - GROWTH OPTION,2013-01-01,2026-08-16,4053,0.06880813505881145,0.002410485849845239,-1.5023314799173297,-0.002107091140290618,Liquid,Baroda BNP Paribas Mutual Fund,Debt Scheme - Liquid Fund
148474,Baroda BNP Paribas Large and Mid Cap Fund- Direct Plan -Growth Option,2020-09-11,2026-08-14,1461,0.20760425807346583,0.1495553303300816,0.9636341301384759,-0.20611141753998896,Mid Cap,Baroda BNP Paribas Mutual Fund,Equity Scheme - Large & Mid Cap Fund
119354,Baroda BNP Paribas MULTI CAP FUND - Direct Plan - Growth Option,2013-01-02,2026-08-14,3351,0.15010265264742007,0.16192782500467448,0.595680566227158,-0.3425884460367219,Multi Cap,Baroda BNP Paribas Mutual Fund,Equity Scheme - Multi Cap Fund
152697,Baroda BNP Paribas Manufacturing Fund - Direct Plan - Growth Option,2024-07-03,2026-08-14,523,0.07487579140378897,0.14685577584027087,0.16667223116898672,-0.22037656503870784,Sectoral,Baroda BNP Paribas Mutual Fund,Equity Scheme - Sectoral/ Thematic
147377,Baroda BNP Paribas Money Market Fund- Direct Plan - Growth,2019-06-20,2026-08-14,1734,0.05876531655489736,0.003732362031433324,-0.16212075871966616,-0.0021470833795083077,Money Market,Baroda BNP Paribas Mutual Fund,Debt Scheme - Money Market Fund
153552,Baroda BNP Paribas Multi Asset Active FOF Direct Growth,2025-06-02,2026-08-14,294,0.125933395520895,0.08721446857743043,0.7586765851610549,-0.08314916187820898,Fund of Funds,Baroda BNP Paribas Mutual Fund,Other Scheme - FoF Domestic
150865,Baroda BNP Paribas Multi Asset Fund - Direct Plan - Growth Option,2022-12-26,2026-08-14,895,0.16487757417304838,0.10081097864792604,1.0061512828391617,-0.11946708342482204,Multi Asset,Baroda BNP Paribas Mutual Fund,Hybrid Scheme - Multi Asset Allocation
151574,Baroda BNP Paribas NIFTY SDL December 2028 Index Fund - Direct Plan - Growth Option,2023-03-27,2026-08-14,818,0.07871227980873763,0.016492752953231875,1.1661410170192363,-0.011801443750506957,Index,Baroda BNP Paribas Mutual Fund,Other Scheme - Index Funds
152329,Baroda BNP Paribas Nifty 50 Index Fund - Direct Plan - Growth option,2024-01-30,2026-08-14,627,0.06062794760068235,0.13564893247843351,0.06889635766209835,-0.1552369999178509,Index,Baroda BNP Paribas Mutual Fund,Other Scheme - Index Funds
153000,Baroda BNP Paribas Nifty Midcap 150 Index Fund - Direct Plan - Growth Option,2024-11-06,2026-08-14,437,0.05546701123173503,0.17362697632856233,0.05911473300245234,-0.1879530876380613,Index,Baroda BNP Paribas Mutual Fund,Other Scheme - Index Funds
151283,Baroda BNP Paribas Nifty SDL December 2026 Index Fund - Direct Plan - Growth Option,2023-01-30,2026-08-14,856,0.07384028513484697,0.008529875734937454,1.67898522974351,-0.0040599718694822595,Index,Baroda BNP Paribas Mutual Fund,Other Scheme - Index Funds
152931,Baroda BNP Paribas Nifty200 Momentum 30 Index Fund - Direct Plan - Growth Option,2024-10-16,2026-08-14,451,-0.10004389249677204,0.19032182230723235,-0.7865223587776934,-0.3037313207850547,Index,Baroda BNP Paribas Mutual Fund,Other Scheme - Index Funds
147196,Baroda BNP Paribas Overnight Fund - Direct Plan - Growth,2019-04-25,2026-08-16,2165,0.05136279142053768,0.0015259013459175518,-11.375425848571235,0.0,Overnight,Baroda BNP Paribas Mutual Fund,Debt Scheme - Overnight Fund
152628,Baroda BNP Paribas Retirement Fund - Direct plan - Growth option,2024-05-31,2026-08-14,545,0.09701489607461844,0.11448689210251901,0.3590885331118564,-0.12355412579545055,Retirement,Baroda BNP Paribas Mutual Fund,Solution Oriented Scheme - Retirement Fund
154490,Baroda BNP Paribas Services Fund - Direct Growth Option,2026-08-05,2026-08-14,8,-0.015671884898164623,0.01883304591572004,-3.921807931026161,-0.0030233788004271345,Thematic,Baroda BNP Paribas Mutual Fund,Equity Schemes - Thematic Fund
119400,Baroda BNP Paribas Short Duration Fund - Direct Plan - Growth Option,2013-01-09,2026-08-14,3283,0.07926484553535484,0.012116591307404077,1.6260496188931528,-0.020913876233025097,Short Duration,Baroda BNP Paribas Mutual Fund,Debt Scheme - Short Duration Fund
152128,Baroda BNP Paribas Small Cap Fund - Direct Plan - Growth option,2023-11-01,2026-08-14,686,0.14774500411763802,0.17187540923265354,0.5589094517254023,-0.24998301930365563,Small Cap,Baroda BNP Paribas Mutual Fund,Equity Scheme - Small Cap Fund
143508,Baroda BNP Paribas Ultra Short Duration Fund- Direct Plan- Growth,2018-06-04,2026-08-14,1985,0.06519715052117614,0.0052294578674531,1.10150194990904,-0.00998667785327767,Ultra Short Duration,Baroda BNP Paribas Mutual Fund,Debt Scheme - Ultra Short Duration Fund
151755,Baroda BNP Paribas Value Fund - Direct Plan - Growth option,2023-06-09,2026-08-14,783,0.12207955695162798,0.14427894723483148,0.47539478543579594,-0.1978036609877185,Value,Baroda BNP Paribas Mutual Fund,Equity Scheme - Value Fund
147857,Bharat Bond FOF - April 2030 - Direct Plan - Growth Option,2020-01-01,2026-08-14,1607,0.07408680975805781,0.038798565504639074,0.38587566584430905,-0.04803614943300649,Fund of Funds,Edelweiss Mutual Fund,Other Scheme - FoF Domestic
118309,CANARA ROBECO CONSERVATIVE HYBRID FUND - DIRECT PLAN - GROWTH OPTION,2013-01-02,2026-08-14,3287,0.09440146858596887,0.042689806489063814,0.8222263376166817,-0.10152466394417647,Conservative Hybrid,Canara Robeco Mutual Fund,Hybrid Scheme - Conservative Hybrid Fund
118273,CANARA ROBECO CONSUMPTION FUND - DIRECT PLAN - GROWTH OPTION,2013-01-02,2026-08-14,3351,0.1622133332272866,0.1611185087897342,0.6642787256428018,-0.3469595281675819,Sectoral,Canara Robeco Mutual Fund,Equity Scheme - Sectoral/ Thematic
126685,CANARA ROBECO CORPORATE BOND FUND - DIRECT PLAN - GROWTH OPTION,2014-02-10,2026-08-14,3018,0.074730825943921,0.012997467539567938,1.1834651079944831,-0.020124366073508537,Corporate Bond,Canara Robeco Mutual Fund,Debt Scheme - Corporate Bond Fund
118284,CANARA ROBECO DYNAMIC BOND FUND - DIRECT PLAN - GROWTH OPTION,2013-01-02,2026-08-14,3287,0.07452887925372953,0.03265436682912758,0.4772437872018128,-0.06175496447174511,Dynamic Bond,Canara Robeco Mutual Fund,Debt Scheme - Dynamic Bond
118285,CANARA ROBECO ELSS TAX SAVER - DIRECT PLAN - GROWTH OPTION,2013-01-02,2026-08-14,3351,0.15147636164089562,0.15476370458143796,0.623698651373946,-0.34272421814422327,ELSS,Canara Robeco Mutual Fund,Equity Scheme - ELSS
118272,CANARA ROBECO EQUITY HYBRID FUND - DIRECT PLAN - GROWTH OPTION,2013-01-02,2026-08-14,3351,0.13988271856005352,0.11723772926184443,0.6909855608232003,-0.25694629619753606,Aggressive Hybrid,Canara Robeco Mutual Fund,Hybrid Scheme - Aggressive Hybrid Fund
118275,CANARA ROBECO FLEXICAP FUND - DIRECT PLAN - GROWTH OPTION,2013-01-02,2026-08-14,3351,0.14260133126321062,0.15513555337949553,0.5714614666634578,-0.3323869013817907,Flexi Cap,Canara Robeco Mutual Fund,Equity Scheme - Flexi Cap Fund
118299,CANARA ROBECO GILT FUND - DIRECT PLAN - GROWTH OPTION,2013-01-02,2026-08-14,3287,0.07718067135235995,0.03874378365622916,0.4742817686237644,-0.07843900613545074,Gilt,Canara Robeco Mutual Fund,Debt Scheme - Gilt Fund
118282,CANARA ROBECO INCOME FUND - DIRECT PLAN - GROWTH OPTION,2013-01-02,2026-08-14,3287,0.07551581190815937,0.029565845043532008,0.5562839265455501,-0.05522072439508097,Long Duration,Canara Robeco Mutual Fund,Debt Scheme - Medium to Long Duration Fund
118267,CANARA ROBECO INFRASTRUCTURE FUND - DIRECT PLAN - GROWTH OPTION,2013-01-02,2026-08-14,3351,0.16956736705941533,0.17393554029307934,0.6651101377237921,-0.4406659582004959,Sectoral,Canara Robeco Mutual Fund,Equity Scheme - Sectoral/ Thematic
118278,CANARA ROBECO LARGE AND MID CAP FUND - DIRECT PLAN - GROWTH OPTION,2013-01-02,2026-08-14,3351,0.19155605193934133,0.16415486425090783,0.8109119255280991,-0.36199453792617386,Mid Cap,Canara Robeco Mutual Fund,Equity Scheme - Large & Mid Cap Fund
118269,CANARA ROBECO LARGE CAP FUND - DIRECT PLAN - GROWTH OPTION,2013-01-02,2026-08-14,3350,0.1414042845608281,0.15271649496352863,0.5712258321334165,-0.3256041802743306,Large Cap,Canara Robeco Mutual Fund,Equity Scheme - Large Cap Fund
118305,CANARA ROBECO LIQUID FUND - DIRECT PLAN - GROWTH OPTION,2013-01-01,2026-08-16,4190,0.06722145653691847,0.0017341208270218124,-3.854564430082898,-0.0017648347591091573,Liquid,Canara Robeco Mutual Fund,Debt Scheme - Liquid Fund
147531,CANARA ROBECO OVERNIGHT FUND - DIRECT PLAN - GROWTH OPTION,2019-07-24,2026-08-16,1880,0.050598905002289474,0.0018889338137020356,-7.005588515918923,0.0,Overnight,Canara Robeco Mutual Fund,Debt Scheme - Overnight Fund
118291,CANARA ROBECO SAVINGS FUND - DIRECT PLAN - GROWTH OPTION,2013-01-02,2026-08-14,3287,0.07250851840953243,0.007002499465954974,1.8723178011395614,-0.01449202245065262,Low Duration,Canara Robeco Mutual Fund,Debt Scheme - Low Duration Fund
118320,CANARA ROBECO SHORT DURATION FUND - DIRECT PLAN - GROWTH OPTION,2013-01-02,2026-08-14,3287,0.07178809998494673,0.012739630591134456,0.9784962614958768,-0.02152864391582876,Short Duration,Canara Robeco Mutual Fund,Debt Scheme - Short Duration Fund
146130,CANARA ROBECO SMALL CAP FUND - DIRECT PLAN - GROWTH OPTION,2019-02-19,2026-08-14,1843,0.22710178435636275,0.17641945917488686,0.9371014279775164,-0.3618361836183618,Small Cap,Canara Robeco Mutual Fund,Equity Scheme - Small Cap Fund
118317,CANARA ROBECO ULTRA SHORT TERM FUND - DIRECT PLAN - GROWTH OPTION,2013-01-02,2026-08-14,3287,0.06915425253795737,0.004558633048294137,2.1554453099507147,-0.0062749624493338985,Ultra Short Duration,Canara Robeco Mutual Fund,Debt Scheme - Ultra Short Duration Fund
153738,CAPITALMIND FLEXI CAP FUND DIRECT GROWTH,2025-08-06,2026-08-14,252,0.04532983495314391,0.11588349286273956,-0.06760582815586064,-0.09246910031618283,Flexi Cap,Capitalmind Mutual Fund,Equity Scheme - Flexi Cap Fund
152688,Canara Robeco Balanced Advantage Fund - Direct Plan - Growth Option,2024-08-06,2026-08-14,500,0.03408599454489947,0.0925529710495549,-0.23253947589070373,-0.11016144349477686,Balanced Advantage,Canara Robeco Mutual Fund,Hybrid Scheme - Dynamic Asset Allocation or Balanced Advantage
154250,Canara Robeco Banking and Financials Services Fund - Direct Plan - Growth,2026-03-23,2026-08-14,99,0.3462548411144599,0.15884691291288103,1.5992747177813664,-0.06406685236768794,Sectoral,Canara Robeco Mutual Fund,Equity Scheme - Sectoral/ Thematic
150505,Canara Robeco Banking and PSU Debt Fund- Direct Plan- Growth Option,2022-08-24,2026-08-14,963,0.066537403472815,0.008988083136571874,0.7882477089815169,-0.007353380166769452,Banking & PSU,Canara Robeco Mutual Fund,Debt Scheme - Banking and PSU Fund
148883,Canara Robeco Focused Fund - Direct Plan - Growth Option,2021-05-18,2026-08-14,1294,0.15656254397852698,0.1338823443334834,0.728828110557443,-0.1814701378254212,Focused,Canara Robeco Mutual Fund,Equity Scheme - Focused Fund
152450,Canara Robeco Manufacturing Fund - Direct Plan - Growth Option,2024-03-15,2026-08-14,595,0.17984346543095442,0.17325958497035987,0.718872931858264,-0.24237918215613385,Sectoral,Canara Robeco Mutual Fund,Equity Scheme - Sectoral/ Thematic
150817,Canara Robeco Mid Cap Fund- Direct Plan- Growth Option,2022-12-06,2026-08-14,909,0.1988610639605004,0.1501770500306627,0.9123170231887097,-0.212403951701427,Mid Cap,Canara Robeco Mutual Fund,Equity Scheme - Mid Cap Fund
153465,Canara Robeco Multi Asset Allocation Fund - Direct Plan - Growth,2025-06-03,2026-08-14,297,0.12949833188621995,0.10237975547639387,0.676873341453364,-0.10498687664041984,Multi Asset,Canara Robeco Mutual Fund,Hybrid Scheme - Multi Asset Allocation
151824,Canara Robeco Multi Cap Fund - Direct Plan - Growth Option,2023-08-02,2026-08-14,746,0.16396320194277836,0.14001825424268466,0.7546836676318317,-0.18324607329842924,Multi Cap,Canara Robeco Mutual Fund,Equity Scheme - Multi Cap Fund
149085,Canara Robeco Value Fund - Direct Plan - Growth Option,2021-09-06,2026-08-14,1217,0.1478250483202821,0.13955439966675906,0.6510119051538626,-0.18966357874207707,Value,Canara Robeco Mutual Fund,Equity Scheme - Value Fund
154236,Capitalmind Arbitrage Fund-Direct-Growth,2026-03-20,2026-08-14,100,0.060833647121118606,0.014115277675090913,0.0428619631125635,-0.0037675233644860473,Arbitrage,Capitalmind Mutual Fund,Hybrid Scheme - Arbitrage Fund
154011,Capitalmind Liquid Fund - Direct-Growth,2025-12-01,2026-08-16,212,0.06626394832696847,0.002197167210966336,-2.6690178674132907,-6.459879297304738e-05,Liquid,Capitalmind Mutual Fund,Debt Scheme - Liquid Fund
154232,Capitalmind Multi Asset Allocation Fund-Direct-Growth,2026-03-20,2026-08-14,100,0.023667663773059733,0.06870069747716494,-0.49048062940128917,-0.05503334914473246,Multi Asset,Capitalmind Mutual Fund,Hybrid Scheme - Multi Asset Allocation
154301,Choice Nifty 50 Index Fund - Direct Plan Growth,2026-04-09,2026-08-14,88,0.09200788371957835,0.1215931323138324,0.29582530403051843,-0.0570582783210698,Index,Choice Mutual Fund,Other Scheme - Index Funds
154304,Choice Nifty Next 50 Index Fund - Direct Plan Growth,2026-04-09,2026-08-14,88,0.4004112127389332,0.154538640705839,1.8843095177089892,-0.049865506117014124,Index,Choice Mutual Fund,Other Scheme - Index Funds
154413,Choice Overnight Fund - Growth Option - Direct Plan,2026-07-06,2026-08-16,35,0.05124246548817957,0.0010570892651882453,-17.42469681445047,0.0,Overnight,Choice Mutual Fund,Income/Debt Oriented Schemes - Overnight Fund
131301,DSP 10Y G-Sec Fund - Direct Plan - Growth,2014-09-29,2026-08-14,2878,0.0736812876541606,0.04000246577575426,0.3687764374333077,-0.05503363105083259,Gilt,DSP Mutual Fund,Debt Scheme - Gilt Fund with 10 year constant duration
119019,DSP Aggressive Hybrid Fund - Direct Plan - Growth,2013-01-02,2026-08-14,3354,0.13260065552027545,0.11999866565396772,0.6222300393983128,-0.2881157662146353,Aggressive Hybrid,DSP Mutual Fund,Hybrid Scheme - Aggressive Hybrid Fund
142283,DSP Arbitrage Fund - Direct - Growth,2018-01-29,2026-08-14,2104,0.06225491151131335,0.010376196047735264,0.17926794687080883,-0.005981276005547764,Arbitrage,DSP Mutual Fund,Hybrid Scheme - Arbitrage Fund
153219,DSP BSE SENSEX Next 30 Index Fund - Direct - Growth,2025-01-30,2026-08-14,379,0.1586155700962606,0.15278121740217276,0.6706088290486307,-0.11452599514944828,Index,DSP Mutual Fund,Other Scheme - Index Funds
152206,DSP Banking & Financial Services Fund - Direct - Growth,2023-12-11,2026-08-14,660,0.1801549888178986,0.16841897055880237,0.7344235641980044,-0.14687294272547724,Sectoral,DSP Mutual Fund,Equity Scheme - Sectoral/ Thematic
124175,DSP Banking & PSU Debt Fund - Direct Plan - Growth,2013-09-16,2026-08-14,3126,0.07818907987113533,0.015872701090605547,1.1658727471013344,-0.030502619283590438,Banking & PSU,DSP Mutual Fund,Debt Scheme - Banking and PSU Fund
118924,DSP Bond Fund - Direct Plan - Growth,2013-01-02,2026-08-14,3296,0.07047305871085818,0.028329719062750863,0.3993524747641631,-0.054306933987132155,Medium Duration,DSP Mutual Fund,Debt Scheme - Medium Duration Fund
153121,DSP Business Cycle Fund - Direct - Growth,2024-12-18,2026-08-14,409,0.0438222982260319,0.14014043385533942,-0.045592693930709416,-0.14769352603444874,Sectoral,DSP Mutual Fund,Equity Scheme - Sectoral/ Thematic
151329,DSP CRISIL-IBX 50:50 Gilt Plus SDL - April 2033 Index Fund - Direct - Growth,2023-01-27,2026-08-14,860,0.08166679557794687,0.019822604718908475,1.1029209649461724,-0.018383155138555485,Index,DSP Mutual Fund,Other Scheme - Index Funds
144646,DSP Corporate Bond Fund - Direct - Growth,2018-09-11,2026-08-14,1924,0.07229064188952927,0.016314662611425276,0.7731978856967109,-0.03176808024987987,Corporate Bond,DSP Mutual Fund,Debt Scheme - Corporate Bond Fund
119082,DSP Credit Risk Fund - Direct Plan - Growth,2013-01-02,2026-08-14,3296,0.09253298151452438,0.04477339585773073,0.7397719260108623,-0.059793492072996335,Credit Risk,DSP Mutual Fund,Debt Scheme - Credit Risk Fund
126393,DSP Dynamic Asset Allocation Fund - Direct Plan - Growth,2014-02-07,2026-08-14,3058,0.10167193151803233,0.06961120220514706,0.608305196635938,-0.19299825519221026,Balanced Advantage,DSP Mutual Fund,Hybrid Scheme - Dynamic Asset Allocation or Balanced Advantage
119242,DSP ELSS Tax Saver Fund - Direct Plan - Growth,2013-01-02,2026-08-14,3353,0.16690419475124374,0.15873805595631765,0.6974347679099824,-0.3716374425795843,ELSS,DSP Mutual Fund,Equity Scheme - ELSS
136567,DSP Equity Savings Fund - Direct Plan - Growth,2016-03-30,2026-08-14,2560,0.09301094244102637,0.05685966158284688,0.5714634505625975,-0.18892277143465008,Equity Savings,DSP Mutual Fund,Hybrid Scheme - Equity Savings
119076,DSP Flexi Cap Fund - Direct Plan - Growth,2013-01-02,2026-08-14,3353,0.14731562605666038,0.16395103778233833,0.5746978319783627,-0.3571428571428571,Flexi Cap,DSP Mutual Fund,Equity Scheme - Flexi Cap Fund
148771,DSP Floater Fund - Direct Plan - Growth,2021-03-22,2026-08-14,1310,0.06837836961137711,0.01057484632186261,0.8300358182739186,-0.004998333888703743,Floating Rate,DSP Mutual Fund,Debt Scheme - Floater Fund
119096,DSP Focused Fund - Direct Plan - Growth,2013-01-02,2026-08-14,3353,0.13434418918023905,0.16462546905257802,0.5023439179989727,-0.392961664920331,Focused,DSP Mutual Fund,Equity Scheme - Focused Fund
119099,DSP Gilt Fund - Direct Plan - Growth,2013-01-02,2026-08-14,3296,0.08009116773925551,0.039040255149007864,0.5375398778193394,-0.07590663104872486,Gilt,DSP Mutual Fund,Debt Scheme - Gilt Fund
119275,DSP Global Clean Energy Overseas Equity Omni FoF Direct Plan - Growth,2013-01-04,2026-08-14,3196,0.07674564663836181,0.21397460817795672,0.19742477129059724,-0.49729774148077444,Fund of Funds,DSP Mutual Fund,Other Scheme - FoF Overseas
149816,DSP Global Innovation Overseas Equity Omni FoF - Direct - Growth,2022-02-15,2026-08-14,1011,0.20675824317767577,0.2079468617434267,0.8289909130207409,-0.2761084523387074,Fund of Funds,DSP Mutual Fund,Other Scheme - FoF Overseas
152183,DSP Gold ETF Fund of Fund - Direct - Growth,2023-11-20,2026-08-14,674,0.37627609624121416,0.22392325566728158,1.3048082964420247,-0.2522471189869091,Fund of Funds,DSP Mutual Fund,Other Scheme - FoF Domestic
145454,DSP Healthcare Fund - Direct Plan - Growth,2018-12-03,2026-08-14,1874,0.23477038113191595,0.144192980995844,1.1711314771723993,-0.21740501340059903,Sectoral,DSP Mutual Fund,Equity Scheme - Sectoral/ Thematic
130493,DSP Income Plus Arbitrage Omni FoF - Direct Plan - Growth,2014-08-25,2026-08-14,2823,0.07521703484700759,0.08932072903262274,0.24087947257708395,-0.17006234060640402,Fund of Funds,DSP Mutual Fund,Other Scheme - FoF Domestic
119247,DSP India T.I.G.E.R. Fund - Direct Plan - Growth,2013-01-02,2026-08-14,3353,0.17005560637093176,0.1822437052217536,0.6448465768008315,-0.4693460615277497,Sectoral,DSP Mutual Fund,Equity Scheme - Sectoral/ Thematic
119218,DSP Large & Mid Cap Fund - Direct Plan - Growth,2013-01-02,2026-08-14,3353,0.16124253856212345,0.1595393760153247,0.6635066869469224,-0.3675292823074031,Mid Cap,DSP Mutual Fund,Equity Scheme - Large & Mid Cap Fund
119250,DSP Large Cap Fund - Direct Plan - Growth,2013-01-02,2026-08-14,3353,0.11673699475794885,0.16548295768087248,0.4037088324241245,-0.40333893278583133,Large Cap,DSP Mutual Fund,Equity Scheme - Large Cap Fund
119125,DSP Liquidity Fund - Direct Plan - Growth,2013-01-01,2026-08-16,4269,0.06833757218509762,0.0019888357241676416,-3.4341387153782783,-0.0020584970234349687,Liquid,DSP Mutual Fund,Debt Scheme - Liquid Fund
133925,DSP Low Duration Fund - Direct Plan - Growth,2015-03-11,2026-08-14,2774,0.07114059927474692,0.009414683343849695,1.2135680975166907,-0.014737159773517639,Low Duration,DSP Mutual Fund,Debt Scheme - Low Duration Fund
119071,DSP Midcap Fund - Direct Plan - Growth,2013-01-02,2026-08-14,3353,0.17131499639254644,0.1615801988339305,0.7119240549902539,-0.3271558535200897,Mid Cap,DSP Mutual Fund,Equity Scheme - Mid Cap Fund
152056,DSP Multi Asset Allocation Fund - Direct - Growth,2023-09-29,2026-08-14,659,0.2039766617299945,0.08871657311911157,1.6726886341677811,-0.09708931185944358,Multi Asset,DSP Mutual Fund,Hybrid Scheme - Multi Asset Allocation
154167,DSP Multi Asset Omni Fund of Funds - Direct - Growth,2026-02-26,2026-08-14,113,0.05106243967599711,0.1037133489727193,-0.02708138094526658,-0.06561446888272937,Fund of Funds,DSP Mutual Fund,Other Scheme - FoF Domestic
152310,DSP Multicap Fund - Direct - Growth,2024-01-31,2026-08-14,626,0.10415457498070291,0.14825335845569612,0.35280721925580055,-0.21267002903866727,Multi Cap,DSP Mutual Fund,Equity Scheme - Multi Cap Fund
119028,DSP Natural Resources and New Energy Fund - Direct Plan - Growth,2013-01-04,2026-08-14,3256,0.17533880357668208,0.19802228848569325,0.6562478287195995,-0.4802803212440534,Sectoral,DSP Mutual Fund,Equity Scheme - Sectoral/ Thematic
141877,DSP Nifty 50 Equal Weight Index Fund - Direct Plan - Growth,2017-10-23,2026-08-14,2172,0.12365300847390892,0.1680102347167285,0.437104068365638,-0.40949420313134843,Index,DSP Mutual Fund,Other Scheme - Index Funds
146376,DSP Nifty 50 Index Fund - Direct Plan - Growth,2019-02-22,2026-08-14,1840,0.12477595744274117,0.17292932393203164,0.43678270666198266,-0.3778105482303956,Index,DSP Mutual Fund,Other Scheme - Index Funds
154088,DSP Nifty 500 Index Fund - Direct - Growth,2026-01-05,2026-08-14,151,-0.023613429928840968,0.1655902700939258,-0.42672372553774907,-0.14571099884959737,Index,DSP Mutual Fund,Other Scheme - Index Funds
152654,DSP Nifty Bank Index Fund - Direct - Growth,2024-05-31,2026-08-14,545,0.0810095272438367,0.1685891110547345,0.2003353554465467,-0.18343977271827983,Index,DSP Mutual Fund,Other Scheme - Index Funds
153594,DSP Nifty Healthcare Index Fund - Direct- Growth,2025-06-20,2026-08-14,284,0.15055666023810033,0.13542026050827818,0.6850801115046034,-0.0842781769196228,Index,DSP Mutual Fund,Other Scheme - Index Funds
153590,DSP Nifty IT Index Fund - Direct - Growth,2025-06-20,2026-08-14,284,-0.15594062486436178,0.24086345510901233,-0.8490340614702584,-0.3401933850199935,Index,DSP Mutual Fund,Other Scheme - Index Funds
154014,DSP Nifty Midcap 150 Index Fund - Direct - Growth,2025-12-11,2026-08-14,167,0.10638214285941094,0.1802058252763998,0.33043029631467735,-0.13996859430432496,Index,DSP Mutual Fund,Other Scheme - Index Funds
150428,DSP Nifty Midcap 150 Quality 50 Index Fund - Direct - Growth,2022-08-04,2026-08-14,990,0.1095036165339589,0.1434112687446405,0.3971587964847267,-0.21410412081657437,Index,DSP Mutual Fund,Other Scheme - Index Funds
146381,DSP Nifty Next 50 Index Fund - Direct Plan - Growth,2019-02-22,2026-08-14,1840,0.15491155611378393,0.18938699660517558,0.5578950371220217,-0.3601577734444248,Index,DSP Mutual Fund,Other Scheme - Index Funds
153348,DSP Nifty Private Bank Index Fund - Direct - Growth,2025-03-06,2026-08-14,355,0.08430859789531309,0.16209330507103953,0.2225020869851437,-0.17311092577147624,Index,DSP Mutual Fund,Other Scheme - Index Funds
149970,DSP Nifty SDL Plus G-Sec Jun 2028 30:70 Index Fund - Direct - Growth,2022-03-22,2026-08-14,1070,0.06797996528214911,0.015784086228276588,0.5261475476043787,-0.02717282916517083,Index,DSP Mutual Fund,Other Scheme - Index Funds
151373,DSP Nifty SDL Plus G-Sec Sep 2027 50:50 Index Fund - Direct - Growth,2023-02-15,2026-08-14,847,0.0763708132301344,0.00933048716588682,1.7833234236180093,-0.0034308913646371453,Index,DSP Mutual Fund,Other Scheme - Index Funds
154018,DSP Nifty Smallcap 250 Index Fund - Direct - Growth,2025-12-11,2026-08-14,167,0.19095275400266964,0.19134337843512464,0.7156754722938448,-0.15502077896974964,Index,DSP Mutual Fund,Other Scheme - Index Funds
152243,DSP Nifty Smallcap250 Quality 50 Index Fund - Direct - Growth,2023-12-26,2026-08-14,650,0.05033886624023021,0.1964744829784869,0.04880372415061815,-0.3071062865253569,Index,DSP Mutual Fund,Other Scheme - Index Funds
152814,DSP Nifty Top 10 Equal Weight Index Fund - Direct - Growth,2024-09-06,2026-08-14,478,-0.04152214308579594,0.13619175578342418,-0.6910660029556254,-0.18856197970122013,Index,DSP Mutual Fund,Other Scheme - Index Funds
153801,DSP Nifty500 Flexicap Quality 30 Index Fund - Direct - Growth,2025-08-29,2026-08-14,236,-0.00224442624898602,0.14579366468837074,-0.354629990776148,-0.18006096060279042,Index,DSP Mutual Fund,Other Scheme - Index Funds
146062,DSP Overnight Fund - Direct Plan - Growth,2019-01-09,2026-08-16,2341,0.05205260622397634,0.0012407768960956,-14.880209901517656,0.0,Overnight,DSP Mutual Fund,Debt Scheme - Overnight Fund
147306,DSP Quant Fund - Direct Plan - Growth,2019-06-11,2026-08-14,1770,0.12216245164569584,0.1629430996595583,0.4372015561691504,-0.3265503026050346,Sectoral,DSP Mutual Fund,Equity Scheme - Sectoral/ Thematic
118994,DSP Regular Savings Fund - Direct Plan - Growth,2013-01-03,2026-08-14,3290,0.08460186983780793,0.04366226996539785,0.5876048103997287,-0.12028890510407264,Conservative Hybrid,DSP Mutual Fund,Hybrid Scheme - Conservative Hybrid Fund
119106,DSP Savings Fund - Direct Plan - Growth,2013-01-02,2026-08-14,3296,0.07012729256278138,0.008134477617982704,1.3037093879351858,-0.016830558807716,Money Market,DSP Mutual Fund,Debt Scheme - Money Market Fund
119226,DSP Short Term Fund - Direct Plan - Growth,2013-01-02,2026-08-14,3296,0.07751957942486554,0.013567414780180812,1.3144047967279744,-0.027516623991255984,Short Duration,DSP Mutual Fund,Debt Scheme - Short Duration Fund
153487,DSP Silver ETF Fund of Fund - Direct - Growth,2025-05-15,2026-08-14,310,1.0195941824967543,0.5424086093789534,1.4919049452681306,-0.4542191957301923,Fund of Funds,DSP Mutual Fund,Other Scheme - FoF Domestic
119212,DSP Small Cap Fund - Direct Plan - Growth,2013-01-02,2026-08-14,3353,0.21627779245503342,0.16551120986487908,0.9320544899812854,-0.490585208154648,Small Cap,DSP Mutual Fund,Equity Scheme - Small Cap Fund
119239,DSP Strategic Bond Fund - Direct Plan - Growth,2013-01-02,2026-08-14,3296,0.07838649622901661,0.03449007672388965,0.5559543249497698,-0.045006058776173696,Dynamic Bond,DSP Mutual Fund,Debt Scheme - Dynamic Bond
152528,DSP US Specific Debt Passive FoF - Direct - Growth,2024-03-19,2026-08-14,568,0.09863290191268503,0.06402185905413288,0.6648722810940354,-0.040646121697965,Fund of Funds,DSP Mutual Fund,Other Scheme - FoF Overseas
119252,DSP US Specific Equity Omni FoF - Direct Plan - Growth,2013-01-04,2026-08-14,3113,0.18357073824256975,0.16754896130719213,0.8343666333523935,-0.2806063296254828,Fund of Funds,DSP Mutual Fund,Other Scheme - FoF Overseas
119205,DSP Ultra Short Fund - Direct Plan - Growth,2013-01-02,2026-08-14,3296,0.07134763639395003,0.005882998322372131,2.0017529352096464,-0.010707993891201362,Ultra Short Duration,DSP Mutual Fund,Debt Scheme - Ultra Short Duration Fund
148595,DSP Value Fund - Direct Plan - Growth,2020-12-11,2026-08-14,1317,0.17569638024071965,0.10793873636053262,1.1277451133122984,-0.16451378809869377,Value,DSP Mutual Fund,Equity Scheme - Value Fund
119277,DSP World Gold Mining Overseas Equity Omni FoF - Direct Plan - Growth,2013-01-03,2026-08-14,3179,0.09592079177957813,0.3293200293890387,0.28225845605247063,-0.5715766497016497,Fund of Funds,DSP Mutual Fund,Other Scheme - FoF Overseas
119279,DSP World Mining Overseas Equity Omni FoF - Direct Plan - Growth,2013-01-04,2026-08-14,3196,0.0929121455648223,0.2668393217242812,0.2659513732861624,-0.6220784524848237,Fund of Funds,DSP Mutual Fund,Other Scheme - FoF Overseas
140256,Edelweiss ASEAN Equity Off-shore Fund - Direct Plan - Growth Option,2016-11-28,2026-08-14,2319,0.10258024215557082,0.14203459619326111,0.37479483897352717,-0.3607621977270785,Fund of Funds,Edelweiss Mutual Fund,Other Scheme - FoF Overseas
118624,Edelweiss Aggressive Hybrid Fund-Direct Plan-Growth Option,2013-01-08,2026-08-14,3349,0.1403635293941068,0.1256950829048621,0.6555459777289058,-0.28601108033240996,Aggressive Hybrid,Edelweiss Mutual Fund,Hybrid Scheme - Aggressive Hybrid Fund
130206,Edelweiss Arbitrage Fund- Direct Plan- Growth Option,2014-06-30,2026-08-14,2984,0.06846650054580694,0.009834059777529679,0.80143767578908,-0.005272865923207859,Arbitrage,Edelweiss Mutual Fund,Hybrid Scheme - Arbitrage Fund
153497,Edelweiss BSE Internet Economy Index Fund - Direct Plan - Growth,2025-05-16,2026-08-14,309,0.12267805675867494,0.17956130979983326,0.4122641079582901,-0.21377990430622007,Index,Edelweiss Mutual Fund,Other Scheme - Index Funds
118615,Edelweiss Balanced Advantage Fund -Direct Plan-Growth Option,2013-01-22,2026-08-14,3338,0.12368707557689018,0.0897136995984225,0.7073052059076351,-0.16226274655749906,Balanced Advantage,Edelweiss Mutual Fund,Hybrid Scheme - Dynamic Asset Allocation or Balanced Advantage
140286,Edelweiss Banking and PSU Debt Fund - Direct Plan - Growth Option,2016-11-28,2026-08-14,2354,0.07476052056532456,0.026511792514663766,0.5780397447826334,-0.04294946793693244,Banking & PSU,Edelweiss Mutual Fund,Debt Scheme - Banking and PSU Fund
152710,Edelweiss Business Cycle Fund - Direct Plan - Growth,2024-07-31,2026-08-14,504,-0.03243414317556059,0.1699708443273909,-0.46592578319028877,-0.26388135986989847,Sectoral,Edelweiss Mutual Fund,Equity Scheme - Sectoral/ Thematic
150671,Edelweiss CRISIL IBX 50:50 Gilt Plus SDL April 2037 Index Fund - Direct Plan - Growth,2022-10-13,2026-08-14,930,0.08331005190524299,0.02557682322361109,0.9227379993278284,-0.028526643382716488,Index,Edelweiss Mutual Fund,Other Scheme - Index Funds
150727,Edelweiss CRISIL IBX 50:50 Gilt Plus SDL June 2027 Index Fund - Direct Plan - Growth,2022-10-20,2026-08-14,925,0.0756210627778966,0.00937891226566029,1.6988879943810546,-0.004405114990032488,Index,Edelweiss Mutual Fund,Other Scheme - Index Funds
150807,Edelweiss CRISIL IBX 50:50 Gilt Plus SDL Sep 2028 Index Fund - Direct Plan - Growth,2022-11-14,2026-08-14,911,0.07732499716824437,0.012122327229122841,1.434721558631624,-0.008188276540779804,Index,Edelweiss Mutual Fund,Other Scheme - Index Funds
151365,Edelweiss CRISIL IBX 50:50 Gilt Plus SDL Short Duration Index fund - Direct Plan - Growth,2023-02-16,2026-08-14,844,0.07581156311675152,0.010036872109270612,1.6256053356849107,-0.008553038349953135,Index,Edelweiss Mutual Fund,Other Scheme - Index Funds
153335,Edelweiss CRISIL IBX AAA Bond NBFC HFC Jun 2027 Index Fund - Direct Plan - Growth Option,2025-02-20,2026-08-14,358,0.07856167898595445,0.008112917276179084,2.338401675153256,-0.002446081250056964,Index,Edelweiss Mutual Fund,Other Scheme - Index Funds
153115,Edelweiss CRISIL IBX AAA Financial Services - Jan 2028 Index Fund - Direct - Growth,2024-11-29,2026-08-14,415,0.076981449131585,0.009342858680841538,1.8252942493373956,-0.004763616753550193,Index,Edelweiss Mutual Fund,Other Scheme - Index Funds
149950,Edelweiss CRISIL PSU Plus SDL 50:50 Oct 2025 Index Fund - Direct Plan Growth,2022-03-11,2025-10-31,882,0.06050048450766843,0.010435662072292481,0.11925052906985849,-0.026997162908765193,Index,Edelweiss Mutual Fund,Other Scheme - Index Funds
153214,Edelweiss Consumption Fund - Direct - Growth,2025-02-24,2026-08-14,362,0.11038470687787338,0.1361130760898054,0.4153190318822672,-0.16518034170006324,Sectoral,Edelweiss Mutual Fund,Equity Scheme - Sectoral/ Thematic
118620,Edelweiss ELSS Tax Saver Fund - Direct Plan-Growth Option,2013-01-24,2026-08-14,3337,0.14890736043849695,0.15656957065656246,0.6035902222120051,-0.3679764965112009,ELSS,Edelweiss Mutual Fund,Equity Scheme - ELSS
140327,Edelweiss Emerging Markets Opportunities Equity Offshore Fund - Direct Plan - Growth Option,2016-11-28,2026-08-14,2316,0.12788394083612054,0.17789709325844882,0.4669174960359163,-0.3879857509766682,Fund of Funds,Edelweiss Mutual Fund,Other Scheme - FoF Overseas
140347,Edelweiss Equity Savings Fund - Direct Plan - Growth Option,2016-11-28,2026-08-14,2396,0.10658108143303169,0.04777408719782204,0.933922396597504,-0.09497305357890329,Equity Savings,Edelweiss Mutual Fund,Hybrid Scheme - Equity Savings
140296,Edelweiss Europe Dynamic Equity Offshore Fund - Growth Option - Direct Plan,2016-11-28,2026-08-14,2354,0.14190332747870804,0.16904280758338483,0.5462727418117754,-0.35716898459814306,Fund of Funds,Edelweiss Mutual Fund,Other Scheme - FoF Overseas
154108,Edelweiss Financial Services Fund - Direct Plan - Growth Option,2026-02-18,2026-08-14,121,-0.09074012282431787,0.21122260054163877,-0.6377259414521109,-0.15821138534241408,Sectoral,Edelweiss Mutual Fund,Equity Scheme - Sectoral/ Thematic
140353,Edelweiss Flexi Cap Fund - Direct Plan - Growth Option,2016-11-28,2026-08-14,2397,0.16966584008575025,0.15895824257333044,0.7097846257494917,-0.36102178265881923,Flexi Cap,Edelweiss Mutual Fund,Equity Scheme - Flexi Cap Fund
150376,Edelweiss Focused Fund - Direct Plan - Growth,2022-08-03,2026-08-14,992,0.15883636124028544,0.13873408373397986,0.7262746436128292,-0.17146170412502082,Focused,Edelweiss Mutual Fund,Equity Scheme - Focused Fund
154208,Edelweiss Gold ETF Fund of Fund Direct Plan Growth Option,2026-03-06,2026-08-14,110,-0.09621014786835225,0.25901055371521753,-0.5002159016754718,-0.15962796134506274,Fund of Funds,Edelweiss Mutual Fund,Other Scheme - FoF Domestic
150581,Edelweiss Gold and Silver ETF FOF - Direct Plan - Growth,2022-09-16,2026-08-14,963,0.37752757492399613,0.2572359328493476,1.1731427737751312,-0.3423376623376624,Fund of Funds,Edelweiss Mutual Fund,Other Scheme - FoF Domestic
140298,Edelweiss Government Securities Fund - Direct Plan - Growth Option,2016-11-28,2026-08-14,2354,0.07165687005400789,0.030890224586724756,0.40282662585719875,-0.03286037162530597,Gilt,Edelweiss Mutual Fund,Debt Scheme - Gilt Fund
140243,Edelweiss Greater China Equity Off-shore Fund - Direct Plan - Growth Option,2016-11-28,2026-08-14,2246,0.13859388425508135,0.2247555233509583,0.4749664342591511,-0.543847210528648,Fund of Funds,Edelweiss Mutual Fund,Other Scheme - FoF Overseas
153712,Edelweiss Income Plus Arbitrage Active Fund of Funds - Direct Plan Growth,2025-07-21,2026-08-14,259,0.056175488911582194,0.007117365077677917,-0.4375001744344952,-0.001734518920212036,Fund of Funds,Edelweiss Mutual Fund,Other Scheme - FoF Domestic
140175,Edelweiss Large & Mid Cap Fund - Direct Plan - Growth Option,2016-11-28,2026-08-14,2397,0.17246541003025828,0.1575647496879361,0.7300620638631233,-0.34919320367599915,Mid Cap,Edelweiss Mutual Fund,Equity Scheme - Large & Mid Cap Fund
118617,Edelweiss Large Cap Fund - Direct Plan-Growth option,2013-01-08,2026-08-14,3348,0.14110961418138102,0.15129718174128476,0.5729294971428006,-0.3514634146341463,Large Cap,Edelweiss Mutual Fund,Equity Scheme - Large Cap Fund
140196,Edelweiss Liquid Fund - Direct Plan - Growth Option,2016-11-27,2026-08-16,3056,0.7052980336513377,28.443712265599082,0.2867819405875182,-0.001547622012916694,Liquid,Edelweiss Mutual Fund,Debt Scheme - Liquid Fund
153416,Edelweiss Low Duration Fund - Direct Plan Growth,2025-03-21,2026-08-14,339,0.07096561132878199,0.005853320438152172,1.97169900674329,-0.001958558386199738,Low Duration,Edelweiss Mutual Fund,Debt Scheme - Low Duration Fund
148555,Edelweiss MSCI India Domestic & World Healthcare 45 Index Fund Direct Plan - Growth,2020-11-02,2026-08-14,1376,0.16893039501642382,0.11977461574931625,0.939764242117621,-0.16309152809687377,Index,Edelweiss Mutual Fund,Other Scheme - Index Funds
140228,Edelweiss Mid Cap Fund - Direct Plan - Growth Option,2016-11-28,2026-08-14,2397,0.20651181020523346,0.1720699018042422,0.8525583192186323,-0.39205458680818805,Mid Cap,Edelweiss Mutual Fund,Equity Scheme - Mid Cap Fund
140237,Edelweiss Money Market Fund - Direct Plan - Growth Option,2016-11-28,2026-08-14,2354,0.06606561797629684,0.017702446790686412,0.37751292646529555,-0.021702450752942193,Money Market,Edelweiss Mutual Fund,Debt Scheme - Money Market Fund
151792,Edelweiss Multi Asset Allocation Fund - Direct Plan - Growth,2023-06-26,2026-08-14,760,0.07683870895516653,0.019421781205697302,0.8882394113775397,-0.017720891824937968,Multi Asset,Edelweiss Mutual Fund,Hybrid Scheme - Multi Asset Allocation
153776,Edelweiss Multi Asset Omni Fund of Fund- Direct Plan - Growth,2025-09-09,2026-08-14,229,0.18143202510392897,0.15137862653056366,0.8095521068300211,-0.14619418006510776,Fund of Funds,Edelweiss Mutual Fund,Other Scheme - FoF Domestic
152094,Edelweiss Multi Cap Fund - Direct Plan - Growth,2023-10-30,2026-08-14,689,0.19780471137084987,0.15397517733084753,0.885824245778568,-0.2018872334928582,Multi Cap,Edelweiss Mutual Fund,Equity Scheme - Multi Cap Fund
149343,Edelweiss NIFTY Large Midcap 250 Index Fund - Direct Plan Growth,2021-12-03,2026-08-14,1159,0.13078371320569393,0.14952614912101994,0.5138931190459795,-0.1886888760336204,Index,Edelweiss Mutual Fund,Other Scheme - Index Funds
148795,Edelweiss NIFTY PSU Bond Plus SDL Apr 2026 50:50 Index Fund - Direct Plan - Growth,2021-03-22,2026-04-30,1234,0.06329126210156932,0.012278477340915273,0.336133048045744,-0.03082475281599084,Index,Edelweiss Mutual Fund,Other Scheme - Index Funds
149247,Edelweiss NIFTY PSU Bond Plus SDL Apr 2027 50:50 Index Fund - Direct Plan Growth,2021-10-18,2026-08-14,1170,0.06197258531481631,0.014230946598093512,0.1828659632405989,-0.03504595065937721,Index,Edelweiss Mutual Fund,Other Scheme - Index Funds
149254,Edelweiss Nifty 100 Quality 30 Index Fund Direct Plan Growth,2021-10-07,2026-08-14,1196,0.08680184425945159,0.13009396141444896,0.2585917571265767,-0.2103159204439763,Index,Edelweiss Mutual Fund,Other Scheme - Index Funds
149250,Edelweiss Nifty 50 Index Fund Direct Plan Growth,2021-10-07,2026-08-14,1196,0.07709244128680348,0.13812124017190885,0.1849154923112472,-0.16600805604871816,Index,Edelweiss Mutual Fund,Other Scheme - Index Funds
152616,Edelweiss Nifty Alpha Low Volatility 30 Index Fund - Direct Plan - Growth,2024-05-21,2026-08-14,554,0.01067195664998577,0.13616649041290937,-0.29327701865695327,-0.24849624697131445,Index,Edelweiss Mutual Fund,Other Scheme - Index Funds
154310,Edelweiss Nifty LargeMidcap 250 Plus 8-13 yr G-Sec 70-30 Index Fund Direct Plan Growth,2026-04-09,2026-08-14,88,0.21065682388252194,0.09345177109123065,1.4651169079532065,-0.030700527679886624,Index,Edelweiss Mutual Fund,Other Scheme - Index Funds
150902,Edelweiss Nifty Midcap150 Momentum 50 Index Fund - Direct Plan - Growth,2022-12-02,2026-08-14,912,0.18278744592247653,0.18574325391702362,0.6953625760435237,-0.2578543020182308,Index,Edelweiss Mutual Fund,Other Scheme - Index Funds
150899,Edelweiss Nifty Next 50 Index Fund - Direct Plan - Growth,2022-12-02,2026-08-14,912,0.15919502851946699,0.1741506369045603,0.6112424218551336,-0.2642928003745276,Index,Edelweiss Mutual Fund,Other Scheme - Index Funds
150892,Edelweiss Nifty Smallcap 250 Index Fund - Direct Plan - Growth,2022-12-02,2026-08-14,912,0.18732740465224706,0.18111114696325478,0.730125518740397,-0.26119287213908227,Index,Edelweiss Mutual Fund,Other Scheme - Index Funds
152985,Edelweiss Nifty500 Multicap Momentum Quality 50 Index Fund - Direct - Growth,2024-11-05,2026-08-14,438,-0.043551916261863055,0.1846965408004923,-0.4788516300367064,-0.27721634628968606,Index,Edelweiss Mutual Fund,Other Scheme - Index Funds
147570,Edelweiss Overnight Fund - Direct Plan - Growth,2019-07-24,2026-08-16,2262,0.050914957268967775,0.0010398630017755949,-20.097990719843473,0.0,Overnight,Edelweiss Mutual Fund,Debt Scheme - Overnight Fund
142388,Edelweiss Recently Listed IPO Fund Direct Plan Growth,2018-02-27,2026-08-14,2085,0.15919868153429895,0.18793525011833082,0.579728272921415,-0.32336777117570437,Sectoral,Edelweiss Mutual Fund,Equity Scheme - Sectoral/ Thematic
154072,Edelweiss Silver ETF Fund of Fund - Direct Plan Growth Option,2025-12-30,2026-08-14,155,0.0345408049391005,0.6747723058102927,0.3140003649844763,-0.44018110995603765,Fund of Funds,Edelweiss Mutual Fund,Other Scheme - FoF Domestic
146196,Edelweiss Small Cap Fund - Direct Plan - Growth,2019-02-14,2026-08-14,1848,0.2534757144736728,0.17460713075820494,1.0684389692242615,-0.3708625079567155,Small Cap,Edelweiss Mutual Fund,Equity Scheme - Small Cap Fund
152437,Edelweiss Technology Fund - Direct Plan - Growth,2024-03-07,2026-08-14,599,0.13053216847157678,0.15029886282143165,0.5142815301916203,-0.26241233570201095,Sectoral,Edelweiss Mutual Fund,Equity Scheme - Sectoral/ Thematic
148063,Edelweiss US Technology Equity Fund of Fund- Direct Plan- Growth,2020-03-09,2026-08-14,1519,0.2634753536130554,0.30709858347323904,0.7717613302339889,-0.45315009251007654,Fund of Funds,Edelweiss Mutual Fund,Other Scheme - FoF Overseas
140274,Edelweiss US Value Equity Offshore Fund - Direct Plan - Growth Option,2016-11-28,2026-08-14,2292,0.13920954006643704,0.1686457586840989,0.5540748016903075,-0.3476776700439409,Fund of Funds,Edelweiss Mutual Fund,Other Scheme - FoF Overseas
118559,Franklin Asian Equity Fund - Direct - Growth,2013-01-01,2026-08-14,3351,0.10342521957464412,0.15608609387670538,0.339586916184225,-0.4019842883746816,Sectoral,Franklin Templeton Mutual Fund,Equity Scheme - Sectoral/ Thematic
118557,Franklin Build India Fund - Direct - Growth,2013-01-01,2026-08-14,3352,0.20272056297663776,0.1744222480101177,0.8277552971481043,-0.4280321802623319,Sectoral,Franklin Templeton Mutual Fund,Equity Scheme - Sectoral/ Thematic
118546,Franklin India Aggressive Hybrid Fund - Direct - Growth,2013-01-01,2026-08-14,3352,0.13609968438369258,0.11129997468151158,0.6909596587579172,-0.2781742191482519,Aggressive Hybrid,Franklin Templeton Mutual Fund,Hybrid Scheme - Aggressive Hybrid Fund
153043,Franklin India Arbitrage Fund - Direct - Growth,2024-11-19,2026-08-14,429,0.07068194359995461,0.010281400369787419,0.9484424580828271,-0.004377841387439019,Arbitrage,Franklin Templeton Mutual Fund,Hybrid Scheme - Arbitrage Fund
150481,Franklin India Balanced Advantage Fund- Growth- Direct,2022-09-06,2026-08-14,969,0.11855146756872648,0.06844568838177706,0.8356326567465567,-0.0809965633523112,Balanced Advantage,Franklin Templeton Mutual Fund,Hybrid Scheme - Dynamic Asset Allocation or Balanced Advantage
129008,Franklin India Banking & PSU Debt Fund - Direct - Growth,2014-04-25,2026-08-14,2973,0.07807517528662933,0.017149234173051843,1.083907826178521,-0.03638855414569597,Banking & PSU,Franklin Templeton Mutual Fund,Debt Scheme - Banking and PSU Fund
118574,Franklin India Conservative Hybrid Fund - Direct - GROWTH,2013-01-01,2026-08-14,3352,0.08857832160256929,0.04243559562745962,0.6555083960915247,-0.11889249531872803,Conservative Hybrid,Franklin Templeton Mutual Fund,Hybrid Scheme - Conservative Hybrid Fund
118569,Franklin India Corporate Debt Fund - Direct - GROWTH,2013-01-01,2026-08-14,3288,0.0835433733260833,0.022913703553991575,1.0486781489719816,-0.07360210107866183,Corporate Bond,Franklin Templeton Mutual Fund,Debt Scheme - Corporate Bond Fund
118553,Franklin India Credit Risk Fund - Direct - Growth,2013-01-01,2023-06-11,2519,0.0811462540047796,0.03074465075458497,0.7157443065018332,-0.09552455530778414,Credit Risk,Franklin Templeton Mutual Fund,Debt Scheme - Credit Risk Fund
118495,Franklin India Dynamic Accrual Fund - Direct - Growth,2013-01-01,2022-08-07,2315,0.08334898041129679,0.03654939322068565,0.6661282276537654,-0.08061410571037808,Dynamic Bond,Franklin Templeton Mutual Fund,Debt Scheme - Dynamic Bond
118543,Franklin India Dynamic Asset Allocation Active Fund Of Funds - Direct - Growth,2013-01-01,2026-08-14,3286,0.11070288908203207,0.09601756046234244,0.5669682048435377,-0.30938943758909787,Fund of Funds,Franklin Templeton Mutual Fund,Other Scheme - FoF Domestic
118540,Franklin India ELSS Tax Saver Fund - Direct - Growth,2013-01-01,2026-08-14,3352,0.15022025504730085,0.1533175097458566,0.620781778295997,-0.38989166681549936,ELSS,Franklin Templeton Mutual Fund,Equity Scheme - ELSS
144466,Franklin India Equity Savings Fund- Growth Direct,2018-08-27,2026-08-14,1957,0.0826969877897139,0.0590523240020606,0.3944123036010314,-0.16703097213989326,Equity Savings,Franklin Templeton Mutual Fund,Hybrid Scheme - Equity Savings
118535,Franklin India Flexi Cap Fund - Direct - Growth,2013-01-01,2026-08-14,3352,0.15597260067636265,0.1524941000463102,0.6567880796773817,-0.3771518089978042,Flexi Cap,Franklin Templeton Mutual Fund,Equity Scheme - Flexi Cap Fund
118508,Franklin India Floating Rate Fund - Direct - Growth,2012-12-31,2026-08-14,3630,0.07132580334404248,0.006214746431122684,0.8334852571366255,-0.01288530928245446,Floating Rate,Franklin Templeton Mutual Fund,Debt Scheme - Floater Fund
118564,Franklin India Focused Equity Fund - Direct - Growth,2013-01-01,2026-08-14,3352,0.16508060599095176,0.16095178691318884,0.6803610248145104,-0.37694234192930554,Focused,Franklin Templeton Mutual Fund,Equity Scheme - Focused Fund
118498,Franklin India Government Securities Fund - Direct - Growth,2013-01-01,2026-08-14,3288,0.07066413361694712,0.04402093228546463,0.2782980689841223,-0.12731362070032803,Gilt,Franklin Templeton Mutual Fund,Debt Scheme - Gilt Fund
118581,Franklin India INDEX FUND- NSE NIFTY 50 INDEX FUND- Direct - Growth,2013-01-01,2026-08-14,3352,0.1158618116415242,0.15884450416310714,0.40896056106395917,-0.37604393830863814,Index,Franklin Templeton Mutual Fund,Other Scheme - Index Funds
118554,Franklin India Income Opportunities Fund - Direct - Growth,2013-01-01,2021-12-12,2154,0.08350429044138541,0.04155915630572431,0.5982491417177109,-0.1370157202989435,Medium Duration,Franklin Templeton Mutual Fund,Debt Scheme - Medium Duration Fund
132989,Franklin India Income Plus Arbitrage Active Fund of Funds- Growth Plan - Direct,2014-11-28,2026-08-14,2831,0.08259335874103457,0.08869316075995261,0.3055293391331658,-0.2762649178860822,Fund of Funds,Franklin Templeton Mutual Fund,Other Scheme - FoF Domestic
118510,Franklin India Large & Mid Cap Fund - Direct - Growth,2013-01-01,2026-08-14,3351,0.1415676326328712,0.15783116664212524,0.5587965539968625,-0.4178149751701724,Mid Cap,Franklin Templeton Mutual Fund,Equity Scheme - Large & Mid Cap Fund
118531,Franklin India Large Cap Fund- Direct - Growth,2013-01-01,2026-08-14,3351,0.12307076595070399,0.15537638524092304,0.4571404929382396,-0.36253711146331224,Large Cap,Franklin Templeton Mutual Fund,Equity Scheme - Large Cap Fund
118577,Franklin India Liquid Fund - Super Institutional - Direct - Growth,2012-12-31,2026-08-16,4200,0.06917317907762044,0.0021297246725264373,-2.491224560283868,-0.0015547713785859507,Liquid,Franklin Templeton Mutual Fund,Debt Scheme - Liquid Fund
153102,Franklin India Long Duration Fund - Direct - Growth,2024-12-11,2026-08-14,406,0.05921660047811761,0.035108574559827056,0.014312174048364166,-0.04291514718598444,Long Duration,Franklin Templeton Mutual Fund,Debt Scheme - Long Duration Fund
118530,Franklin India Low Duration Fund - Direct - Growth,2013-01-01,2022-08-07,2316,0.09099076967818465,0.03282759486819577,0.960659320445453,-0.10637985463622346,Low Duration,Franklin Templeton Mutual Fund,Debt Scheme - Low Duration Fund
153368,Franklin India Low Duration Fund-Direct-Growth,2025-03-06,2026-08-14,349,0.07545967490160943,0.006276681838550798,2.5324859815940837,-0.0013858444593395358,Low Duration,Franklin Templeton Mutual Fund,Debt Scheme - Low Duration Fund
152851,Franklin India Medium to Long Duration Fund - Direct Growth,2024-09-24,2026-08-14,458,0.07064267252679413,0.01863380223654864,0.600289177791888,-0.017138092605515687,Long Duration,Franklin Templeton Mutual Fund,Debt Scheme - Medium to Long Duration Fund
118533,Franklin India Mid Cap Fund - Direct - Growth,2013-01-01,2026-08-14,3352,0.18240323920761337,0.15359731666472445,0.8040118747653442,-0.36591728127576073,Mid Cap,Franklin Templeton Mutual Fund,Equity Scheme - Mid Cap Fund
118506,Franklin India Money Market Fund - Direct - Growth,2013-01-01,2026-08-14,3288,0.07450494997740731,0.006211966992523068,2.4211284099625803,-0.011584770065483752,Money Market,Franklin Templeton Mutual Fund,Debt Scheme - Money Market Fund
153731,Franklin India Multi Asset Allocation Fund- Direct-Growth,2025-07-31,2026-08-14,254,0.1338071700179937,0.12216761614297927,0.632546832086625,-0.11547615933879107,Multi Asset,Franklin Templeton Mutual Fund,Hybrid Scheme - Multi Asset Allocation
152739,Franklin India Multi Cap Fund - Direct - Growth,2024-07-29,2026-08-14,505,0.06553621288111144,0.15187369274305587,0.1077155501848442,-0.18680486048099676,Multi Cap,Franklin Templeton Mutual Fund,Equity Scheme - Multi Cap Fund
153942,Franklin India Multi-Factor Fund- Direct- Growth,2025-11-28,2026-08-14,175,-0.035060149377379335,0.15116640914278767,-0.5641151210648134,-0.13794392523364474,Sectoral,Franklin Templeton Mutual Fund,Equity Scheme - Sectoral/ Thematic
118539,Franklin India Opportunities Fund - Direct - Growth,2013-01-01,2026-08-14,3351,0.17455956740900125,0.16183263985863636,0.7291721891294496,-0.39344960566833664,Sectoral,Franklin Templeton Mutual Fund,Equity Scheme - Sectoral/ Thematic
147214,Franklin India Overnight Fund- Growth - Direct,2019-05-08,2026-08-16,2241,0.05066397895599817,0.0011613439863619667,-16.83389710462082,0.0,Overnight,Franklin Templeton Mutual Fund,Debt Scheme - Overnight Fund
118548,Franklin India Retirement Fund - Direct - Growth,2013-01-01,2026-08-14,3352,0.09782524853189778,0.062202091569847094,0.6031586954720415,-0.13807275830058308,Retirement,Franklin Templeton Mutual Fund,Solution Oriented Scheme - Retirement Fund
118565,Franklin India SHORT TERM INCOME PLAN - Direct - GROWTH,2013-01-01,2025-05-02,2973,0.16469981565063407,0.4946446011474531,0.3231531560272396,-0.12786958517103209,Short Duration,Franklin Templeton Mutual Fund,Debt Scheme - Short Duration Fund
154541,Franklin India Short Term Fund - Direct - Growth,2026-08-12,2026-08-14,3,0.11984738650847859,0.004715071702524027,3.841606776747296,0.0,Short Duration,Franklin Templeton Mutual Fund,Income/Debt Oriented Schemes - Short Term Fund
118525,Franklin India Small Cap Fund - Direct - Growth,2013-01-01,2026-08-14,3352,0.20022474623466158,0.15799550631447448,0.8831500085062775,-0.49917713561418386,Small Cap,Franklin Templeton Mutual Fund,Equity Scheme - Small Cap Fund
118537,Franklin India Technology Fund - Direct - Growth,2013-01-01,2026-08-14,3349,0.17435324345231074,0.16613922545938004,0.7138191793679415,-0.3074569019222153,Sectoral,Franklin Templeton Mutual Fund,Equity Scheme - Sectoral/ Thematic
118560,Franklin India Ultra Short Bond Fund - Super Institutional Plan - Direct - Growth,2013-01-01,2022-08-07,2317,0.09012511741383622,0.017200432588112206,1.7597620077271352,-0.043567381441262154,Ultra Short Duration,Franklin Templeton Mutual Fund,Debt Scheme - Ultra Short Duration Fund
152825,Franklin India Ultra Short Duration Fund - Direct - Growth,2024-08-29,2026-08-14,476,0.07270312081299068,0.0041597241600688705,3.1025227678705276,-0.0010263427984946727,Ultra Short Duration,Franklin Templeton Mutual Fund,Debt Scheme - Ultra Short Duration Fund
118551,Franklin U.S. Opportunities Equity Active Fund of Funds - Direct - Growth,2013-01-02,2026-08-14,3288,0.17801414241606817,0.20996869116210082,0.6339026491793839,-0.3840715071063856,Fund of Funds,Franklin Templeton Mutual Fund,Other Scheme - FoF Overseas
145599,Groww Aggressive Hybrid Fund (formerly known as Indiabulls Equity Hybrid Fund) - Direct Plan - Growth option,2018-12-14,2026-08-14,1888,0.11782929374833273,0.1279382927986287,0.4869047638132139,-0.28192388731368523,Aggressive Hybrid,Groww Mutual Fund,Hybrid Schemes - Aggressive Hybrid Fund
154320,Groww Arbitrage Fund Direct Growth,2026-04-29,2026-08-14,75,0.06170955251692711,0.03545322960874757,0.010287148433618332,-0.013631793719321217,Arbitrage,Groww Mutual Fund,Hybrid Schemes - Arbitrage Fund
154200,Groww BSE Hospitals ETF FOF Direct Growth,2026-03-09,2026-08-14,109,0.2686013864969756,0.17213726119704875,1.1325681801666756,-0.07782556511302241,Value,Groww Mutual Fund,Equity Schemes - Value Fund
153745,Groww BSE Power ETF FOF Direct Growth,2025-08-08,2026-08-14,249,0.16853271447326024,0.20063510661570388,0.6023403232091645,-0.15489427462214,Value,Groww Mutual Fund,Equity Schemes - Value Fund
152254,Groww Banking & Financial Services Fund - Direct Plan - Growth,2024-02-07,2026-08-14,621,0.13097807357959268,0.16103942956840303,0.4898446170699965,-0.16353301641219098,Sectoral,Groww Mutual Fund,Equity Schemes - Sectoral Fund
145589,Groww Dynamic Term Fund (formerly known as Indiabulls Dynamic Bond Fund) - Direct Plan - Growth option,2018-12-06,2026-08-14,1863,0.061552680402914506,0.01871506480661471,0.12462497849629753,-0.02285263681935301,Dynamic Bond,Groww Mutual Fund,Income/Debt Oriented Schemes - Dynamic Term Fund
141808,Groww ELSS Tax Saver Fund (formerly known as Indiabulls Tax Savings Fund)- Direct Plan- Growth Option,2017-12-29,2026-08-14,2124,0.0963757570789987,0.15704506265869714,0.2968348107693225,-0.34629981024667933,ELSS,Groww Mutual Fund,Equity Schemes - ELSS- Tax Saver Fund
153477,Groww Gilt Fund - Direct - Growth,2025-05-13,2026-08-14,308,0.0038176119181536627,0.03522884396339963,-1.5742573254468037,-0.0390389201706034,Gilt,Groww Mutual Fund,Income/Debt Oriented Schemes - Gilt Fund
152980,Groww Gold ETF FOF - DIRECT - GROWTH,2024-11-08,2026-08-14,435,0.43154377972226077,0.2562987042642203,1.3293571832654472,-0.24878137920007315,Value,Groww Mutual Fund,Equity Schemes - Value Fund
119133,Groww Largecap Fund (formerly known as Indiabulls Blue Chip Fund) - Direct Plan - Growth Option,2013-01-02,2026-08-14,3352,0.12389791305574271,0.16145328146703847,0.4504123008149964,-0.36589208349743985,Large Cap,Groww Mutual Fund,Equity Schemes - Large Cap Fund
119135,Groww Liquid Fund ( formerly known as Indiabulls Liquid )Fund - Direct Plan - Growth Option,2013-01-01,2026-08-16,4313,0.06810780976810915,0.0017909745108852662,-4.212315483014389,-0.0024610175773048804,Liquid,Groww Mutual Fund,Income/Debt Oriented Schemes - Liquid Fund
153982,Groww Money Market Fund Direct Growth,2025-11-20,2026-08-14,179,0.059309959544116,0.004188443405544202,-0.08480838766858047,-0.0007233517225414543,Money Market,Groww Mutual Fund,Income/Debt Oriented Schemes - Money Market Fund
153821,Groww Multi Asset Allocation Fund Direct Growth,2025-10-03,2026-08-14,213,0.053719611697765624,0.1255072136980863,0.012048382443795766,-0.12395461076520653,Multi Asset,Groww Mutual Fund,Hybrid Schemes - Multi Asset Allocation Fund
154028,Groww Multi Asset Omni FOF Direct Growth,2025-12-24,2026-08-14,158,0.08431206773703304,0.15887537251669429,0.22306277147778772,-0.11193670923350263,Value,Groww Mutual Fund,Equity Schemes - Value Fund
153034,Groww Multicap Fund - Direct - Growth,2024-12-18,2026-08-14,409,0.1421810952847946,0.15717321707483753,0.5607558784751513,-0.1653004108691768,Multi Cap,Groww Mutual Fund,Equity Schemes - Multi Cap Fund
153328,Groww Nifty 200 ETF FOF - Direct - Growth,2025-03-04,2026-08-14,357,0.1249914083657,0.18078569439455427,0.4249788330612149,-0.1461688848170537,Value,Groww Mutual Fund,Equity Schemes - Value Fund
153704,Groww Nifty 50 Index Fund Direct Growth,2025-07-22,2026-08-14,262,-0.01930250159932667,0.13044564928413682,-0.5481960934114424,-0.15142800003809265,Index,Groww Mutual Fund,Index Funds - Equity Funds
153453,Groww Nifty 500 Momentum 50 ETF FOF - Direct Plan - Growth,2025-04-25,2026-08-14,323,0.0783042262008391,0.17689670858543252,0.1834139193411983,-0.17285067873303173,Value,Groww Mutual Fund,Equity Schemes - Value Fund
153908,Groww Nifty Capital Markets ETF FOF Direct Growth,2025-12-08,2026-08-14,170,0.2098226406834207,0.2622666686323416,0.6393312465707455,-0.13764589141426076,Value,Groww Mutual Fund,Equity Schemes - Value Fund
152770,Groww Nifty EV & New Age Automotive ETF FOF- Direct Plan - Growth,2024-08-14,2026-08-14,494,0.024962344249143342,0.1855395187594936,-0.09509479534355392,-0.31324816048614423,Value,Groww Mutual Fund,Equity Schemes - Value Fund
152925,Groww Nifty India Defence ETF FOF - Direct Growth,2024-10-15,2026-08-14,452,0.21950106397153912,0.282174618788138,0.6469241714632588,-0.2698728866564668,Value,Groww Mutual Fund,Equity Schemes - Value Fund
153626,Groww Nifty India Internet ETF FOF - Direct - Growth,2025-07-04,2026-08-14,274,0.05493640292803992,0.2158186641571312,0.08356308428051044,-0.28644540247913886,Value,Groww Mutual Fund,Equity Schemes - Value Fund
153230,Groww Nifty India Railways PSU Index Fund - Direct Plan - Growth,2025-02-07,2026-08-14,373,-0.13398815044617884,0.23782052355957758,-0.7543472401015403,-0.30784254670572875,Index,Groww Mutual Fund,Index Funds - Equity Funds
153939,Groww Nifty Midcap 150 Index Fund Direct Growth,2025-11-17,2026-08-14,185,0.058874662058669536,0.17553404072412906,0.07556630445629137,-0.13998635918827285,Index,Groww Mutual Fund,Index Funds - Equity Funds
153786,Groww Nifty Next 50 Index Fund Direct Growth,2025-08-26,2026-08-14,238,0.12380456070259616,0.16977149404733874,0.437874631703787,-0.1433352512466438,Index,Groww Mutual Fund,Index Funds - Equity Funds
152637,Groww Nifty Non-Cyclical Consumer Index Fund - Direct Plan Growth,2024-05-24,2026-08-14,550,0.02990062539486038,0.14377250759065935,-0.1364933149016355,-0.2669906433596867,Index,Groww Mutual Fund,Index Funds - Equity Funds
154164,Groww Nifty PSE ETF FOF Direct Growth,2026-02-13,2026-08-14,124,-0.06908021404609488,0.16940544361500617,-0.7011739551192959,-0.09436819506210703,Value,Groww Mutual Fund,Equity Schemes - Value Fund
154278,Groww Nifty PSU Bank Index Fund Direct Growth,2026-03-27,2026-08-14,96,0.15342098896345346,0.24765472234208802,0.4658270468895618,-0.11916120332914881,Index,Groww Mutual Fund,Index Funds - Equity Funds
154346,Groww Nifty Private Bank Index Fund Direct Growth,2026-05-27,2026-08-14,56,0.13020533723470362,0.15511885318864482,0.47136223106415454,-0.04311344502163683,Index,Groww Mutual Fund,Index Funds - Equity Funds
152431,Groww Nifty Smallcap 250 Index Fund - Direct Plan - Growth,2024-03-01,2026-08-14,604,0.08202741452304929,0.19876095002074734,0.2046515032311865,-0.26230433170511525,Index,Groww Mutual Fund,Index Funds - Equity Funds
154383,Groww Nifty Smallcap 250 Momentum Quality 100 Index Fund Direct Growth,2026-06-19,2026-08-14,40,0.3337302077501796,0.12840873194178276,1.81835603734198,-0.02700991770415706,Index,Groww Mutual Fund,Index Funds - Equity Funds
152092,Groww Nifty Total Market Index Fund - Direct Plan - Growth,2023-10-25,2026-08-14,691,0.1363089150398089,0.14675789117272123,0.5565012340838269,-0.18894350410299654,Index,Groww Mutual Fund,Index Funds - Equity Funds
147450,Groww Overnight Fund (formerly known as Indiabulls Overnight Fund)- Direct Plan- Growth Option,2019-07-09,2026-08-16,2148,0.04986132653076125,0.0012683614071802712,-15.310933174525498,0.0,Overnight,Groww Mutual Fund,Income/Debt Oriented Schemes - Overnight Fund
123704,Groww Short Term Fund (formerly known as Indiabulls Short Term Fund) - Direct Plan - Growth Option,2013-09-16,2026-08-14,3119,0.07529252999904634,0.010232825844705565,1.5441386786283637,-0.012111083000875711,Short Duration,Groww Mutual Fund,Income/Debt Oriented Schemes - Short Term Fund
153525,Groww Silver ETF FOF - Direct - Growth,2025-05-26,2026-08-14,303,0.9438446765733717,0.5730993148053176,1.3737814806997588,-0.43616586220005304,Value,Groww Mutual Fund,Equity Schemes - Value Fund
154063,Groww Small Cap Fund-Direct-Growth,2026-02-02,2026-08-14,133,0.5330833479217714,0.1837650523245642,2.1121806557392113,-0.09873205204540791,Small Cap,Groww Mutual Fund,Equity Schemes - Small Cap Fund
135341,Groww Value Fund (formerly known as Indiabulls Value Fund) - Direct Plan - Growth Option,2015-09-09,2026-08-14,2690,0.11719051295749683,0.15411596845877368,0.42490722765589223,-0.4664253541271972,Value,Groww Mutual Fund,Equity Schemes - Value Fund
129052,HDFC ARBITRAGE FUND -Direct Plan - Growth Option,2014-03-27,2026-08-14,3045,0.06436641363201501,0.011340300588697685,0.35463158802940015,-0.00815677966101691,Arbitrage,HDFC Mutual Fund,Hybrid Scheme - Arbitrage Fund
151728,HDFC BSE 500 Index Fund - Growth Option - Direct Plan,2023-04-21,2026-08-14,817,0.1522498046465386,0.13646238020701018,0.6923734967829005,-0.18822651491251496,Index,HDFC Mutual Fund,Other Scheme - Index Funds
153959,HDFC BSE India Sector Leaders India Fund - Direct Plan - Growth Option,2025-11-26,2026-08-14,178,-0.04218633399014238,0.14962613574804884,-0.6195602116163499,-0.15065770417794466,Index,HDFC Mutual Fund,Other Scheme - Index Funds
118968,HDFC Balanced Advantage Fund - Growth Plan - Direct Plan,2013-01-01,2026-08-14,3352,0.14163157232696966,0.1446127617055115,0.5959168464161597,-0.34195736434108537,Balanced Advantage,HDFC Mutual Fund,Hybrid Scheme - Dynamic Asset Allocation or Balanced Advantage
148986,HDFC Banking & Financial Services Fund - Growth Option - Direct Plan,2021-07-01,2026-08-14,1262,0.13923340754880265,0.16227649442704795,0.5336989812357122,-0.21715724581054086,Sectoral,HDFC Mutual Fund,Equity Scheme - Sectoral/ Thematic
128629,HDFC Banking and PSU Debt Fund - Growth Option - Direct Plan,2014-03-26,2026-08-14,2991,0.07871951120403242,0.015878723824075597,1.2116605691837499,-0.03126912723361519,Banking & PSU,HDFC Mutual Fund,Debt Scheme - Banking and PSU Fund
150805,HDFC Business Cycle Fund - Growth Option - Direct Plan,2022-11-30,2026-08-14,913,0.13650382673566774,0.1285882046628381,0.6166075258937699,-0.18044171932678477,Sectoral,HDFC Mutual Fund,Equity Scheme - Sectoral/ Thematic
153517,HDFC CRISIL-IBX Financial Services 3-6 Months Debt Index Fund - Direct Growth Plan,2025-05-06,2026-08-14,312,0.07175862736366923,0.0038358532697619404,2.9998185905476165,-0.0005715339233040018,Index,HDFC Mutual Fund,Other Scheme - Index Funds
154308,HDFC CRISIL-IBX Financial Services 9-12 Months Debt Index Fund - Direct Growth Plan,2026-03-24,2026-08-14,97,0.0831206131131792,0.007865026797476837,2.8103766467446354,-0.002265128884844425,Index,HDFC Mutual Fund,Other Scheme - Index Funds
151804,HDFC Consumption Fund - Growth Option - Direct Plan,2023-07-12,2026-08-14,761,0.13039463024997544,0.13316582182661507,0.5595334004171938,-0.23482685863224528,Sectoral,HDFC Mutual Fund,Equity Scheme - Sectoral/ Thematic
118987,HDFC Corporate Bond Fund - Growth Option - Direct Plan,2013-01-01,2026-08-14,3290,0.07978369173254829,0.017806592408549888,1.137072351334632,-0.04003448091725348,Corporate Bond,HDFC Mutual Fund,Debt Scheme - Corporate Bond Fund
128051,HDFC Credit Risk Debt Fund - Growth Option - Direct Plan,2014-03-25,2026-08-14,2992,0.08766138455793171,0.014747616075757308,1.8872958041378234,-0.02580168498462221,Credit Risk,HDFC Mutual Fund,Debt Scheme - Credit Risk Fund
151750,HDFC Defence Fund - Growth Option - Direct Plan,2023-06-02,2026-08-14,788,0.43242574052801896,0.2519730428975284,1.352049500993826,-0.34540765721087086,Sectoral,HDFC Mutual Fund,Equity Scheme - Sectoral/ Thematic
149180,HDFC Developed World Overseas Equity Passive FOF - Direct Plan - Growth Option,2021-10-06,2026-08-14,1192,0.18072215963624982,0.1475465456790693,0.8238626621286061,-0.19576915939877537,Fund of Funds,HDFC Mutual Fund,Other Scheme - FoF Overseas
153860,HDFC Diversified Equity All Cap Active FOF - Direct Plan - Growth Plan,2025-09-30,2026-08-14,215,0.0377046276477877,0.1339405255965747,-0.09794592211996807,-0.13604038503987637,Fund of Funds,HDFC Mutual Fund,Other Scheme - FoF Domestic
119075,HDFC Dynamic Debt Fund - Growth Option - Direct Plan,2013-01-01,2026-08-14,3290,0.07631579018294699,0.03413265140519579,0.5071722147286595,-0.07494654929984401,Dynamic Bond,HDFC Mutual Fund,Debt Scheme - Dynamic Bond
119060,HDFC ELSS Tax saver - Growth Option - Direct Plan,2013-01-01,2026-08-14,3352,0.14270548312159703,0.1611876240306437,0.5564901800564891,-0.4414345688952337,ELSS,HDFC Mutual Fund,Equity Scheme - ELSS
119128,HDFC Equity Savings Fund - Growth Option - Direct Plan,2013-01-01,2026-08-14,3337,0.10009962770085523,0.058478596800517514,0.6814722864244677,-0.16953746827332994,Equity Savings,HDFC Mutual Fund,Hybrid Scheme - Equity Savings
118955,HDFC Flexi Cap Fund - Growth Option - Direct Plan,2013-01-01,2026-08-14,3352,0.16194242435733375,0.17122554729583403,0.6335461582766967,-0.41839443017840416,Flexi Cap,HDFC Mutual Fund,Equity Scheme - Flexi Cap Fund
118961,HDFC Floating Rate Debt Fund - Direct Plan - Growth Option,2013-01-01,2026-08-14,3291,0.0783791719635567,0.007889241631892032,2.3751226921261273,-0.013296161877158652,Floating Rate,HDFC Mutual Fund,Debt Scheme - Floater Fund
118950,HDFC Focused Fund - Growth Option - Direct Plan,2013-01-01,2026-08-14,3352,0.15005221627515364,0.16706022521851605,0.5820198879264561,-0.4562829406608153,Focused,HDFC Mutual Fund,Equity Scheme - Focused Fund
119116,HDFC Gilt Fund - Growth Option - Direct Plan,2013-01-01,2026-08-14,3290,0.07470715810597173,0.03801869983250387,0.41807485763252417,-0.11866636716619061,Gilt,HDFC Mutual Fund,Debt Scheme - Gilt Fund
141924,HDFC Housing Opportunities Fund  - Growth Option - Direct Plan,2017-12-07,2026-08-14,2139,0.1044726248670318,0.18056613631958635,0.32213662871829957,-0.4218063776971549,Sectoral,HDFC Mutual Fund,Equity Scheme - Sectoral/ Thematic
119118,HDFC Hybrid Debt Fund - Growth Option - Direct Plan,2013-01-01,2026-08-14,3290,0.09444032253958579,0.05172051292461751,0.6863484611553422,-0.1208458188501339,Conservative Hybrid,HDFC Mutual Fund,Hybrid Scheme - Conservative Hybrid Fund
119062,HDFC Hybrid Equity Fund - Growth Option - Direct Plan,2013-01-01,2026-08-14,3352,0.1138792441570824,0.14761922592341906,0.41589098632309124,-0.33556091325383086,Aggressive Hybrid,HDFC Mutual Fund,Hybrid Scheme - Aggressive Hybrid Fund
154262,HDFC INCOME PLUS ARBITRAGE OMNI FOF - GROWTH OPTION - DIRECT PLAN,2026-03-12,2026-08-14,106,0.09175788691647724,0.009919508863502341,2.971527312882683,-0.0017425915108070233,Fund of Funds,HDFC Mutual Fund,Other Scheme - FoF Domestic
153620,HDFC INNOVATION FUND - DIRECT PLAN - GROWTH OPTION,2025-07-17,2026-08-14,265,0.17839865792607568,0.14277406210005236,0.8322273111821781,-0.12303317535545022,Sectoral,HDFC Mutual Fund,Equity Scheme - Sectoral/ Thematic
119069,HDFC Income Fund - Growth Option - Direct Plan,2013-01-01,2026-08-14,3290,0.07180037899302105,0.03469961868255723,0.37313806363047786,-0.10640178148726132,Long Duration,HDFC Mutual Fund,Debt Scheme - Medium to Long Duration Fund
130543,HDFC Income Plus Arbitrage Active FOF - Growth Option - Direct Plan,2014-06-30,2026-08-14,2983,0.11415566362420004,0.09436896791916538,0.5854283386471004,-0.2313896266208405,Fund of Funds,HDFC Mutual Fund,Other Scheme - FoF Domestic
118979,HDFC Infrastructure Fund - Growth Option - Direct Plan,2013-01-01,2026-08-14,3352,0.12094531006701592,0.2070273478626928,0.37920810568755964,-0.6308105872622002,Sectoral,HDFC Mutual Fund,Equity Scheme - Sectoral/ Thematic
119018,HDFC Large Cap Fund - Growth Option - Direct Plan,2013-01-01,2026-08-14,3352,0.13255946027518917,0.1702211796745795,0.4821112615608566,-0.40811675182884233,Large Cap,HDFC Mutual Fund,Equity Scheme - Large Cap Fund
130498,HDFC Large and Mid Cap Fund - Growth Option - Direct Plan,2014-06-30,2026-08-14,2983,0.13328893581432855,0.16692365994770023,0.4928145597537452,-0.3948977562721637,Mid Cap,HDFC Mutual Fund,Equity Scheme - Large & Mid Cap Fund
119091,HDFC Liquid Fund - Growth Option - Direct Plan,2012-12-31,2026-08-16,4203,0.4975748307985819,24.254499713760673,0.24463377719372303,-0.0018244644155104295,Liquid,HDFC Mutual Fund,Debt Scheme - Liquid Fund
151313,HDFC Long Duration Debt Fund - Growth Option - Direct Plan,2023-01-20,2026-08-14,862,0.0712410626288329,0.041343990326517505,0.3062834324150131,-0.05988137904786062,Long Duration,HDFC Mutual Fund,Debt Scheme - Long Duration Fund
118929,HDFC Long Term Advantage Plan - Growth Option - Direct Plan,2013-01-01,2022-01-14,2225,0.1727813300310228,0.1655074365354421,0.7070977610276437,-0.3962648548324952,ELSS,HDFC Mutual Fund,Equity Scheme - ELSS
118942,HDFC Low Duration  Fund - Direct Plan - Growth,2013-01-01,2026-08-14,3291,0.0765798616613318,0.007477017346811578,2.27265567739073,-0.012633236736462994,Low Duration,HDFC Mutual Fund,Debt Scheme - Low Duration Fund
151458,HDFC MNC Fund - Growth Option - Direct Plan,2023-03-09,2026-08-14,844,0.12384706324263872,0.1235238694038749,0.5464214664598211,-0.2452854230377166,Sectoral,HDFC Mutual Fund,Equity Scheme - Sectoral/ Thematic
152600,HDFC Manufacturing fund - Growth Option - Direct Plan,2024-05-16,2026-08-14,555,0.09323777626378726,0.16153733106352605,0.2731900322882948,-0.21537528167793374,Sectoral,HDFC Mutual Fund,Equity Scheme - Sectoral/ Thematic
119081,HDFC Medium Term Debt Fund - Growth Option - Direct Plan,2013-01-01,2026-08-14,3290,0.0817455305393644,0.01750875493275281,1.2643104102756144,-0.034711362222334396,Medium Duration,HDFC Mutual Fund,Debt Scheme - Medium Duration Fund
118989,HDFC Mid Cap Fund - Growth Option - Direct Plan,2013-01-01,2026-08-14,3352,0.20434719607809138,0.15637285472767276,0.9131211837926725,-0.3951323148061361,Mid Cap,HDFC Mutual Fund,Equity Scheme - Mid Cap Fund
119092,HDFC Money Market Fund - Growth Option - Direct Plan,2012-12-31,2026-08-14,3618,0.5049364293293905,26.14242140453917,0.26421970973639786,-0.013923580128646473,Money Market,HDFC Mutual Fund,Debt Scheme - Money Market Fund
149368,HDFC Multi Cap Fund - Growth Option - Direct Plan,2021-12-10,2026-08-14,1153,0.1610234641199697,0.1465849067062422,0.7064321605710009,-0.20204003447945607,Multi Cap,HDFC Mutual Fund,Equity Scheme - Multi Cap Fund
148903,HDFC Multi-Asset Active FOF - Growth Option -Direct Plan,2021-05-05,2026-08-14,1303,0.15080099849607675,0.07304823802579392,1.179177600883809,-0.08839302815552574,Fund of Funds,HDFC Mutual Fund,Other Scheme - FoF Domestic
119131,HDFC Multi-Asset Fund - Growth Option - Direct Plan,2013-01-01,2026-08-14,3323,0.11636091157928052,0.08058140636682272,0.7071371193333348,-0.2708068702711658,Multi Asset,HDFC Mutual Fund,Hybrid Scheme - Multi Asset Allocation
149868,HDFC NIFTY 100 Index Fund - Direct Plan - Growth Option,2022-02-23,2026-08-14,1101,0.09928650383077287,0.13883764506221954,0.3358730254102579,-0.17339677827738242,Index,HDFC Mutual Fund,Other Scheme - Index Funds
152889,HDFC NIFTY LargeMidcap 250 Index Fund - Growth Option - Direct,2024-10-09,2026-08-14,456,0.01910625323887105,0.15079360421225016,-0.19429655819113567,-0.16747005913631174,Index,HDFC Mutual Fund,Other Scheme - Index Funds
151724,HDFC NIFTY Midcap 150 Index Fund - Growth Option - Direct Plan,2023-04-21,2026-08-14,817,0.2332558032156209,0.16497544692263696,1.0209506677088005,-0.2107660995720697,Index,HDFC Mutual Fund,Other Scheme - Index Funds
149288,HDFC NIFTY Next 50 Index Fund - Direct Plan - Growth Option,2021-11-03,2026-08-14,1177,0.12632912190381806,0.18026964874983786,0.4336015789899486,-0.26673601795833457,Index,HDFC Mutual Fund,Other Scheme - Index Funds
151570,HDFC NIFTY SDL Plus G-Sec Jun 2027 40:60 Index Fund - Growth Option - Direct Plan,2023-03-23,2026-08-14,821,0.07452281067714295,0.00828153907406586,1.815588217180016,-0.004118282473669965,Index,HDFC Mutual Fund,Other Scheme - Index Funds
151727,HDFC NIFTY Smallcap 250 Index Fund - Growth Option - Direct Plan,2023-04-21,2026-08-14,817,0.23184685024474416,0.18396087834929137,0.9274128957266774,-0.26185205090403485,Index,HDFC Mutual Fund,Other Scheme - Index Funds
149107,HDFC NIFTY50 Equal weight Index Fund - Direct Plan - Growth Option,2021-08-20,2026-08-14,1228,0.13695883278063858,0.13947495795917872,0.5817154739377013,-0.18028051277438872,Index,HDFC Mutual Fund,Other Scheme - Index Funds
149870,HDFC Nifty 100 Equal Weight Index Fund - Direct Plan - Growth Option,2022-02-23,2026-08-14,1101,0.14049503066310454,0.15095061792575437,0.5705207768680569,-0.21595808516312565,Index,HDFC Mutual Fund,Other Scheme - Index Funds
154427,HDFC Nifty Auto Index Fund- Direct Plan- Growth Option,2026-07-07,2026-08-14,29,0.9487863800199208,0.16470168338103552,3.512932032765325,-0.02867035595272649,Index,HDFC Mutual Fund,Index Funds - Equity Funds
151495,HDFC Nifty G-Sec Apr 2029 Index Fund - Growth Option - Direct Plan,2023-03-10,2026-08-14,829,0.08094740169088488,0.015858875440799565,1.3498504745633026,-0.009404952857869464,Index,HDFC Mutual Fund,Other Scheme - Index Funds
150845,HDFC Nifty G-Sec Dec 2026 Index Fund - Growth Option - Direct Plan,2022-11-10,2026-08-14,913,0.07215016945201169,0.00912168040146133,1.3608730008786258,-0.005484818805093106,Index,HDFC Mutual Fund,Other Scheme - Index Funds
150847,HDFC Nifty G-Sec July 2031 Index Fund - Growth Option - Direct Plan,2022-11-10,2026-08-14,913,0.08234705361078332,0.02265185217237293,0.9916653615961807,-0.021828791396798275,Index,HDFC Mutual Fund,Other Scheme - Index Funds
151181,HDFC Nifty G-Sec Jun 2027 Index Fund - Growth Option - Direct Plan,2022-12-09,2026-08-14,892,0.07359452872802486,0.010951325095766108,1.276044613634383,-0.0060240963855421326,Index,HDFC Mutual Fund,Other Scheme - Index Funds
151489,HDFC Nifty G-Sec Jun 2036 Index Fund - Growth Option - Direct Plan,2023-03-15,2026-08-14,826,0.08660908474023632,0.03174249164959638,0.857172110462797,-0.031809221968847834,Index,HDFC Mutual Fund,Other Scheme - Index Funds
151183,HDFC Nifty G-Sec Sep 2032 Index Fund - Growth Option - Direct Plan,2022-12-09,2026-08-14,892,0.08207036642602183,0.02435157264355037,0.9197392043366696,-0.022797535984950712,Index,HDFC Mutual Fund,Other Scheme - Index Funds
154179,HDFC Nifty India Consumption Index Fund - Direct Growth Plan,2026-02-18,2026-08-14,121,0.048301120780554374,0.1787458287209335,0.021718985994514155,-0.13317058040761598,Index,HDFC Mutual Fund,Other Scheme - Index Funds
153097,HDFC Nifty India Digital Index Fund - Growth Option - Direct,2024-12-11,2026-08-14,414,-0.06628399704261922,0.1892585096730564,-0.5923313293134802,-0.2754697926773727,Index,HDFC Mutual Fund,Other Scheme - Index Funds
154505,HDFC Nifty Metal ETF FOF - Direct Plan - Growth Option,2026-08-06,2026-08-14,7,-0.5217048204346877,0.08645209543466671,-8.4951671454875,-0.0169444306253419,Value,HDFC Mutual Fund,Equity Schemes - Value Fund
151456,HDFC Nifty SDL Oct 2026 Index Fund - Growth Option - Direct Plan,2023-02-24,2026-08-14,838,0.07411955142756343,0.0069992386588932165,2.1017360690839033,-0.00169886233488592,Index,HDFC Mutual Fund,Other Scheme - Index Funds
119110,HDFC Overnight Fund - Growth Option - Direct Plan,2012-12-31,2026-08-16,4194,0.4860604829286679,24.27932601055529,0.24464115249628454,0.0,Overnight,HDFC Mutual Fund,Debt Scheme - Overnight Fund
152082,HDFC Pharma and Healthcare Fund - Growth Option - Direct Plan,2023-10-04,2026-08-14,705,0.3222373948361401,0.1410919574050961,1.6739708398134894,-0.14913035991045287,Sectoral,HDFC Mutual Fund,Equity Scheme - Sectoral/ Thematic
136094,HDFC Retirement Savings Fund - Equity Plan - Growth Option - Direct Plan,2016-02-26,2026-08-14,2577,0.17980243554760977,0.14020035002350692,0.850441609659182,-0.34893211086968046,Retirement,HDFC Mutual Fund,Solution Oriented Scheme - Retirement Fund
136465,HDFC Retirement Savings Fund - Hybrid-Debt Plan - Growth Option - Direct Plan,2016-02-26,2026-08-14,2532,0.09152911613837378,0.03540215405403301,0.9007644673665439,-0.07837179822531648,Retirement,HDFC Mutual Fund,Solution Oriented Scheme - Retirement Fund
136464,HDFC Retirement Savings Fund - Hybrid-Equity Plan - Growth Option - Direct Plan,2016-02-26,2026-08-14,2577,0.1500421647283512,0.1083962511559528,0.8215942871358191,-0.27503073715721393,Retirement,HDFC Mutual Fund,Solution Oriented Scheme - Retirement Fund
119016,HDFC Short Term  Debt Fund - Growth Option - Direct Plan,2013-01-01,2026-08-14,3290,0.07988663982877786,0.013378808138935125,1.5156609336881113,-0.02670407860002455,Short Duration,HDFC Mutual Fund,Debt Scheme - Short Duration Fund
150737,HDFC Silver ETF Fund of Fund - Growth Option - Direct Plan,2022-10-28,2026-08-14,936,0.42460610431090795,0.377076244108003,0.9968862243654908,-0.46000410464900365,Fund of Funds,HDFC Mutual Fund,Other Scheme - FoF Domestic
130503,HDFC Small Cap Fund - Growth Option - Direct Plan,2014-06-30,2026-08-14,2983,0.1824458939802629,0.16474074949268325,0.7614126389533852,-0.4825565334070011,Small Cap,HDFC Mutual Fund,Equity Scheme - Small Cap Fund
152059,HDFC Technology Fund - Growth Option - Direct Plan,2023-09-08,2026-08-14,720,0.0814850968334262,0.17634645631434887,0.20432223493125212,-0.3060105765510126,Sectoral,HDFC Mutual Fund,Equity Scheme - Sectoral/ Thematic
151901,HDFC Transportation and Logistics Fund - Growth Option - Direct Plan,2023-08-17,2026-08-14,736,0.2773212516494292,0.16961535734277097,1.2123300449292402,-0.2350063312996431,Sectoral,HDFC Mutual Fund,Equity Scheme - Sectoral/ Thematic
145034,HDFC Ultra Short Term Fund - Direct Plan-Growth Option,2018-09-25,2026-08-14,1910,0.06649896454109916,0.005807370686573986,1.2119643344720763,-0.010057778728867928,Ultra Short Duration,HDFC Mutual Fund,Debt Scheme - Ultra Short Duration Fund
118935,HDFC Value Fund - Growth Option - Direct Plan,2013-01-01,2026-08-14,3352,0.1613038785308425,0.15860536356653263,0.6674086474274018,-0.4389577455275592,Value,HDFC Mutual Fund,Equity Scheme - Value Fund
129200,HSBC Aggressive Hybrid Active FOF - Growth Direct,2014-05-05,2026-08-14,2972,0.13222509524180515,0.1320940767385434,0.5913949367190376,-0.31058142610427397,Value,HSBC Mutual Fund,Equity Schemes - Value Fund
151122,HSBC Aggressive Hybrid Fund - Direct Growth,2022-11-28,2026-08-14,915,0.14868473479769118,0.12562517309670537,0.714425792224613,-0.1958713203176755,Aggressive Hybrid,HSBC Mutual Fund,Hybrid Schemes - Aggressive Hybrid Fund
151138,HSBC Arbitrage Fund - Direct Growth,2022-11-28,2026-08-14,915,0.07455913407036818,0.009554823708791679,1.4242537045088814,-0.003147773043700952,Arbitrage,HSBC Mutual Fund,Hybrid Schemes - Arbitrage Fund
151129,HSBC Balanced Advantage Fund - Direct Growth,2022-11-28,2026-08-14,915,0.1111489111183468,0.0659706556914808,0.7579315926118552,-0.08667190988027995,Balanced Advantage,HSBC Mutual Fund,Hybrid Schemes - Balanced Advantage Fund/ Dynamic Asset Allocation
151107,HSBC Banking and PSU Debt Fund - Direct Growth,2022-11-28,2026-08-14,901,0.07146750195380802,0.009702943905986538,1.2120687997379596,-0.0064553417953356895,Banking & PSU,HSBC Mutual Fund,Income/Debt Oriented Schemes - Banking and PSU Debt Fund
120035,HSBC Brazil Fund - Growth Direct,2013-01-03,2026-08-14,3087,0.004147314428467164,0.32846946084486117,-0.003566125184013205,-0.650809610988323,Fund of Funds,HSBC Mutual Fund,Overseas Fund of Funds - Fund of Funds investing overseas
151142,HSBC Business Cycles Fund - Direct Growth,2022-11-28,2026-08-14,915,0.18175876964319637,0.16916179913954513,0.7404122112544288,-0.23408332813295774,Thematic,HSBC Mutual Fund,Equity Schemes - Thematic Fund
149966,HSBC CRISIL IBX 50:50 Gilt Plus SDL Apr 2028 Index Fund - Direct - Growth,2022-04-04,2026-08-14,1059,0.06848550965504052,0.015456606649448914,0.578566046786345,-0.023607252083874708,Index,HSBC Mutual Fund,Other Scheme - Index Funds
151479,HSBC CRISIL IBX Gilt June 2027 Index Fund - Direct - Growth,2023-03-27,2026-08-14,819,0.07367892569709222,0.009787640189575545,1.447845379800501,-0.005224146738763702,Index,HSBC Mutual Fund,Other Scheme - Index Funds
120073,HSBC Conservative Hybrid Fund - Direct Growth,2013-01-11,2026-08-14,3281,0.08911383952735719,0.049570215644289616,0.6125048721930705,-0.10376613051782468,Conservative Hybrid,HSBC Mutual Fund,Hybrid Schemes - Conservative Hybrid Fund
152032,HSBC Consumption Fund - Direct Growth,2023-09-04,2026-08-14,724,0.1747509197740975,0.15031120563633954,0.7754722910405355,-0.21202506000062338,Thematic,HSBC Mutual Fund,Equity Schemes - Thematic Fund
150996,HSBC Corporate Bond Fund - Direct Growth,2022-11-28,2026-08-14,901,0.07416053742147977,0.011393746716021785,1.262684688917061,-0.007134268930866772,Corporate Bond,HSBC Mutual Fund,Income/Debt Oriented Schemes - Corporate Bond Fund
151045,HSBC Credit Risk Fund - Direct Growth,2022-11-28,2026-08-14,901,0.11030072159810911,0.05897847125982045,0.8533602574553524,-0.0038046356267058545,Credit Risk,HSBC Mutual Fund,Income/Debt Oriented Schemes - Credit Risk Fund
151087,HSBC Dynamic Bond Fund - Direct Growth,2022-11-28,2026-08-14,901,0.07123440426726613,0.020959694024753606,0.5585464384140368,-0.019622678649418357,Dynamic Bond,HSBC Mutual Fund,Income/Debt Oriented Schemes - Dynamic Term Fund
151078,HSBC ELSS Tax saver Fund - Direct Growth,2022-11-28,2026-08-14,915,0.17456309881963805,0.15493380349064442,0.7530441599174428,-0.19208133601765576,ELSS,HSBC Mutual Fund,Equity Scheme - ELSS
151060,HSBC Equity Savings Fund - Direct Growth,2022-11-28,2026-08-14,915,0.13833686102647658,0.06621656767795557,1.1289680203253125,-0.11533833755032075,Equity Savings,HSBC Mutual Fund,Hybrid Scheme - Equity Savings
153266,HSBC Financial Services Fund - Direct Growth,2025-03-04,2026-08-14,357,0.18909375074996082,0.17178815860569505,0.7681777907870805,-0.14784450849753517,Sectoral,HSBC Mutual Fund,Equity Scheme - Sectoral/ Thematic
120046,HSBC Flexi Cap Fund - Direct Growth,2013-01-02,2026-08-14,3351,0.15231919597336874,0.16979261022105768,0.5873744794411822,-0.3978750558809009,Flexi Cap,HSBC Mutual Fund,Equity Scheme - Flexi Cap Fund
148411,HSBC Focused Fund - Direct Growth,2020-07-29,2026-08-14,1492,0.19867673706331734,0.15750180031856087,0.8734201246773147,-0.21213719119789987,Focused,HSBC Mutual Fund,Equity Scheme - Focused Fund
151014,HSBC Gilt Fund - Direct Growth,2022-11-28,2026-08-14,901,0.06541114670854187,0.028737600257531307,0.2170147749504225,-0.03579233979816443,Gilt,HSBC Mutual Fund,Debt Scheme - Gilt Fund
120043,HSBC Global Emerging Market Fund - Growth Direct,2013-01-03,2026-08-14,3029,0.0923404209566927,0.1745237430512292,0.3168880026249298,-0.34591379259823596,Fund of Funds,HSBC Mutual Fund,Other Scheme - FoF Overseas
154295,HSBC Gold ETF Fund of fund - Direct Growth,2026-04-07,2026-08-14,90,0.06211856679124761,0.20773010259339966,0.10338631066901373,-0.12166326782562586,Fund of Funds,HSBC Mutual Fund,Other Scheme - FoF Domestic
129197,HSBC Income Plus Arbitrage Active FOF - Growth Direct,2014-05-05,2026-08-14,2966,0.07428773425138879,0.032657218250270625,0.46894209518586166,-0.051498097902977324,Fund of Funds,HSBC Mutual Fund,Other Scheme - FoF Domestic
152829,HSBC India Export Opportunities Fund - Direct Growth,2024-09-30,2026-08-14,462,0.10053869914316338,0.16094762641559535,0.3161774008735705,-0.20548919363053664,Sectoral,HSBC Mutual Fund,Equity Scheme - Sectoral/ Thematic
151040,HSBC Infrastructure Fund - Direct Growth,2022-11-28,2026-08-14,915,0.21961372663973244,0.17891331025889523,0.8903783881590218,-0.25346237420932805,Sectoral,HSBC Mutual Fund,Equity Scheme - Sectoral/ Thematic
146772,HSBC Large & Mid Cap Fund - Direct Growth,2019-04-04,2026-08-14,1813,0.17750438698580173,0.1844324929079448,0.6752705537769321,-0.36103618184433894,Mid Cap,HSBC Mutual Fund,Equity Scheme - Large & Mid Cap Fund
120030,HSBC Large Cap Fund - Direct Growth,2013-01-02,2026-08-14,3351,0.12607632566600802,0.1639730195955389,0.4582308128161523,-0.36046724012036035,Large Cap,HSBC Mutual Fund,Equity Scheme - Large Cap Fund
120038,HSBC Liquid Fund -  Growth Direct,2013-01-01,2026-08-16,4015,0.06828782285394519,0.0021644625351109766,-1.619167797566201,-0.0027110151401539273,Liquid,HSBC Mutual Fund,Debt Scheme - Liquid Fund
151117,HSBC Low Duration Fund - Direct Growth,2022-11-28,2026-08-14,901,0.07898566479358693,0.008170968479049353,2.326778743123638,-0.0022532262815812,Low Duration,HSBC Mutual Fund,Debt Scheme - Low Duration Fund
151146,HSBC Medium Duration Fund - Direct Growth,2022-11-28,2026-08-14,901,0.08059995657586394,0.011833066926921418,1.7410708869448646,-0.005816052304359887,Medium Duration,HSBC Mutual Fund,Debt Scheme - Medium Duration Fund
120059,HSBC Medium to Long Duration Fund - Direct Growth,2013-01-08,2026-08-14,3284,0.06836820092838969,0.03324260123099573,0.28818161050789937,-0.08837849823775179,Long Duration,HSBC Mutual Fund,Debt Scheme - Medium to Long Duration Fund
151036,HSBC Midcap Fund - Direct Growth,2022-11-28,2026-08-14,915,0.2541175680976948,0.17113131219167318,1.0894199155925168,-0.2596046912079705,Mid Cap,HSBC Mutual Fund,Equity Scheme - Mid Cap Fund
151054,HSBC Money Market Fund - Direct Growth,2022-11-28,2026-08-14,901,0.07356104117082563,0.004033964121605991,3.4085486226486137,-0.0016307010301509495,Money Market,HSBC Mutual Fund,Debt Scheme - Money Market Fund
129193,HSBC Multi Asset Active FOF - Growth Direct,2014-05-05,2026-08-14,2972,0.1302241000372737,0.11036515664837504,0.6670459484540769,-0.2538845711858222,Fund of Funds,HSBC Mutual Fund,Other Scheme - FoF Domestic
152380,HSBC Multi Asset Allocation Fund - Direct - Growth,2024-03-01,2026-08-14,604,0.16089756842143732,0.1437917296723806,0.719013001843852,-0.18687175282440227,Multi Asset,HSBC Mutual Fund,Hybrid Scheme - Multi Asset Allocation
151290,HSBC Multi Cap Fund - Direct - Growth,2023-02-03,2026-08-14,867,0.24032395842244347,0.15230466895797945,1.134206485780994,-0.20074286341896908,Multi Cap,HSBC Mutual Fund,Equity Scheme - Multi Cap Fund
151157,HSBC NIFTY 50 INDEX FUND - Direct Growth,2022-11-28,2026-08-14,915,0.08606653200433123,0.1262664804174854,0.25689621282919567,-0.155103232643366,Index,HSBC Mutual Fund,Other Scheme - Index Funds
151160,HSBC NIFTY NEXT 50 INDEX FUND - Direct Growth,2022-11-28,2026-08-14,915,0.16235844678039846,0.17463308660193103,0.6257295642127361,-0.26594661108756057,Index,HSBC Mutual Fund,Other Scheme - Index Funds
147287,HSBC Overnight Fund - Direct Growth,2019-05-22,2026-08-16,2108,0.05135142491696376,0.001309805006838066,-12.716925540338908,0.0,Overnight,HSBC Mutual Fund,Debt Scheme - Overnight Fund
151067,HSBC Short Duration Fund - Direct Growth,2022-11-28,2026-08-14,901,0.0741929767371321,0.009263658941437618,1.5540425044920165,-0.005844641047599963,Short Duration,HSBC Mutual Fund,Debt Scheme - Short Duration Fund
151130,HSBC Small Cap Fund - Direct Growth,2022-11-28,2026-08-14,915,0.1965155695520191,0.17246030967754378,0.8030664683788808,-0.2716391483334071,Small Cap,HSBC Mutual Fund,Equity Scheme - Small Cap Fund
147908,HSBC Ultra Short Duration Fund - Direct Growth,2020-01-30,2026-08-14,1584,0.06121150868294367,0.005502628555393881,0.3375363545726011,-0.00963929412906983,Ultra Short Duration,HSBC Mutual Fund,Debt Scheme - Ultra Short Duration Fund
151113,HSBC Value Fund - Direct Growth,2022-11-28,2026-08-14,915,0.19751962418640812,0.15125774490371913,0.8986496076864523,-0.19605613404051303,Value,HSBC Mutual Fund,Equity Scheme - Value Fund
154257,Helios Arbitrage Fund - Direct Growth,2026-03-23,2026-08-14,99,0.05931321803515566,0.016637276514152977,-0.08662230065594852,-0.003894839337877265,Arbitrage,Helios Mutual Fund,Hybrid Schemes - Arbitrage Fund
152509,Helios Balanced Advantage Fund- Direct Plan- Growth Option,2024-03-28,2026-08-14,587,0.07649921929596815,0.10649417443102893,0.19825495236685742,-0.11053540587219335,Balanced Advantage,Helios Mutual Fund,Hybrid Schemes - Balanced Advantage Fund/ Dynamic Asset Allocation
152679,Helios Financial Services Fund - Direct Plan - Growth Option,2024-06-25,2026-08-14,529,0.07907329661297968,0.17391725747720263,0.18778541164109183,-0.1767554479418887,Sectoral,Helios Mutual Fund,Equity Schemes - Sectoral Fund
152135,Helios Flexi Cap Fund - Direct Plan - Growth Option,2023-11-15,2026-08-14,678,0.18450460578873118,0.16477079598503191,0.7694376045999352,-0.18230206254158354,Flexi Cap,Helios Mutual Fund,Equity Schemes - Flexi Cap Fund
152941,Helios Large & Mid Cap Fund - Direct Plan - Growth Option,2024-11-04,2026-08-14,439,0.10157894098232645,0.16046842991505894,0.32170551995624624,-0.18037383177570088,Mid Cap,Helios Mutual Fund,Equity Schemes - Large & Mid Cap Fund
153326,Helios Mid Cap Fund - Direct Plan - Growth Option,2025-03-17,2026-08-14,349,0.2730916753889281,0.16281544864841013,1.2275557000924453,-0.16742424242424236,Mid Cap,Helios Mutual Fund,Equity Schemes - Mid Cap Fund
152152,Helios Overnight Fund - Direct Plan - Growth Option,2023-10-25,2026-08-16,728,0.05956029893861703,0.0020602904267981816,-1.7761487367787532,0.0,Overnight,Helios Mutual Fund,Income/Debt Oriented Schemes - Overnight Fund
153912,Helios Small Cap Fund - Direct Plan - Growth Option,2025-11-28,2026-08-14,176,0.21102491861505923,0.18364029237640023,0.829591699161837,-0.168986083499006,Small Cap,Helios Mutual Fund,Equity Schemes - Small Cap Fund
152728,ICICI PRUDENTIAL ENERGY OPPORTUNITIES FUND - Direct Plan - Growth,2024-07-23,2026-08-14,510,0.08621862918128764,0.14481896178068265,0.2402611134726501,-0.18738049713193128,Sectoral,ICICI Prudential Mutual Fund,Equity Scheme - Sectoral/ Thematic
150310,ICICI PRUDENTIAL HOUSING OPPORTUNITIES FUND - Direct Plan Growth,2022-04-19,2026-08-14,1066,0.15224050202794137,0.12629450048126697,0.7356311247898517,-0.16684782608695647,Sectoral,ICICI Prudential Mutual Fund,Equity Scheme - Sectoral/ Thematic
150685,ICICI PRUDENTIAL TRANSPORTATION AND LOGISTICS FUND - Direct Plan - Growth,2022-10-31,2026-08-14,934,0.2596848039115409,0.15936910552641476,1.1853287284859146,-0.23583093179634962,Sectoral,ICICI Prudential Mutual Fund,Equity Scheme - Sectoral/ Thematic
153684,ICICI Prudential Active Momentum Fund - Direct Plan - Growth,2025-07-28,2026-08-14,258,0.11361014435798111,0.12217038106545974,0.4732818354800882,-0.11009174311926617,Sectoral,ICICI Prudential Mutual Fund,Equity Scheme - Sectoral/ Thematic
120700,ICICI Prudential Aggressive Hybrid Active FOF - Direct Plan - Growth,2013-04-05,2026-08-14,2803,0.1550924385820438,0.16468062956998294,0.7640753890492247,-0.357398515250675,Fund of Funds,ICICI Prudential Mutual Fund,Other Scheme - FoF Domestic
120603,ICICI Prudential All Seasons Bond Fund - Direct Plan - Growth,2013-01-03,2026-08-14,3288,0.09457089186331613,0.0249347233611187,1.388146111359206,-0.03589291668651451,Dynamic Bond,ICICI Prudential Mutual Fund,Debt Scheme - Dynamic Bond
120364,ICICI Prudential Arbitrage Fund - Direct Plan - Growth,2013-01-08,2026-08-14,3347,0.07020462764365609,0.010377358930823711,0.9193320460038578,-0.0060011907414374566,Arbitrage,ICICI Prudential Mutual Fund,Hybrid Scheme - Arbitrage Fund
149331,ICICI Prudential BSE 500 ETF FOF - Direct Plan - Growth,2021-12-02,2026-08-14,1159,0.1059715256500624,0.13937000502922697,0.37841224007716767,-0.19430056435355048,Fund of Funds,ICICI Prudential Mutual Fund,Other Scheme - FoF Domestic
120377,ICICI Prudential Balanced Advantage Fund - Direct Plan -  Growth,2013-01-02,2026-08-14,3351,0.12822826237339013,0.08979732201400663,0.7531592654954319,-0.27025727338302474,Balanced Advantage,ICICI Prudential Mutual Fund,Hybrid Scheme - Dynamic Asset Allocation or Balanced Advantage
154417,ICICI Prudential Balanced Hybrid Fund - Direct Plan - Growth,2026-07-20,2026-08-14,20,0.20745971618741632,0.05461146716760605,2.062000759932959,-0.009775171065493637,Balanced Hybrid,ICICI Prudential Mutual Fund,Hybrid Scheme - Balanced Hybrid Fund
120244,ICICI Prudential Banking and Financial Services Fund - Direct Plan -  Growth,2013-01-02,2026-08-14,3351,0.14515397589256152,0.19836123934966907,0.4975611289651751,-0.4775670372792675,Sectoral,ICICI Prudential Mutual Fund,Equity Scheme - Sectoral/ Thematic
120256,ICICI Prudential Banking and PSU Debt Fund - Direct Plan -  Growth,2013-03-14,2026-08-14,3239,0.08081376880838431,0.01698383511523789,1.254894404524164,-0.028847651235516247,Banking & PSU,ICICI Prudential Mutual Fund,Debt Scheme - Banking and PSU Fund
146951,ICICI Prudential Bharat Consumption Fund - Direct Plan - Growth Option,2019-04-15,2026-08-14,1806,0.14999278836976981,0.15505557251348473,0.6139617265983086,-0.31344612644701697,Sectoral,ICICI Prudential Mutual Fund,Equity Scheme - Sectoral/ Thematic
120300,ICICI Prudential Blended Plan B - Direct Plan -  Growth Option - I,2013-01-03,2016-10-07,904,0.093441072451107,0.02632707791491185,1.2942924287713966,-0.04985217769507311,Debt,ICICI Prudential Mutual Fund,Income
120619,ICICI Prudential Bond Fund - Direct Plan - Growth,2013-01-03,2026-08-14,3287,0.08006787917823877,0.03143825914918585,0.6647691188168904,-0.10202255863315035,Long Duration,ICICI Prudential Mutual Fund,Debt Scheme - Medium to Long Duration Fund
148651,ICICI Prudential Business Cycle Fund Direct Plan Growth,2021-01-19,2026-08-14,1371,0.19226761285062555,0.12771260879011992,1.0044283776742404,-0.14386515092120744,Sectoral,ICICI Prudential Mutual Fund,Equity Scheme - Sectoral/ Thematic
153236,ICICI Prudential CRISIL-IBX AAA Bond Financial Services Index -Dec 2026 Fund- Direct Plan - Growth,2025-01-28,2025-11-14,192,0.08437118917786357,0.006644370094518449,3.7457418326445016,-0.001529434397845364,Index,ICICI Prudential Mutual Fund,Other Scheme - Index Funds
153411,ICICI Prudential CRISIL-IBX Financial Services 3-6 Months Debt Index Fund - Direct Plan - Growth,2025-03-20,2026-08-14,340,0.07261691086291089,0.0038335247281852166,3.408274814563175,-0.0005476251323427439,Index,ICICI Prudential Mutual Fund,Other Scheme - Index Funds
147662,ICICI Prudential Commodities Fund - Direct Plan - Growth Option,2019-10-16,2026-08-14,1685,0.2714001673167359,0.23114192177720463,0.9188593188325489,-0.4120370370370371,Sectoral,ICICI Prudential Mutual Fund,Equity Scheme - Sectoral/ Thematic
153867,ICICI Prudential Conglomerate Fund - Direct Plan - Growth,2025-10-27,2026-08-14,199,0.08599210188695494,0.18508006902123916,0.2200100732143391,-0.1407907425265187,Sectoral,ICICI Prudential Mutual Fund,Equity Scheme - Sectoral/ Thematic
131061,ICICI Prudential Constant Maturity Gilt Fund - Direct Plan - Growth,2014-11-05,2026-08-14,2849,0.08424860628701047,0.03814748900338955,0.6553702903718722,-0.04682118045420047,Gilt,ICICI Prudential Mutual Fund,Debt Scheme - Gilt Fund with 10 year constant duration
120692,ICICI Prudential Corporate Bond Fund - Direct Plan - Growth,2013-01-03,2026-08-14,3288,0.08128511011394646,0.011873004068007162,1.821456643937605,-0.020074739944038078,Corporate Bond,ICICI Prudential Mutual Fund,Debt Scheme - Corporate Bond Fund
120711,ICICI Prudential Credit Risk Fund - Direct Plan - Growth,2013-01-03,2026-08-14,3287,0.08980427464578034,0.01450328989030027,2.060189269931846,-0.029331682185865238,Credit Risk,ICICI Prudential Mutual Fund,Debt Scheme - Credit Risk Fund
120702,ICICI Prudential Diversified Debt Strategy Active FOF  - Direct Plan - Growth,2013-01-04,2026-08-14,3259,0.0809220085511777,0.020048691347920946,1.1028761121983675,-0.04641744038164464,Fund of Funds,ICICI Prudential Mutual Fund,Other Scheme - FoF Domestic
154266,ICICI Prudential Diversified Equity All Cap Active FOF - Direct Plan - Growth,2026-03-23,2026-08-14,99,0.304796492026322,0.12280566308845667,1.7694692744759004,-0.0478257232873911,Fund of Funds,ICICI Prudential Mutual Fund,Other Scheme - FoF Domestic
148035,ICICI Prudential Diversified Equity All Cap Omni FOF - Direct Plan - Growth,2020-02-26,2026-08-14,1568,0.20664505408759615,0.15743540781383533,0.9391025305507383,-0.3141184781511758,Fund of Funds,ICICI Prudential Mutual Fund,Other Scheme - FoF Domestic
120679,ICICI Prudential Dynamic Asset Allocation Active FOF - Direct Plan - Growth,2013-01-11,2026-08-14,3313,0.12283592308649616,0.09116699220261619,0.7018946352221638,-0.26351243138834557,Fund of Funds,ICICI Prudential Mutual Fund,Other Scheme - FoF Domestic
120582,ICICI Prudential Dynamic Bond Fund - Direct Plan -  Growth,2013-01-02,2018-05-25,1298,0.09165083403861263,0.03762328008683131,0.8657526723716078,-0.0756217667761786,Debt,ICICI Prudential Mutual Fund,Income
120592,ICICI Prudential ELSS Tax Saver Fund - Direct Plan - Growth,2013-01-02,2026-08-14,3351,0.1490536197238681,0.14919269892123516,0.6268243529293269,-0.3751336525498583,ELSS,ICICI Prudential Mutual Fund,Equity Scheme - ELSS
148516,ICICI Prudential ESG Exclusionary Strategy Fund - Direct Plan - Growth,2020-10-12,2026-08-14,1439,0.1570407457204801,0.12430255624234783,0.7802442788867723,-0.1917808219178081,Sectoral,ICICI Prudential Mutual Fund,Equity Scheme - Sectoral/ Thematic
120251,ICICI Prudential Equity & Debt Fund - Direct Plan - Growth,2013-01-02,2026-08-14,3351,0.16599883573880803,0.11892939315918251,0.8780045000684032,-0.30701525622636583,Aggressive Hybrid,ICICI Prudential Mutual Fund,Hybrid Scheme - Aggressive Hybrid Fund
153070,ICICI Prudential Equity Minimum Variance Fund - Direct Plan - Growth,2024-12-09,2026-08-14,416,0.046877980371385686,0.11639372018298497,-0.05627492690709202,-0.14008810572687225,Sectoral,ICICI Prudential Mutual Fund,Equity Scheme - Sectoral/ Thematic
120688,ICICI Prudential Exports & Services Fund - Direct Plan - Growth,2013-01-08,2026-08-14,3346,0.18254240171740066,0.14309321729177635,0.8533709148257131,-0.3749417068241877,Sectoral,ICICI Prudential Mutual Fund,Equity Scheme - Sectoral/ Thematic
120587,ICICI Prudential FMCG Fund - Direct Plan -  Growth,2013-01-02,2026-08-14,3350,0.11320760006412756,0.14203868422025215,0.42243491480290546,-0.29591687932920163,Sectoral,ICICI Prudential Mutual Fund,Equity Scheme - Sectoral/ Thematic
148990,ICICI Prudential Flexicap Fund - Direct Plan - Growth,2021-07-19,2026-08-14,1250,0.17136546110864126,0.13571106545558687,0.8184656140535617,-0.19710144927536222,Flexi Cap,ICICI Prudential Mutual Fund,Equity Scheme - Flexi Cap Fund
120425,ICICI Prudential Floating Interest Fund - Direct Plan - Growth,2013-01-02,2026-08-14,3288,0.08242635519330888,0.009502216117311788,2.390865691639815,-0.018436341286983904,Floating Rate,ICICI Prudential Mutual Fund,Debt Scheme - Floater Fund
120722,ICICI Prudential Focused Equity Fund - Direct Plan - Growth,2013-01-10,2026-08-14,3345,0.1570216888662983,0.15093264279543472,0.6681723589289682,-0.34149218519610736,Focused,ICICI Prudential Mutual Fund,Equity Scheme - Focused Fund
120590,ICICI Prudential Gilt Fund - Direct Plan - Growth,2013-01-02,2026-08-14,3288,0.0850041043625338,0.044238662621740886,0.590782929166007,-0.12308944772804276,Gilt,ICICI Prudential Mutual Fund,Debt Scheme - Gilt Fund
120605,ICICI Prudential Gilt Fund Investment Plan PF Option - Direct Plan -Growth Option,2013-01-02,2018-05-25,1298,0.09316120907401859,0.05563409253548265,0.6266259540609999,-0.12571457017929588,Gilt,ICICI Prudential Mutual Fund,Gilt
120611,ICICI Prudential Gilt Fund Treasury Plan PF Option - Direct Plan -Growth Option,2013-02-26,2018-05-25,1251,0.06624243553302223,0.04178004895520197,0.2068152019160945,-0.04947347198312613,Gilt,ICICI Prudential Mutual Fund,Gilt
147648,ICICI Prudential Global Advantage Fund (FOF) - Direct Plan - Growth Option,2019-10-09,2026-08-14,1600,0.1348709719033223,0.14331509242812734,0.6059471805174981,-0.27062319823058534,Fund of Funds,ICICI Prudential Mutual Fund,Other Scheme - FoF Domestic
123654,ICICI Prudential Global Stable Equity Fund (FOF) - Direct - Growth,2013-09-17,2026-08-14,2953,0.1068314812823592,0.1262637448031097,0.47379631026464464,-0.26158940397350994,Fund of Funds,ICICI Prudential Mutual Fund,Other Scheme - FoF Overseas
120685,ICICI Prudential Gold ETF FOF - Direct Plan - Growth,2013-01-02,2026-08-14,3292,0.11310901092347247,0.16834219279330392,0.39162479166510433,-0.2579677297312446,Fund of Funds,ICICI Prudential Mutual Fund,Other Scheme - FoF Domestic
120313,ICICI Prudential Income plus Arbitrage Omni FOF - Direct Plan - Growth,2013-04-08,2026-08-14,3224,0.09560870131900212,0.05805511137139317,0.6375878715746907,-0.14004311111576173,Fund of Funds,ICICI Prudential Mutual Fund,Other Scheme - FoF Domestic
120621,ICICI Prudential Infrastructure Fund - Direct Plan -  Growth,2013-01-02,2026-08-14,3351,0.1641294123889716,0.17857316058854256,0.6255843361129196,-0.4683040159309658,Sectoral,ICICI Prudential Mutual Fund,Equity Scheme - Sectoral/ Thematic
151580,ICICI Prudential Innovation Fund - Direct Plan - Growth,2023-05-02,2026-08-14,810,0.24434684692661812,0.12070169062976263,1.4176610413929673,-0.16509926854754442,Sectoral,ICICI Prudential Mutual Fund,Equity Scheme - Sectoral/ Thematic
120596,ICICI Prudential Large & Mid Cap Fund - Direct Plan - Growth,2013-01-02,2026-08-14,3351,0.16198075856786764,0.15287774155985426,0.6904067110369276,-0.3741864916598304,Mid Cap,ICICI Prudential Mutual Fund,Equity Scheme - Large & Mid Cap Fund
120586,ICICI Prudential Large Cap Fund (erstwhile Bluechip Fund) - Direct Plan - Growth,2013-01-02,2026-08-14,3351,0.14738679644875607,0.1525677610509305,0.6065266628556844,-0.373022481265612,Large Cap,ICICI Prudential Mutual Fund,Equity Scheme - Large Cap Fund
120197,ICICI Prudential Liquid Fund - Direct Plan - Growth,2013-01-01,2026-08-16,4286,0.06841178007196391,0.0019714396947295098,-3.5432374253004943,-0.001638444635864822,Liquid,ICICI Prudential Mutual Fund,Debt Scheme - Liquid Fund
120743,ICICI Prudential Long Term Bond Fund - Direct Plan - Growth,2013-01-02,2026-08-14,3288,0.07920484668227146,0.044903700126099434,0.45810322673305487,-0.12031079889765395,Long Duration,ICICI Prudential Mutual Fund,Debt Scheme - Long Duration Fund
120668,ICICI Prudential MIP - Direct Plan -  Growth,2013-01-03,2018-05-25,1297,0.09987994585870408,0.042623676776479276,0.9541562296714291,-0.08135119312310646,Debt,ICICI Prudential Mutual Fund,Income
147346,ICICI Prudential MNC Fund - Direct Plan - Growth Option,2019-06-18,2026-08-14,1764,0.18806770041824294,0.13524362158528058,0.9283035028289134,-0.30733944954128445,Sectoral,ICICI Prudential Mutual Fund,Equity Scheme - Sectoral/ Thematic
120670,ICICI Prudential Medium Term Bond Fund - Direct Plan - Growth,2013-01-24,2026-08-14,3272,0.0856711844403919,0.019304286286474338,1.3480271178382066,-0.051350914091570776,Medium Duration,ICICI Prudential Mutual Fund,Debt Scheme - Medium Duration Fund
120381,ICICI Prudential MidCap Fund - Direct Plan -  Growth,2013-01-02,2026-08-14,3351,0.19538672146600544,0.17008010726347364,0.8078164054478767,-0.44038929440389285,Mid Cap,ICICI Prudential Mutual Fund,Equity Scheme - Mid Cap Fund
120211,ICICI Prudential Money Market Fund Option - Direct Plan -  Growth,2013-01-01,2026-08-14,3616,0.07269591380457707,0.004823751827511934,1.373374433147499,-0.012282069428827147,Money Market,ICICI Prudential Mutual Fund,Debt Scheme - Money Market Fund
120242,ICICI Prudential Multi Sector Passive FOF - Direct Plan - Growth,2013-01-02,2026-08-14,3351,0.12552731947035456,0.1323709157017609,0.5281245933713848,-0.34878907860405783,Fund of Funds,ICICI Prudential Mutual Fund,Other Scheme - FoF Domestic
154449,ICICI Prudential Multi-Asset Active FOF - Direct Plan - Growth,2026-07-20,2026-08-14,20,0.27528450196162124,0.041765337439209356,3.8710046403078153,-0.004657610755390618,Fund of Funds,ICICI Prudential Mutual Fund,Other Scheme - FoF Domestic
120334,ICICI Prudential Multi-Asset Fund - Direct Plan - Growth,2013-01-02,2026-08-14,3349,0.16235843505059044,0.11780728459258655,0.8587763677755744,-0.30608667415461377,Multi Asset,ICICI Prudential Mutual Fund,Hybrid Scheme - Multi Asset Allocation
120599,ICICI Prudential Multicap Fund - Direct Plan -  Growth,2013-01-02,2026-08-14,3351,0.164092072226661,0.1539882050808201,0.6986149593291457,-0.388783618581907,Multi Cap,ICICI Prudential Mutual Fund,Equity Scheme - Multi Cap Fund
149219,ICICI Prudential NASDAQ 100 Index Fund - Direct Plan - Growth,2021-10-19,2026-08-14,1145,0.2070458566707336,0.24124570661190717,0.6997543232987916,-0.3003754114731664,Index,ICICI Prudential Mutual Fund,Other Scheme - Index Funds
148822,ICICI Prudential Nifty 100 Low Volatility 30 ETF FOF - Direct Plan - Growth,2021-04-13,2026-08-14,1316,0.1265651838536419,0.11546236359435369,0.5937850234574971,-0.18323404684975764,Fund of Funds,ICICI Prudential Mutual Fund,Other Scheme - FoF Domestic
150452,ICICI Prudential Nifty 200 Momentum 30 Index Fund - Direct Plan - Growth,2022-08-08,2026-08-14,988,0.13651409433439787,0.18230035368816624,0.4824505575515291,-0.31824268991762616,Index,ICICI Prudential Mutual Fund,Other Scheme - Index Funds
153161,ICICI Prudential Nifty 500 Index Fund - Direct Plan - Growth,2024-12-23,2026-08-14,406,0.03806622135163118,0.1437441237301256,-0.08045147307159946,-0.14745762711864407,Index,ICICI Prudential Mutual Fund,Other Scheme - Index Funds
149158,ICICI Prudential Nifty Alpha Low - Volatility 30 ETF FOF - Direct Plan - Growth,2021-09-21,2026-08-14,1207,0.09297391619066087,0.13193315662060673,0.30063885725641876,-0.2507559517093534,Fund of Funds,ICICI Prudential Mutual Fund,Other Scheme - FoF Domestic
150643,ICICI Prudential Nifty Auto Index Fund - Direct Plan - Growth,2022-10-12,2026-08-14,945,0.2488275914461029,0.18035474999728895,1.0204030084323985,-0.28329037897969445,Index,ICICI Prudential Mutual Fund,Other Scheme - Index Funds
149858,ICICI Prudential Nifty Bank Index Fund - Direct Plan Growth,2022-03-03,2026-08-14,1096,0.12379564042917623,0.16294747152831845,0.4469045592770211,-0.18311866016804446,Index,ICICI Prudential Mutual Fund,Other Scheme - Index Funds
153394,ICICI Prudential Nifty EV & New Age Automotive ETF FOF - Direct Plan - Growth,2025-04-21,2026-08-14,327,0.19118422292634274,0.18110701939684748,0.7404881129737604,-0.1962114558741772,Fund of Funds,ICICI Prudential Mutual Fund,Other Scheme - FoF Domestic
150733,ICICI Prudential Nifty G-Sec Dec 2030 Index Fund - Direct Plan - Growth,2022-10-12,2026-08-14,930,0.08151652393699615,0.02067341591094813,1.0555103598144628,-0.018528933408320514,Index,ICICI Prudential Mutual Fund,Other Scheme - Index Funds
150468,ICICI Prudential Nifty IT Index Fund - Direct Plan - Growth,2022-08-19,2026-08-14,981,0.027647187349657765,0.21406366613342792,-0.04275724067574393,-0.4221215109223301,Index,ICICI Prudential Mutual Fund,Other Scheme - Index Funds
152482,ICICI Prudential Nifty LargeMidcap 250 Index Fund - Direct Plan - Growth,2024-03-14,2026-08-14,596,0.09827130520666505,0.15441001749342623,0.3105259067729599,-0.18906954028421086,Index,ICICI Prudential Mutual Fund,Other Scheme - Index Funds
149389,ICICI Prudential Nifty Midcap 150 Index Fund - Direct Plan - Growth,2021-12-23,2026-08-14,1144,0.1710125748288871,0.16788317538831266,0.6893517506222342,-0.21094950220466469,Index,ICICI Prudential Mutual Fund,Other Scheme - Index Funds
120684,ICICI Prudential Nifty Next 50 Index Fund - Direct Plan -  Growth,2013-01-02,2026-08-14,3351,0.14461120781168701,0.1792258823948086,0.5274010555277808,-0.4108783062899005,Index,ICICI Prudential Mutual Fund,Other Scheme - Index Funds
149210,ICICI Prudential Nifty PSU Bond Plus SDL Sep 2027 40:60 Index Fund - Direct Plan Growth,2021-09-29,2026-08-14,1181,0.06123097525705923,0.015445098548322078,0.1281059210892279,-0.03558131538877174,Index,ICICI Prudential Mutual Fund,Other Scheme - Index Funds
150930,ICICI Prudential Nifty Pharma Index Fund - Direct Plan - Growth,2022-12-15,2026-08-14,902,0.2181791304715932,0.14500406978081332,1.0536892633714394,-0.16588667801195622,Index,ICICI Prudential Mutual Fund,Other Scheme - Index Funds
153679,ICICI Prudential Nifty Private Bank Index Fund - Direct Plan - Growth,2025-07-18,2026-08-14,264,-0.01907586079808854,0.16149639653091813,-0.41386577745465974,-0.17136159219213476,Index,ICICI Prudential Mutual Fund,Other Scheme - Index Funds
150729,ICICI Prudential Nifty SDL Dec 2028 Index Fund - Direct Plan - Growth,2022-10-13,2026-08-14,929,0.07985478180403893,0.017065026940616873,1.1825672757274732,-0.01162172308077336,Index,ICICI Prudential Mutual Fund,Other Scheme - Index Funds
151211,ICICI Prudential Nifty SDL Sep 2026 Index Fund - Direct Plan - Growth,2022-12-22,2026-08-14,882,0.0716078226054444,0.006802676795501948,1.7819926408263815,-0.003212819546635548,Index,ICICI Prudential Mutual Fund,Other Scheme - Index Funds
149999,ICICI Prudential Nifty SDL Sep 2027 Index Fund - Direct Plan - Growth,2022-03-25,2026-08-14,1063,0.06647517833899808,0.016738892600919607,0.42851604357620654,-0.03803926248582856,Index,ICICI Prudential Mutual Fund,Other Scheme - Index Funds
149283,ICICI Prudential Nifty Smallcap 250 Index Fund - Direct Plan - Growth,2021-11-03,2026-08-14,1177,0.14078865750375535,0.1867763657221275,0.4949244304870369,-0.26887030226088904,Index,ICICI Prudential Mutual Fund,Other Scheme - Index Funds
153614,ICICI Prudential Nifty Top 15 Equal Weight Index Fund - Direct Plan - Growth,2025-06-27,2026-08-14,279,-0.03822955771582581,0.13600129440774397,-0.6671536907766937,-0.1753084094547509,Index,ICICI Prudential Mutual Fund,Other Scheme - Index Funds
153546,ICICI Prudential Nifty200 Quality 30 Index Fund - Direct Plan - Growth,2025-06-10,2026-08-14,292,0.009742028477696563,0.12906681922545118,-0.3238211038938914,-0.1577256911253011,Index,ICICI Prudential Mutual Fund,Other Scheme - Index Funds
152936,ICICI Prudential Nifty200 Value 30 Index Fund - Direct Plan - Growth,2024-10-21,2026-08-14,448,0.06860816484104437,0.18860895193205207,0.13581720524149637,-0.1844542033894867,Index,ICICI Prudential Mutual Fund,Other Scheme - Index Funds
150639,ICICI Prudential Nifty50 Equal Weight Index Fund- Direct Plan - Growth,2022-10-04,2026-08-14,950,0.14906482466315985,0.12785507198426796,0.7090381201130298,-0.18093682794153165,Index,ICICI Prudential Mutual Fund,Other Scheme - Index Funds
152365,ICICI Prudential Nifty50 Value 20 Index Fund - Direct Plan - Growth,2024-02-05,2026-08-14,623,0.00851167085807969,0.1350450463263631,-0.31265319969750316,-0.19191411941945002,Index,ICICI Prudential Mutual Fund,Other Scheme - Index Funds
145536,ICICI Prudential Overnight Fund - Direct Plan - Growth,2018-11-15,2026-08-16,2396,0.41567698235523665,2.9197712037266714,0.3179424767040231,0.0,Overnight,ICICI Prudential Mutual Fund,Debt Scheme - Overnight Fund
150539,ICICI Prudential PSU Equity Fund - Direct Plan - Growth,2022-09-13,2026-08-14,965,0.23980214658116816,0.1688831795256648,1.0343661740287917,-0.23034424139396525,Sectoral,ICICI Prudential Mutual Fund,Equity Scheme - Sectoral/ Thematic
149441,ICICI Prudential Passive Multi-Asset Fund of Funds - Direct Plan - Growth,2022-01-17,2026-08-14,1081,0.1252887643940599,0.06892465022596203,0.9914456045013423,-0.07394618465405267,Fund of Funds,ICICI Prudential Mutual Fund,Other Scheme - FoF Domestic
153458,ICICI Prudential Quality Fund - Direct Plan - Growth,2025-05-26,2026-08-14,303,0.07629982464587926,0.1119334969915632,0.1877503888010447,-0.12825278810408913,Sectoral,ICICI Prudential Mutual Fund,Equity Scheme - Sectoral/ Thematic
148600,ICICI Prudential Quant Fund Direct Plan Growth,2020-12-14,2026-08-14,1397,0.1690148060027461,0.13798298179726576,0.7918989796399837,-0.16470588235294126,Sectoral,ICICI Prudential Mutual Fund,Equity Scheme - Sectoral/ Thematic
120616,ICICI Prudential Regular Savings Fund - Direct Plan - Growth,2013-01-04,2026-08-14,3286,0.10367899593489671,0.04233281099475181,1.0368205968998856,-0.08849088248351611,Conservative Hybrid,ICICI Prudential Mutual Fund,Hybrid Scheme - Conservative Hybrid Fund
146721,ICICI Prudential Retirement Fund - Hybrid Aggressive - Direct Plan - Growth Option,2019-02-28,2026-08-14,1836,0.16891887541349737,0.13887353370558522,0.7893251290042375,-0.2871376811594202,Retirement,ICICI Prudential Mutual Fund,Solution Oriented Scheme - Retirement Fund
146716,ICICI Prudential Retirement Fund - Hybrid Conservative - Direct Plan - Growth Option,2019-02-28,2026-08-14,1805,0.10054674612836156,0.04623132933590752,0.8847082202820185,-0.10155426408974189,Retirement,ICICI Prudential Mutual Fund,Solution Oriented Scheme - Retirement Fund
146727,ICICI Prudential Retirement Fund - Pure Debt - Direct Plan - Growth Option,2019-02-28,2026-08-14,1805,0.0759729890153431,0.017953414485351673,0.9167045016509542,-0.026741374946543384,Retirement,ICICI Prudential Mutual Fund,Solution Oriented Scheme - Retirement Fund
146349,ICICI Prudential Retirement Fund - Pure Equity - Direct Plan - Growth Option,2019-02-28,2026-08-14,1836,0.2040386560534766,0.17488305566599419,0.8328886435455981,-0.371713508612874,Retirement,ICICI Prudential Mutual Fund,Solution Oriented Scheme - Retirement Fund
153184,ICICI Prudential Rural Opportunities Fund - Direct Plan - Growth,2025-01-29,2026-08-14,380,0.08924663545775724,0.125216791373494,0.2819044342167489,-0.14369747899159668,Sectoral,ICICI Prudential Mutual Fund,Equity Scheme - Sectoral/ Thematic
120398,ICICI Prudential Savings Fund - Direct Plan - Growth,2013-01-02,2026-08-14,3288,0.07760911223801803,0.007791452509386937,2.316305050846875,-0.016181732554690575,Low Duration,ICICI Prudential Mutual Fund,Debt Scheme - Low Duration Fund
120754,ICICI Prudential Short Term Fund - Direct Plan - Growth Option,2013-01-02,2026-08-14,3288,0.08459515763401404,0.01602376777524466,1.5534027988730044,-0.03378293562899115,Short Duration,ICICI Prudential Mutual Fund,Debt Scheme - Short Duration Fund
149775,ICICI Prudential Silver ETF FOF - Direct Plan - Growth,2022-02-02,2026-08-14,1100,0.3218934545320158,0.3346609818348816,0.8588915454838226,-0.45532751671907523,Fund of Funds,ICICI Prudential Mutual Fund,Other Scheme - FoF Domestic
120591,ICICI Prudential Smallcap Fund - Direct Plan - Growth,2013-01-03,2026-08-14,3322,0.1691266415521726,0.1495130319706344,0.7537118068104582,-0.45117739403453694,Small Cap,ICICI Prudential Mutual Fund,Equity Scheme - Small Cap Fund
149455,ICICI Prudential Strategic Metal and Energy Equity Fund of Fund - Direct Plan Growth,2022-02-03,2026-08-14,1060,0.30092642251033475,0.2543470253133819,1.0060844018383917,-0.24344223586485214,Fund of Funds,ICICI Prudential Mutual Fund,Other Scheme - FoF Overseas
120594,ICICI Prudential Technology Fund - Direct Plan -  Growth,2013-01-02,2026-08-14,3350,0.19019625227517833,0.17935229985720547,0.7501893910208115,-0.3508958396598846,Sectoral,ICICI Prudential Mutual Fund,Equity Scheme - Sectoral/ Thematic
120186,ICICI Prudential US Bluechip Equity Fund - Direct Plan -  Growth,2013-01-03,2026-08-14,3241,0.16923766403885687,0.1761864803813164,0.6871776190061164,-0.24646693046919166,Sectoral,ICICI Prudential Mutual Fund,Equity Scheme - Sectoral/ Thematic
120676,ICICI Prudential Ultra Short Term Fund - Direct Plan -  Growth,2013-01-09,2026-08-14,3283,0.07943151662874515,0.017554373839798805,1.136163942443652,-0.07489668132946392,Ultra Short Duration,ICICI Prudential Mutual Fund,Debt Scheme - Ultra Short Duration Fund
120323,ICICI Prudential Value Fund (erstwhile Value Discovery Fund) - Direct Plan - Growth,2013-01-02,2026-08-14,3350,0.1731522532031633,0.1422641247507677,0.7998320578387971,-0.36702290076335875,Value,ICICI Prudential Mutual Fund,Equity Scheme - Value Fund
147617,ITI Arbitrage Fund - Direct Plan - Growth Option,2019-09-12,2026-08-14,1706,0.05492642939434855,0.01048258861128266,-0.49986616176157084,-0.005781408614105588,Arbitrage,ITI Mutual Fund,Hybrid Scheme - Arbitrage Fund
147789,ITI Balanced Advantage Fund - Direct Plan - Growth Option,2020-01-03,2026-08-14,1631,0.07727509859854798,0.12827035295496866,0.1908656023961665,-0.33631128103373176,Balanced Advantage,ITI Mutual Fund,Hybrid Scheme - Dynamic Asset Allocation or Balanced Advantage
148534,ITI Banking & PSU Debt Fund - Direct Plan - Growth Option,2020-10-23,2026-08-14,1404,0.062363934485534456,0.007518875448877616,0.41699731490463243,-0.010583571857141427,Banking & PSU,ITI Mutual Fund,Debt Scheme - Banking and PSU Fund
149321,ITI Banking and Financial Services Fund - Direct Plan - Growth Option,2021-12-08,2026-08-14,1154,0.12222237031751226,0.16196109637546527,0.43949257080242377,-0.16717251292257507,Sectoral,ITI Mutual Fund,Equity Scheme - Sectoral/ Thematic
153260,ITI Bharat Consumption Fund - Direct Plan - Growth,2025-03-05,2026-08-14,356,0.15926003287837043,0.1377142468055932,0.7324472589285539,-0.16425826929502174,Sectoral,ITI Mutual Fund,Equity Scheme - Sectoral/ Thematic
154157,ITI Business Cycle Fund- Direct Plan- Growth,2026-03-12,2026-08-14,106,0.15802900758966865,0.11576343485663504,0.8302714987068348,-0.042829429855689605,Sectoral,ITI Mutual Fund,Equity Scheme - Sectoral/ Thematic
149029,ITI Dynamic Term Fund - Direct Plan - Growth Option,2021-07-15,2026-08-14,1230,0.06166557590149324,0.01611148926717103,0.15424323112620072,-0.017801799077783675,Dynamic Bond,ITI Mutual Fund,Income/Debt Oriented Schemes - Dynamic Term Fund
147541,ITI ELSS Tax Saver Fund - Direct Plan - Growth Option,2019-10-25,2026-08-14,1678,0.16975533498725115,0.18156740894670323,0.6446022068062034,-0.38493723849372385,ELSS,ITI Mutual Fund,Equity Scheme - ELSS
151379,ITI Flexi Cap Fund- Direct Plan- Growth,2023-02-22,2026-08-14,853,0.24384140926758047,0.15518419317725238,1.1369426154913347,-0.21442751106711055,Flexi Cap,ITI Mutual Fund,Equity Scheme - Flexi Cap Fund
151777,ITI Focused Fund - Direct Plan - Growth,2023-06-21,2026-08-14,774,0.20088952161643414,0.1571878402150044,0.8931417883976828,-0.18438117957249134,Focused,ITI Mutual Fund,Equity Scheme - Focused Fund
152821,ITI Large & Midcap Fund - Direct Plan - Growth,2024-09-13,2026-08-14,473,0.013201959794487683,0.17404870025581481,-0.1806451937963663,-0.20178153471187876,Mid Cap,ITI Mutual Fund,Equity Scheme - Large & Mid Cap Fund
148353,ITI Large Cap Fund - Direct Plan - Growth Option,2020-12-29,2026-08-14,1386,0.12493179128940146,0.14897841089000854,0.4807701233827726,-0.20761070385601044,Large Cap,ITI Mutual Fund,Equity Scheme - Large Cap Fund
147157,ITI Liquid Fund - Direct Plan - Growth Option,2019-04-24,2026-08-16,2213,0.053853935233241446,0.0015992481015795154,-10.189430281837707,-0.00010595771786403585,Liquid,ITI Mutual Fund,Debt Scheme - Liquid Fund
148733,ITI Mid Cap Fund - Direct Plan - Growth Option,2021-03-10,2026-08-14,1336,0.1942957336804516,0.16408859603481538,0.8262765850220943,-0.22660106241283673,Mid Cap,ITI Mutual Fund,Equity Scheme - Mid Cap Fund
147183,ITI Multi Cap Fund - Direct Plan - Growth Option,2019-05-16,2026-08-14,1786,0.1649322336924468,0.1789016537406772,0.6285374730620668,-0.38661038412832427,Multi Cap,ITI Mutual Fund,Equity Scheme - Multi Cap Fund
147713,ITI Overnight Fund - Direct Plan - Growth Option,2019-10-28,2026-08-16,2057,0.04932090777461329,0.0013136140425375317,-15.122796416139566,0.0,Overnight,ITI Mutual Fund,Debt Scheme - Overnight Fund
149268,ITI Pharma and Healthcare Fund - Direct Plan - Growth Option,2021-11-11,2026-08-14,1172,0.15459492473282466,0.13554281028247217,0.710847761472059,-0.17687410503502454,Sectoral,ITI Mutual Fund,Equity Scheme - Sectoral/ Thematic
147919,ITI Small Cap Fund - Direct Plan - Growth Option,2020-02-19,2026-08-14,1598,0.22905465759739174,0.20123947661711353,0.8527535509838567,-0.39860349725901323,Small Cap,ITI Mutual Fund,Equity Scheme - Small Cap Fund
148913,ITI Ultra Short Term Fund - Direct Plan - Growth Option,2021-05-06,2026-08-14,1278,0.06202512644714564,0.003294803971811602,0.7990835542208767,-0.0019320871417944918,Ultra Short Duration,ITI Mutual Fund,Income/Debt Oriented Schemes - Ultra Short Term Fund
148972,ITI Value Fund - Direct Plan - Growth Option,2021-06-17,2026-08-14,1271,0.13340717019720505,0.1586637667185445,0.5096766181161115,-0.22722553389542266,Value,ITI Mutual Fund,Equity Scheme - Value Fund
149961,Invesco India - Invesco EQQQ Nasdaq-100 ETF Fund of Fund - Direct Plan - Growth,2022-04-25,2026-08-14,965,0.2692773706586209,0.21237161075000965,1.0874262584546506,-0.22957332488762194,Fund of Funds,Invesco Mutual Fund,Overseas Fund of Funds - Fund of Funds investing overseas
148614,Invesco India - Invesco Global Consumer Trends Fund of Fund - Direct Plan - Growth,2020-12-29,2026-08-14,1285,0.05965557308177494,0.2897874325667593,0.15856108193191562,-0.5122328141549894,Fund of Funds,Invesco Mutual Fund,Overseas Fund of Funds - Fund of Funds investing overseas
129188,Invesco India - Invesco Global Equity Income Fund of Fund - Direct Plan - Growth,2014-05-07,2026-08-14,2833,0.12761826710230806,0.16060161882363022,0.5234925990151623,-0.3466635255315389,Fund of Funds,Invesco Mutual Fund,Overseas Fund of Funds - Fund of Funds investing overseas
126353,Invesco India - Invesco Pan European Equity Fund of Fund - Direct Plan - Growth Option,2014-02-04,2026-08-14,2888,0.09299469617900624,0.1886093341283742,0.2921595778071785,-0.4096172415124947,Fund of Funds,Invesco Mutual Fund,Overseas Fund of Funds - Fund of Funds investing overseas
143537,Invesco India Aggressive Hybrid Fund - Direct Plan - Growth,2018-07-04,2026-08-14,1997,0.11597977722314035,0.12399490880767923,0.4851725042654937,-0.2842391629808967,Aggressive Hybrid,Invesco Mutual Fund,Hybrid Schemes - Aggressive Hybrid Fund
120401,Invesco India Arbitrage Fund - Direct Plan - Growth Option,2013-01-02,2026-08-14,3351,0.06951575422856426,0.010237924263054188,0.8673798489420093,-0.005223529969164198,Arbitrage,Invesco Mutual Fund,Hybrid Schemes - Arbitrage Fund
154340,Invesco India BSE Sensex Index Fund - Direct Plan - Growth,2026-05-15,2026-08-14,64,0.18442232598201347,0.11310677171241736,1.0169371909031018,-0.03799595830248703,Index,Invesco Mutual Fund,Index Funds - Equity Funds
120333,Invesco India Balanced Advantage Fund - Direct Plan - Growth,2013-01-02,2026-08-14,3351,0.11884856114508713,0.10923137573861004,0.5586055650044395,-0.2649045521292216,Balanced Advantage,Invesco Mutual Fund,Hybrid Schemes - Balanced Advantage Fund/ Dynamic Asset Allocation
120444,Invesco India Banking and PSU Fund - Direct Plan -  Growth Option,2013-01-02,2026-08-14,3287,0.07203577426590435,0.021696836091367345,0.5927482051100925,-0.048870139805080814,Banking & PSU,Invesco Mutual Fund,Income/Debt Oriented Schemes - Banking and PSU Debt Fund
153291,Invesco India Business Cycle Fund - Direct Plan - Growth,2025-03-03,2026-08-14,358,0.3271274074860808,0.17987619986596778,1.3655122852589645,-0.16012084592145026,Thematic,Invesco Mutual Fund,Equity Schemes - Thematic Fund
153900,Invesco India Consumption Fund - Direct Plan - Growth,2025-10-29,2026-08-14,197,0.11870740092414533,0.16643076772003507,0.40806414314869593,-0.1556886227544909,Thematic,Invesco Mutual Fund,Equity Schemes - Thematic Fund
120348,Invesco India Contra Fund - Direct Plan - Growth,2013-01-02,2026-08-14,3351,0.1776900843031426,0.16053739400813624,0.7507171989346354,-0.3651853152994906,Contra,Invesco Mutual Fund,Equity Schemes - Contra Fund
120497,Invesco India Corporate Bond Fund - Direct Plan - Growth,2013-01-02,2026-08-14,3287,0.5061874455509174,27.47693976746949,0.2774580987100331,-0.0468898060975782,Corporate Bond,Invesco Mutual Fund,Income/Debt Oriented Schemes - Corporate Bond Fund
130722,Invesco India Credit Risk Fund - Direct Plan - Growth,2014-09-08,2026-08-14,2883,0.0741878200414996,0.02907511536694983,0.5195438728504881,-0.07955112901319206,Credit Risk,Invesco Mutual Fund,Income/Debt Oriented Schemes - Credit Risk Fund
120416,Invesco India ELSS Tax Saver Fund - Direct Plan - Growth,2013-01-02,2026-08-14,3351,0.1615361378139546,0.15524391970683715,0.6797031541633664,-0.3582089552238805,ELSS,Invesco Mutual Fund,Equity Schemes - ELSS- Tax Saver Fund
148751,Invesco India ESG Integration Strategy Fund - Direct Plan - Growth,2021-03-22,2026-08-14,1330,0.12552407131413812,0.1392783778208878,0.5078989037951838,-0.22779369627507173,Thematic,Invesco Mutual Fund,Equity Schemes - Thematic Fund
146457,Invesco India Equity Savings Fund - Direct Plan - Growth,2019-03-08,2026-08-14,1831,0.09023346526686682,0.061648271219120185,0.4928789827966924,-0.13596908065640245,Equity Savings,Invesco Mutual Fund,Hybrid Schemes - Equity Savings Fund
120385,Invesco India Financial Services Fund - Direct Plan - Growth,2013-01-02,2026-08-14,3351,0.15750921016828467,0.2030384388302787,0.5445371197101789,-0.4239733629300776,Sectoral,Invesco Mutual Fund,Equity Schemes - Sectoral Fund
149763,Invesco India Flexi Cap Fund - Direct Plan - Growth,2022-02-16,2026-08-14,1106,0.1822776365511467,0.14466707463414244,0.8432668497831939,-0.19402253797158264,Flexi Cap,Invesco Mutual Fund,Equity Schemes - Flexi Cap Fund
148481,Invesco India Focused Fund - Direct Plan - Growth,2020-10-01,2026-08-14,1446,0.2212523435313387,0.15235588246525,1.0254107902695102,-0.21984997114829774,Focused,Invesco Mutual Fund,Equity Schemes - Focused Fund
120520,Invesco India Gilt Fund - Direct  Plan - Growth,2013-01-02,2026-08-14,3287,0.5062019047736555,27.46364846644231,0.27748081390601276,-0.09165548498115872,Gilt,Invesco Mutual Fund,Income/Debt Oriented Schemes - Gilt Fund
120531,Invesco India Gold ETF Fund of Fund - Direct Plan - Growth,2013-01-02,2026-08-14,3351,0.11089808833604553,16.902775535714582,0.274205513141588,-0.9843945983808174,Value,Invesco Mutual Fund,Equity Schemes - Value Fund
153697,Invesco India Income Plus Arbitrage Active Fund of Fund - Direct Plan - Growth,2025-07-22,2026-08-14,258,0.05921322635344661,0.009103335392658387,-0.0034086787106744343,-0.0031020215064517798,Value,Invesco Mutual Fund,Equity Schemes - Value Fund
120405,Invesco India Infrastructure Fund - Direct Plan - Growth Option,2013-01-02,2026-08-14,3351,0.1921456213459367,0.17105963509000355,0.787978989352754,-0.3617415470125058,Thematic,Invesco Mutual Fund,Equity Schemes - Thematic Fund
120357,Invesco India Large & Mid Cap Fund - Direct Plan - Growth,2013-01-02,2026-08-14,3351,0.18091082366603928,0.15853877444935363,0.7757392220915418,-0.35311073744895516,Mid Cap,Invesco Mutual Fund,Equity Schemes - Large & Mid Cap Fund
120392,Invesco India Largecap Fund - Direct Plan - Growth,2013-01-02,2026-08-14,3351,0.15116406651879855,0.1561389370941545,0.6178581924900965,-0.3685121107266436,Large Cap,Invesco Mutual Fund,Equity Schemes - Large Cap Fund
120537,Invesco India Liquid Fund - Direct Plan - Growth,2013-01-01,2026-08-16,4172,0.06823013139713519,0.0020674765835424075,-2.745356445551322,-0.002263344835775838,Liquid,Invesco Mutual Fund,Income/Debt Oriented Schemes - Liquid Fund
120570,Invesco India Low Duration Fund - Direct Plan - Growth,2013-01-02,2026-08-14,3287,0.07448330349195409,0.007109457451210218,2.1144527015075716,-0.014169151319983309,Ultra Short Duration,Invesco Mutual Fund,Income/Debt Oriented Schemes - Ultra Short to Short Term Fund
152756,Invesco India Manufacturing Fund - Direct Plan - Growth,2024-08-19,2026-08-14,492,0.10103683227899452,0.1715153108107112,0.3077886031451134,-0.21639042357274396,Thematic,Invesco Mutual Fund,Equity Schemes - Thematic Fund
149011,Invesco India Medium Duration Fund - Direct Plan - Growth,2021-07-19,2026-08-14,1229,0.06307335388714064,0.014481544406148067,0.25934627162378626,-0.023028931910261563,Medium Duration,Invesco Mutual Fund,Income/Debt Oriented Schemes - Medium Term Fund
120403,Invesco India Midcap Fund - Direct Plan - Growth Option,2013-01-02,2026-08-14,3351,0.21185735498213942,0.16132339241407348,0.929596689942609,-0.340945902170392,Mid Cap,Invesco Mutual Fund,Equity Schemes - Mid Cap Fund
120507,Invesco India Money Market Fund - Direct Plan - Growth,2013-01-02,2026-08-14,3287,0.5047964930544535,27.442791652551566,0.2774166649858655,-0.009047230665604533,Money Market,Invesco Mutual Fund,Income/Debt Oriented Schemes - Money Market Fund
153047,Invesco India Multi Asset Allocation Fund - Direct Plan - Growth,2024-12-19,2026-08-14,408,0.1751684056061238,0.10138818435774173,1.0867864097792161,-0.10983102918586785,Multi Asset,Invesco Mutual Fund,Hybrid Schemes - Multi Asset Allocation Fund
120413,Invesco India Multicap Fund - Direct Plan - Growth Option,2013-01-02,2026-08-14,3351,0.17463571821195978,0.15970379321143233,0.7372765994807142,-0.3798330778402317,Multi Cap,Invesco Mutual Fund,Equity Schemes - Multi Cap Fund
154343,Invesco India Nifty Bank Index Fund - Direct Plan - Growth,2026-05-15,2026-08-14,64,0.33617061510617563,0.14848040273356194,1.61493918339845,-0.03268639579243671,Index,Invesco Mutual Fund,Index Funds - Equity Funds
151593,Invesco India Nifty G-sec Jul 2027 Index Fund - Direct Plan - Growth,2023-03-21,2026-08-14,821,0.07435584563139397,0.009764776586594682,1.536929858056976,-0.005274108262753652,Debt,Invesco Mutual Fund,Index Funds - Debt Funds
151597,Invesco India Nifty G-sec Sep 2032 Index Fund - Direct Plan - Growth,2023-03-29,2026-08-14,816,0.0824556254087101,0.022604633201426253,1.0191721830313747,-0.020278373866913557,Debt,Invesco Mutual Fund,Index Funds - Debt Funds
147883,Invesco India Overnight Fund - Direct Plan - Growth,2020-01-09,2026-08-16,1988,0.05081529293260734,0.0013028930558790272,-14.199684908468484,0.0,Overnight,Invesco Mutual Fund,Income/Debt Oriented Schemes - Overnight Fund
120395,Invesco India PSU Equity Fund - Direct Plan - Growth,2013-01-02,2026-08-14,3351,0.1619262482542727,0.1962672732367504,0.5765565133924747,-0.3342210386151798,Thematic,Invesco Mutual Fund,Equity Schemes - Thematic Fund
120560,Invesco India Short Duration Fund - Direct Plan - Growth,2013-01-02,2026-08-14,3287,0.5084574727927376,27.442293067601412,0.2775129317027254,-0.028249472477545834,Short Duration,Invesco Mutual Fund,Income/Debt Oriented Schemes - Short Term Fund
145137,Invesco India Smallcap Fund - Direct Plan - Growth,2018-11-02,2026-08-14,1916,0.24070204511207027,0.18203045004436358,0.9761017162891372,-0.37659235668789814,Small Cap,Invesco Mutual Fund,Equity Schemes - Small Cap Fund
152863,Invesco India Technology Fund - Direct Plan - Growth,2024-09-25,2026-08-14,465,0.013706305348600623,0.18719315103409825,-0.15274508600473102,-0.28113553113553114,Sectoral,Invesco Mutual Fund,Equity Schemes - Sectoral Fund
120541,Invesco India Ultra Short Duration Fund - Direct Plan - Growth,2013-01-02,2026-08-14,3287,0.5056372242721401,27.44139078129109,0.2774390683337791,-0.026858994958025684,Ultra Short Duration,Invesco Mutual Fund,Income/Debt Oriented Schemes - Ultra Short Term Fund
120484,JM Aggressive Hybrid Fund (Direct) - Growth Option,2013-01-03,2026-08-14,3356,0.13546606167755382,0.14103470327691248,0.5656612388704633,-0.3656551650788711,Aggressive Hybrid,JM Financial Mutual Fund,Hybrid Scheme - Aggressive Hybrid Fund
120482,JM Arbitrage Fund (Direct) - Growth Option,2013-01-03,2026-08-14,3355,0.06404633568324747,0.010408535779631552,0.34028726991814406,-0.005362895513544186,Arbitrage,JM Financial Mutual Fund,Hybrid Scheme - Arbitrage Fund
120435,JM Dynamic Bond Fund - (Direct) - Growth Option,2013-01-03,2026-08-14,3288,0.07400261908390005,0.013613518068251148,1.0720801027621405,-0.030027833904406442,Dynamic Bond,JM Financial Mutual Fund,Debt Scheme - Dynamic Bond
120494,JM ELSS Tax Saver Fund (Direct) - Growth Option,2013-01-02,2026-08-14,3351,0.170086375682176,0.17196573325609027,0.6734828271949674,-0.3738736360014018,ELSS,JM Financial Mutual Fund,Equity Scheme - ELSS
120492,JM Flexicap Fund (Direct) - Growth Option,2013-01-02,2026-08-14,3351,0.16972215089037523,0.1726696961780427,0.669463334446635,-0.34950611676123466,Flexi Cap,JM Financial Mutual Fund,Equity Scheme - Flexi Cap Fund
120488,JM Focused Fund (Direct)  - Growth Option,2013-01-02,2026-08-14,3351,0.14458553928209894,0.1925024843666679,0.5037805791575465,-0.3737484953952096,Focused,JM Financial Mutual Fund,Equity Scheme - Focused Fund
153629,JM Large & Mid Cap Fund (Direct) - Growth Option,2025-07-30,2026-08-14,256,0.0923820372335038,0.14509973655503536,0.28499545760607714,-0.15477122720662284,Mid Cap,JM Financial Mutual Fund,Equity Scheme - Large & Mid Cap Fund
120490,JM Large Cap Fund (Direct) - Growth Option,2013-01-02,2026-08-14,3355,0.1254465473755546,0.13528144927818644,0.5179881725459347,-0.19798090215702602,Large Cap,JM Financial Mutual Fund,Equity Scheme - Large Cap Fund
120406,JM Liquid Fund (Direct) - Growth Option,2013-01-01,2026-08-16,4166,0.06841475564373978,0.0019223534343502434,-2.837945397406733,-0.001769150289317123,Liquid,JM Financial Mutual Fund,Debt Scheme - Liquid Fund
148414,JM Liquid Fund - Unclaimed Application Refund Amount I.E.F. (Direct) - Growth Plan,2020-06-30,2026-08-16,1898,0.0,0.0,,0.0,Liquid,JM Financial Mutual Fund,Debt Scheme - Liquid Fund
148413,JM Liquid Fund - Unclaimed Brokerage I.E.F. (Direct) - Growth Plan,2020-06-30,2026-08-16,1898,0.0,0.0,,0.0,Liquid,JM Financial Mutual Fund,Debt Scheme - Liquid Fund
139257,JM Liquid Fund Unclaimed Redemption (Direct) Growth Plan,2016-04-05,2022-01-24,1755,0.058866049569551215,0.0017438291229390972,-7.051029824721907,-0.0009405325258278197,Liquid,JM Financial Mutual Fund,Debt Scheme - Liquid Fund
139259,JM Liquid Fund Unclaimed Redemption IEF (Direct) Growth Plan,2016-04-05,2022-01-24,1755,0.0,1.2937975154973667e-06,-46375.10837706167,-2.4129119744475958e-06,Liquid,JM Financial Mutual Fund,Debt Scheme - Liquid Fund
143612,JM Low Duration Fund (Direct) - Growth,2018-05-25,2026-08-14,1992,0.061509741708343,0.08176401752602887,0.06399046087880068,-0.1499873613465369,Low Duration,JM Financial Mutual Fund,Debt Scheme - Low Duration Fund
120430,JM Medium to Long Duration Fund (Direct) - Growth Option,2013-01-03,2026-08-14,3289,0.05681497736204233,0.04073999906956793,-0.03673105804544295,-0.10565942936519368,Long Duration,JM Financial Mutual Fund,Debt Scheme - Medium to Long Duration Fund
150815,JM Midcap Fund (Direct) - Growth,2022-11-25,2026-08-14,916,0.24710353425540466,0.16734493576974765,1.077330739053833,-0.22538412751320547,Mid Cap,JM Financial Mutual Fund,Equity Scheme - Mid Cap Fund
143597,JM Money Market Fund (Direct) - Growth,2018-05-25,2020-09-25,569,0.05974221292003623,0.0027731372847750522,0.07327866917731746,-0.00040817119866276563,Money Market,JM Financial Mutual Fund,Debt Scheme - Money Market Fund
154423,JM Multi Asset Allocation Fund (Direct) - Growth Option,2026-07-20,2026-08-14,20,0.907378851547249,0.07603843570750618,6.965067604523791,-0.009436513899323873,Multi Asset,JM Financial Mutual Fund,Hybrid Scheme - Multi Asset Allocation
147837,JM Overnight Fund - (Direct) - Growth,2019-12-04,2026-08-16,2068,1.0888000465355354,34.57172087762796,0.34859158250563194,0.0,Overnight,JM Financial Mutual Fund,Debt Scheme - Overnight Fund
149829,JM Overnight Fund - (Direct) - Unclaimed Redemption - Growth Plan,2022-01-24,2026-08-16,1421,0.058345394033601394,0.0012539802382848333,-11.260613672362247,0.0,Overnight,JM Financial Mutual Fund,Debt Scheme - Overnight Fund
149826,JM Overnight Fund - (Direct) - Unclaimed Redemption I.E.F. - Growth Plan,2022-01-24,2026-08-16,1421,0.0,5.549097515832282e-08,-1081256.9040066574,-9.31104158219398e-08,Overnight,JM Financial Mutual Fund,Debt Scheme - Overnight Fund
150545,JM Short Duration Fund (Direct) - Growth,2022-09-01,2026-08-14,958,0.07098533274071195,0.008630166554104498,1.3199189717560478,-0.005252397921666541,Short Duration,JM Financial Mutual Fund,Debt Scheme - Short Duration Fund
120471,JM Short Term Fund (Direct) - Growth Option,2013-01-02,2020-09-25,1866,0.0658535671420637,0.030270715314160507,0.2338592195119578,-0.07618243747945874,Short Duration,JM Financial Mutual Fund,Debt Scheme - Short Duration Fund
152614,JM Small Cap Fund (Direct) - Growth Option,2024-06-24,2026-08-14,530,0.08854039616779885,0.2088536800691224,0.23116553654271568,-0.24360035258774226,Small Cap,JM Financial Mutual Fund,Equity Scheme - Small Cap Fund
120458,JM Ultra Short Duration Fund - (Direct) - Growth Option,2013-01-02,2020-09-25,1866,0.07344414534946364,0.02590724700068382,0.5545221626672349,-0.05498875887603594,Ultra Short Duration,JM Financial Mutual Fund,Debt Scheme - Ultra Short Duration Fund
120486,JM Value Fund (Direct) - Growth Option,2013-01-02,2026-08-14,3351,0.16005255486371261,0.18706751494666943,0.5864642189633965,-0.3792649414549244,Value,JM Financial Mutual Fund,Equity Scheme - Value Fund
154076,JioBlackRock Arbitrage Fund - Direct Plan - Growth Option,2025-12-19,2026-08-14,161,0.0698661919148309,0.012087636584291003,0.7768828041269893,-0.004207332779987971,Arbitrage,Jio BlackRock Mutual Fund,Hybrid Schemes - Arbitrage Fund
153859,JioBlackRock Flexi Cap Fund - Direct Plan - Growth Option,2025-10-17,2026-08-14,203,0.00788268442909179,0.15156441093734108,-0.267153178260764,-0.14285714285714268,Flexi Cap,Jio BlackRock Mutual Fund,Equity Schemes - Flexi Cap Fund
154307,JioBlackRock Large Cap Fund - Direct Plan - Growth Option,2026-04-16,2026-08-14,84,0.03038034972146253,0.11857959687532284,-0.19561683478287548,-0.0697870339530966,Large Cap,Jio BlackRock Mutual Fund,Equity Schemes - Large Cap Fund
153651,JioBlackRock Liquid Fund - Direct Plan - Growth Option,2025-07-06,2026-08-16,349,0.06429920238777287,0.0018632477562091948,-5.2773057234029865,-8.03652764849172e-05,Liquid,Jio BlackRock Mutual Fund,Income/Debt Oriented Schemes - Liquid Fund
154081,JioBlackRock Low Duration Fund - Direct Plan - Growth Option,2026-01-22,2026-08-14,136,0.0669644437614838,0.007140768390371289,1.065926035217548,-0.0025905419471426994,Ultra Short Duration,Jio BlackRock Mutual Fund,Income/Debt Oriented Schemes - Ultra Short to Short Term Fund
153649,JioBlackRock Money Market Fund - Direct Plan - Growth Option,2025-07-07,2026-08-14,269,0.06363985009451256,0.004844719927728359,0.8316654570707104,-0.0021216115264013347,Money Market,Jio BlackRock Mutual Fund,Income/Debt Oriented Schemes - Money Market Fund
153787,JioBlackRock Nifty 50 Index Fund - Direct Plan - Growth Option,2025-08-22,2026-08-14,240,-0.011449854360549239,0.13355848637185078,-0.47155826993371214,-0.15116246114895182,Index,Jio BlackRock Mutual Fund,Index Funds - Equity Funds
153791,JioBlackRock Nifty 8-13 yr G-Sec Index Fund - Direct Plan - Growth Option,2025-08-22,2026-08-14,236,0.05297638537767968,0.03323342027466131,-0.16067966892854088,-0.026993650268866798,Debt,Jio BlackRock Mutual Fund,Index Funds - Debt Funds
153788,JioBlackRock Nifty Midcap 150 Index Fund - Direct Plan - Growth Option,2025-08-22,2026-08-14,240,0.097896176348375,0.1626324996110655,0.30410174013613267,-0.13987475869862054,Index,Jio BlackRock Mutual Fund,Index Funds - Equity Funds
153789,JioBlackRock Nifty Next 50 Index Fund - Direct Plan - Growth Option,2025-08-22,2026-08-14,240,0.11286321910575636,0.1702308239667823,0.3799153254687188,-0.14409447316710233,Index,Jio BlackRock Mutual Fund,Index Funds - Equity Funds
153790,JioBlackRock Nifty Smallcap 250 Index Fund - Direct Plan - Growth Option,2025-08-22,2026-08-14,240,0.07603531535850272,0.17341124257469573,0.17598230181131266,-0.18735227437171387,Index,Jio BlackRock Mutual Fund,Index Funds - Equity Funds
153650,JioBlackRock Overnight Fund - Direct Plan - Growth Option,2025-07-06,2026-08-16,349,0.0533837041247649,0.0009906943128765028,-18.304018376417964,0.0,Overnight,Jio BlackRock Mutual Fund,Income/Debt Oriented Schemes - Overnight Fund
154082,JioBlackRock Sector Rotation Fund - Direct Plan - Growth Option,2026-02-19,2026-08-14,120,0.02719721286715715,0.16670535598164854,-0.1129002526101933,-0.12506821993113515,Thematic,Jio BlackRock Mutual Fund,Equity Schemes - Thematic Fund
154079,JioBlackRock Short Duration Fund - Direct Plan - Growth Option,2026-01-22,2026-08-14,136,0.0648281108746549,0.010794570446994294,0.5145080940870493,-0.0024019317727301814,Short Duration,Jio BlackRock Mutual Fund,Income/Debt Oriented Schemes - Short Term Fund
147269,KOTAK FLOATING RATE FUND-DIRECT PLAN-GROWTH OPTION,2019-05-16,2026-08-14,1757,0.07284768984826173,0.015816072051008653,0.838732909872913,-0.020323583799473632,Floating Rate,Kotak Mahindra Mutual Fund,Debt Scheme - Floater Fund
153660,KOTAK NIFTY 200 QUALITY 30 INDEX FUND - DIRECT PLAN - GROWTH,2025-07-18,2026-08-14,264,0.01946778527556603,0.1329364117424779,-0.23580324674434489,-0.1579349174539555,Index,Kotak Mahindra Mutual Fund,Other Scheme - Index Funds
153401,KOTAK NIFTY MIDCAP 150 INDEX FUND-DIRECT PLAN-GROWTH,2025-03-28,2026-08-14,340,0.14984542764698117,0.16708975417264593,0.5817632694708208,-0.14039472550202525,Index,Kotak Mahindra Mutual Fund,Other Scheme - Index Funds
152767,KOTAK NIFTY MIDCAP 50 INDEX FUND-DIRECT PLAN- GROWTH,2024-08-21,2026-08-14,490,0.054137231484933324,0.1765777334683704,0.05308639690306801,-0.20418898240244832,Index,Kotak Mahindra Mutual Fund,Other Scheme - Index Funds
153753,Kotak Active Momentum Fund - Direct Plan - Growth option,2025-08-28,2026-08-14,237,0.1394407426299924,0.15857555576125512,0.5456539554513522,-0.13614368136981214,Sectoral,Kotak Mahindra Mutual Fund,Equity Scheme - Sectoral/ Thematic
133035,Kotak Aggressive Hybrid Fund - Direct Plan -Growth,2014-11-07,2026-08-14,2899,0.13357597408132804,0.12189123821770917,0.6219011122459219,-0.3214428723972237,Aggressive Hybrid,Kotak Mahindra Mutual Fund,Hybrid Scheme - Aggressive Hybrid Fund
119771,Kotak Arbitrage Fund - Direct Plan - Growth,2013-01-07,2026-08-14,3328,0.07078411546624763,0.010149960300915308,1.0351366109473703,-0.005683687207295174,Arbitrage,Kotak Mahindra Mutual Fund,Hybrid Scheme - Arbitrage Fund
152039,Kotak BSE Housing Index Fund - Direct Plan - Growth Option,2023-09-04,2026-08-14,724,0.0968332878635092,0.18892347763893932,0.27910607169307244,-0.26589557171183087,Index,Kotak Mahindra Mutual Fund,Other Scheme - Index Funds
152755,Kotak BSE PSU Index Fund - Direct Plan - Growth,2024-08-05,2026-08-14,501,0.006439212504358194,0.19168878687694055,-0.18291762500986147,-0.2684313928239065,Index,Kotak Mahindra Mutual Fund,Other Scheme - Index Funds
153286,Kotak BSE Sensex Index Fund- Direct - Growth,2025-02-20,2026-08-14,364,0.03161227647295095,0.13516474874145007,-0.14021777558109458,-0.1611657303370787,Index,Kotak Mahindra Mutual Fund,Other Scheme - Index Funds
144335,Kotak Balanced Advantage Fund  - Direct Plan -Growth Option,2018-08-10,2026-08-14,1969,0.11212209817892815,0.09669509030279601,0.5559504015520136,-0.26323947300439166,Balanced Advantage,Kotak Mahindra Mutual Fund,Hybrid Scheme - Dynamic Asset Allocation or Balanced Advantage
151384,Kotak Banking & Financial Services Fund - Direct Plan - Growth,2023-03-06,2026-08-14,846,0.16939351428650684,0.15829759365614102,0.7152285377504729,-0.16700738216922195,Sectoral,Kotak Mahindra Mutual Fund,Equity Scheme - Sectoral/ Thematic
123693,Kotak Banking and PSU Debt Direct - Growth,2013-08-14,2026-08-14,3138,0.0813309088373384,0.01770063907465025,1.232859457481681,-0.028392656001241745,Banking & PSU,Kotak Mahindra Mutual Fund,Debt Scheme - Banking and PSU Fund
119735,Kotak Bond Fund - Growth - Direct,2013-01-02,2026-08-14,3287,0.07707326944494897,0.036546039034917245,0.49771969592162607,-0.09918030273892053,Long Duration,Kotak Mahindra Mutual Fund,Debt Scheme - Medium to Long Duration Fund
119739,Kotak Bond Short Term Plan-(Growth) - Direct,2013-01-02,2026-08-14,3287,0.07955832834584742,0.01763888430645766,1.1385892793498062,-0.030547398869264164,Short Duration,Kotak Mahindra Mutual Fund,Income/Debt Oriented Schemes - Short Term Fund
150624,Kotak Business Cycle - Direct Plan - Growth,2022-10-06,2026-08-14,949,0.17192421119778256,0.12710850290651476,0.8710040059800325,-0.18422584400465658,Sectoral,Kotak Mahindra Mutual Fund,Equity Scheme - Sectoral/ Thematic
153313,Kotak CRISIL - IBX AAA Bond Financial Services Index Dec 2026 Fund - Direct - Growth,2025-02-20,2026-08-14,358,0.07533053000279999,0.005827038525201544,2.7154958617077987,-0.001641449496461167,Index,Kotak Mahindra Mutual Fund,Other Scheme - Index Funds
152869,Kotak CRISIL -IBX AAA Financial Services Index Sep-2027 Fund-DIRECT PLAN-GROWTH Option,2024-09-23,2026-08-14,460,0.07753606285227876,0.008181434770934675,2.138679259111284,-0.003840415294564248,Index,Kotak Mahindra Mutual Fund,Other Scheme - Index Funds
153372,Kotak CRISIL-IBX Financial Services 3-6 Months Debt Index Fund-Direct-Growth,2025-03-11,2026-08-14,346,0.07131606267342794,0.003936924522182434,2.995405619732407,-0.0005106833125108068,Index,Kotak Mahindra Mutual Fund,Other Scheme - Index Funds
153875,Kotak CRISIL-IBX Financial Services 9 to 12 Months Debt Index Fund - Direct - Growth,2025-09-30,2026-08-14,212,0.06449929638309748,0.006106927331457183,0.8220064632551993,-0.002345039228742629,Index,Kotak Mahindra Mutual Fund,Other Scheme - Index Funds
152169,Kotak Consumption Fund - Direct plan - Growth Option,2023-11-22,2026-08-14,672,0.16124731348242594,0.14117780803549987,0.7302539001050905,-0.2059989429175475,Sectoral,Kotak Mahindra Mutual Fund,Equity Scheme - Sectoral/ Thematic
119769,Kotak Contra Fund - Direct Plan - Growth,2013-01-02,2026-08-14,3350,0.1636607901633369,0.15632285675370974,0.6884264088134571,-0.37888814296218154,Contra,Kotak Mahindra Mutual Fund,Equity Scheme - Contra Fund
133791,Kotak Corporate Bond Fund- Direct Plan- Growth Option,2015-02-02,2026-08-14,2789,0.07590755701201846,0.01396445183934002,1.1710024045384428,-0.019217048207299192,Corporate Bond,Kotak Mahindra Mutual Fund,Income/Debt Oriented Schemes - Corporate Bond Fund
119741,Kotak Credit Risk Fund - Growth - Direct,2013-01-04,2026-08-14,3285,0.08285268903783982,0.018402973324160334,1.2659104827264194,-0.038551992716973627,Credit Risk,Kotak Mahindra Mutual Fund,Debt Scheme - Credit Risk Fund
120154,Kotak Debt Hybrid - Growth - Direct,2013-01-30,2026-08-14,3267,0.10455846991886619,0.0489222097964913,0.9215178952025282,-0.11796190779118931,Conservative Hybrid,Kotak Mahindra Mutual Fund,Hybrid Scheme - Conservative Hybrid Fund
119755,Kotak Dynamic Bond Fund - Growth - Direct,2013-01-02,2026-08-14,3287,0.08646227004741291,0.026159547065374447,1.0293321142768004,-0.03221391800093598,Dynamic Bond,Kotak Mahindra Mutual Fund,Debt Scheme - Dynamic Bond
119773,Kotak ELSS Tax Saver Fund-Growth - Direct,2013-01-02,2026-08-14,3351,0.152268882882878,0.1550853265131985,0.6273374494385483,-0.3642706957185122,ELSS,Kotak Mahindra Mutual Fund,Equity Scheme - ELSS
148606,Kotak ESG Exclusionary Strategy Fund - Direct Plan - Growth Option,2020-12-18,2026-08-14,1393,0.1174436082608481,0.1407559114331453,0.4518843830560793,-0.21859507283960045,Sectoral,Kotak Mahindra Mutual Fund,Equity Scheme - Sectoral/ Thematic
153447,Kotak Energy Opportunities Fund-Direct-Growth,2025-05-02,2026-08-14,319,0.06676261962806151,0.13971865302803044,0.1110209686939456,-0.095871040723982,Sectoral,Kotak Mahindra Mutual Fund,Equity Scheme - Sectoral/ Thematic
131373,Kotak Equity Savings Fund - Direct - Growth,2014-10-17,2026-08-14,2909,0.09984460934461281,0.05679922508906129,0.6894171154604128,-0.16479576918676353,Equity Savings,Kotak Mahindra Mutual Fund,Hybrid Scheme - Equity Savings
120166,Kotak Flexicap Fund - Growth - Direct,2013-01-04,2026-08-14,3348,0.15710545514856977,0.1579494435287882,0.6464422590201543,-0.3730625075565227,Flexi Cap,Kotak Mahindra Mutual Fund,Equity Scheme - Flexi Cap Fund
147473,Kotak Focused Fund- Direct Plan- Growth option,2019-07-23,2026-08-14,1740,0.174693694422688,0.16832165247969552,0.7076353848553188,-0.36327748048074393,Focused,Kotak Mahindra Mutual Fund,Equity Scheme - Focused Fund
119757,Kotak Gilt-Investment  Provident Fund and Trust-Growth - Direct,2013-01-23,2026-08-14,3272,0.07882373210100102,0.044940674541565605,0.4507027606191325,-0.13347662450368936,Gilt,Kotak Mahindra Mutual Fund,Debt Scheme - Gilt Fund
119759,Kotak Gilt-Investment Regular-Growth - Direct,2013-01-02,2026-08-14,3287,0.07928473193524455,0.04491624027078219,0.4602514617388607,-0.1334546564437029,Gilt,Kotak Mahindra Mutual Fund,Debt Scheme - Gilt Fund
119779,Kotak Global Emerging Market overseas Equity Omni FOF - Growth - Direct,2013-01-07,2026-08-14,3241,0.09622065442128025,0.15821287009503202,0.31440071496196925,-0.31956764815505023,Fund of Funds,Kotak Mahindra Mutual Fund,Other Scheme - FoF Overseas
149059,Kotak Global Innovation Overseas Equity Omni FOF- Direct Plan -Growth,2021-08-05,2026-08-14,1167,0.10079155122110084,0.22192034269703986,0.3104055151290312,-0.39980374840545585,Fund of Funds,Kotak Mahindra Mutual Fund,Other Scheme - FoF Overseas
119781,Kotak Gold Fund Growth - Direct,2013-01-02,2026-08-14,3302,0.11266096171308804,0.1563803313190639,0.4042842488241594,-0.26258098691984844,Fund of Funds,Kotak Mahindra Mutual Fund,Other Scheme - FoF Domestic
153921,Kotak Gold Silver Passive FOF - Direct Plan - Growth,2025-11-04,2026-08-14,193,0.6531215038782106,0.5063285834075362,1.1528327702973984,-0.3627012096390133,Fund of Funds,Kotak Mahindra Mutual Fund,Other Scheme - FoF Domestic
152214,Kotak Healthcare Fund - Direct Plan - Growth Option,2023-12-18,2026-08-14,655,0.23024300307131007,0.1453428752100772,1.1193622250436879,-0.1804931208282251,Sectoral,Kotak Mahindra Mutual Fund,Equity Scheme - Sectoral/ Thematic
150822,Kotak Income Plus Arbitrage Omni FOF-Direct Plan-Growth,2022-11-21,2026-08-14,906,0.07778444304167764,0.01326435842914614,1.3479162697962377,-0.00985552027979164,Fund of Funds,Kotak Mahindra Mutual Fund,Other Scheme - FoF Domestic
133801,Kotak Infrastructure & Economic Reform Fund- Direct Plan- Growth Option,2015-02-02,2026-08-14,2841,0.15703276290409707,0.163013176990478,0.6297777265802069,-0.4599775394028579,Sectoral,Kotak Mahindra Mutual Fund,Equity Scheme - Sectoral/ Thematic
148646,Kotak International REIT Overseas Equity Omni FOF - Direct Plan - Growth,2021-01-05,2026-08-14,1229,0.04067867253658575,0.1834618445945244,0.014339699726723292,-0.25541532897892916,Fund of Funds,Kotak Mahindra Mutual Fund,Other Scheme - FoF Overseas
120158,Kotak Large & Midcap Fund - Direct- Growth,2013-01-02,2026-08-14,3350,0.16609673601610897,0.15379808224868344,0.7110395597542888,-0.3602984191219486,Mid Cap,Kotak Mahindra Mutual Fund,Equity Scheme - Large & Mid Cap Fund
120152,Kotak Large Cap  Fund - Growth - Direct,2013-01-02,2026-08-14,3350,0.1405651886513477,0.15709469433638798,0.5549338250135393,-0.36940773002201066,Large Cap,Kotak Mahindra Mutual Fund,Equity Scheme - Large Cap Fund
119766,Kotak Liquid Fund - Direct Plan - Growth,2013-01-01,2026-08-16,4152,0.4977020138061974,24.403990866347673,0.24616226996085636,-0.0025580123558378576,Liquid,Kotak Mahindra Mutual Fund,Income/Debt Oriented Schemes - Liquid Fund
152491,Kotak Long Duration Fund - Direct Plan - Growth,2024-03-12,2026-08-14,587,0.054926883830405115,0.043958401879972575,-0.07537663090225966,-0.061066007765619545,Long Duration,Kotak Mahindra Mutual Fund,Debt Scheme - Long Duration Fund
133810,Kotak Low Duration Fund- Direct Plan- Growth Option,2015-02-02,2026-08-14,2789,0.07709238472135005,0.008230370081771679,2.118521832372554,-0.015036331045588658,Low Duration,Kotak Mahindra Mutual Fund,Debt Scheme - Low Duration Fund
152910,Kotak MNC Fund-Direct Plan-Growth,2024-10-31,2026-08-14,440,0.15867517610409299,0.14108652961510196,0.7152200875175657,-0.1652048192771085,Sectoral,Kotak Mahindra Mutual Fund,Equity Scheme - Sectoral/ Thematic
149841,Kotak Manufacture in India Fund - Direct Plan Growth,2022-03-02,2026-08-14,1097,0.2158009800549141,0.14696110354144873,1.0269761347818922,-0.22268379866679555,Sectoral,Kotak Mahindra Mutual Fund,Equity Scheme - Sectoral/ Thematic
128006,Kotak Medium Term Fund - Direct Growth,2014-03-25,2026-08-14,2990,0.08531182412662885,0.019812303211813542,1.2981638276388123,-0.05165437483858015,Medium Duration,Kotak Mahindra Mutual Fund,Debt Scheme - Medium Duration Fund
119775,Kotak Midcap Fund - Direct Plan - Growth,2013-01-03,2026-08-14,3349,0.202255833620687,0.15370425929388332,0.9152191497686326,-0.3597117768161001,Mid Cap,Kotak Mahindra Mutual Fund,Equity Scheme - Mid Cap Fund
119746,Kotak Money Market Fund - (Growth) - Direct,2013-01-01,2026-08-14,3615,0.5040752598643052,26.15428039639346,0.264307121240413,-0.008131583016500299,Money Market,Kotak Mahindra Mutual Fund,Income/Debt Oriented Schemes - Money Market Fund
154316,Kotak Multi Asset Active FOF - Direct - Growth,2026-04-30,2026-08-14,74,0.12533217154352871,0.0924194512939495,0.6766315741701391,-0.0370442963543709,Value,Kotak Mahindra Mutual Fund,Equity Schemes - Value Fund
152064,Kotak Multi Asset Allocation Fund - Direct Plan - Growth Option,2023-10-03,2026-08-14,706,0.1976304162125766,0.12269586917246127,1.0777404114360631,-0.13788140472078303,Multi Asset,Kotak Mahindra Mutual Fund,Hybrid Scheme - Multi Asset Allocation
119777,Kotak Multi Asset Omni FOF - Direct Growth - Direct,2013-01-09,2026-08-14,3335,0.1564030986039069,0.10273398114470528,0.9214674998926539,-0.22829304124268157,Fund of Funds,Kotak Mahindra Mutual Fund,Other Scheme - FoF Domestic
154275,Kotak Multi Factor Passive FOF - Direct- Growth,2026-03-23,2026-08-14,99,0.3638085663136954,0.17316429585053575,1.5563493611652195,-0.04935275080906165,Fund of Funds,Kotak Mahindra Mutual Fund,Other Scheme - FoF Domestic
149185,Kotak Multicap Fund-Direct Plan-Growth,2021-10-06,2026-08-14,1196,0.1741724075007156,0.1560588753785358,0.7474179821687527,-0.20996357098926044,Multi Cap,Kotak Mahindra Mutual Fund,Equity Scheme - Multi Cap Fund
152663,Kotak NIFTY 100 Low Volatility 30 Index Fund - Direct plan - Growth option,2024-06-12,2026-08-14,537,0.04729228536455432,0.11726233661480163,-0.050861068316164985,-0.1822143972934952,Index,Kotak Mahindra Mutual Fund,Other Scheme - Index Funds
153146,Kotak Nifty 100 Equal Weight Index Fund - Direct Plan - Growth,2024-12-30,2026-08-14,402,0.08338823312889687,0.1556709866792567,0.21644553683166207,-0.1347988009810155,Index,Kotak Mahindra Mutual Fund,Other Scheme - Index Funds
151781,Kotak Nifty 200 Momentum 30 Index Fund - Direct Plan - Growth Option,2023-06-20,2026-08-14,776,0.12884208124337948,0.1919918621283665,0.4309194416820474,-0.3159871837366037,Index,Kotak Mahindra Mutual Fund,Other Scheme - Index Funds
153150,Kotak Nifty 50 Equal Weight Index Fund - Direct Plan - Growth,2024-12-30,2026-08-14,402,0.0862521674701322,0.1382110965767009,0.24466556968740752,-0.12492382693479587,Index,Kotak Mahindra Mutual Fund,Other Scheme - Index Funds
148978,Kotak Nifty 50 Index Fund - Direct Plan-Growth,2021-06-24,2026-08-14,1267,0.09810567054454,0.13646181771476823,0.33028793383038807,-0.1645084341455102,Index,Kotak Mahindra Mutual Fund,Other Scheme - Index Funds
153680,Kotak Nifty AAA Bond Financial Services Mar 2028 Index Fund - Direct Plan - Growth,2025-07-14,2026-08-14,264,0.05988607142857316,0.009280734624207544,0.05071830874935594,-0.005277019585308573,Index,Kotak Mahindra Mutual Fund,Other Scheme - Index Funds
153781,Kotak Nifty Alpha 50 Index Fund - Direct Plan - Growth,2025-08-22,2026-08-14,240,0.09171693837312156,0.1910226307145732,0.2545462329919541,-0.15235294117647047,Index,Kotak Mahindra Mutual Fund,Other Scheme - Index Funds
154388,Kotak Nifty Alpha Low Volatility 30 Index Fund - Direct- Growth,2026-06-22,2026-08-14,39,0.3199847167670751,0.08695230624728288,2.426313466975155,-0.014973161314624672,Index,Kotak Mahindra Mutual Fund,Other Scheme - Index Funds
153353,Kotak Nifty Commodities Index Fund-Direct Growth,2025-03-18,2026-08-14,348,0.14221991119337418,0.16078416383596308,0.5525512700221668,-0.09996813764537205,Index,Kotak Mahindra Mutual Fund,Other Scheme - Index Funds
151911,Kotak Nifty Financial Services Ex-Bank Index Fund - Direct Plan - Growth option,2023-08-21,2026-08-14,734,0.19394316375405007,0.20002951643227732,0.7088295083360305,-0.17055316134364484,Index,Kotak Mahindra Mutual Fund,Other Scheme - Index Funds
152098,Kotak Nifty G-Sec July 2033 Index Fund - Direct Plan - Growth,2023-10-13,2026-08-14,686,0.08478609506400359,0.022616975296992477,1.113766708011797,-0.020858174215572567,Index,Kotak Mahindra Mutual Fund,Other Scheme - Index Funds
152870,Kotak Nifty India Tourism Index Fund-Direct-Growth Option,2024-09-30,2026-08-14,462,-0.059782834677702956,0.21358205048923312,-0.4692201442713844,-0.3109935332157554,Index,Kotak Mahindra Mutual Fund,Other Scheme - Index Funds
152916,Kotak Nifty Midcap 150 Momentum 50 Index Fund-Direct Plan-Growth,2024-10-11,2026-08-14,454,-0.02486336627255814,0.19960308475889835,-0.32997798386335114,-0.2545771578029643,Index,Kotak Mahindra Mutual Fund,Other Scheme - Index Funds
148745,Kotak Nifty Next 50 Index Fund - Direct Plan - Growth Option,2021-03-17,2026-08-14,1333,0.16190844033153629,0.17574580593174002,0.6212129342748344,-0.263357116835343,Index,Kotak Mahindra Mutual Fund,Other Scheme - Index Funds
149855,Kotak Nifty SDL Apr  2027 Top 12 Equal Weight Index Fund-Direct Plan-Growth,2022-02-18,2026-08-14,1086,0.06405366253420897,0.014907681126288312,0.32112089929033644,-0.035571666152145576,Index,Kotak Mahindra Mutual Fund,Other Scheme - Index Funds
149865,Kotak Nifty SDL Apr 2032 Top 12 Equal Weight Index Fund-Direct Plan- Growth,2022-02-18,2026-08-14,1086,0.07023395328002047,0.028893354208428746,0.38514864437727236,-0.03236117057821941,Index,Kotak Mahindra Mutual Fund,Other Scheme - Index Funds
151218,Kotak Nifty SDL Jul 2026 Index Fund Direct Plan Growth,2022-12-28,2026-07-31,868,0.07137740138699389,0.0066568398594071335,1.7966916070750603,-0.0033595290713229753,Index,Kotak Mahindra Mutual Fund,Other Scheme - Index Funds
151420,Kotak Nifty SDL Jul 2033 Index Fund Direct Plan Growth Option,2023-02-22,2026-08-14,839,0.07958693971410113,0.023878353860290878,0.8503820661669552,-0.023300134761217395,Index,Kotak Mahindra Mutual Fund,Other Scheme - Index Funds
150725,Kotak Nifty SDL Plus AAA PSU Bond Jul 2028 60:40 Index Fund Direct Plan - Growth,2022-10-17,2026-08-14,927,0.0766838949733859,0.011850550294274452,1.4334582100170041,-0.006312897450145072,Index,Kotak Mahindra Mutual Fund,Other Scheme - Index Funds
153223,Kotak Nifty SmallCap 250 Index Fund- Direct - Growth,2025-01-30,2026-08-14,379,0.11121085620477866,0.1853483944319606,0.3515115816341733,-0.20927446954140994,Index,Kotak Mahindra Mutual Fund,Other Scheme - Index Funds
151649,Kotak Nifty Smallcap 50 Index Fund - Direct Plan - Growth,2023-04-18,2026-08-14,820,0.27830019632674396,0.19789710779656708,1.0656772027360983,-0.25005655340903954,Index,Kotak Mahindra Mutual Fund,Other Scheme - Index Funds
153461,Kotak Nifty Top 10 Equal Weight Index Fund-Direct Plan-Growth,2025-05-02,2026-08-14,319,-0.06548527836533524,0.13513580009571383,-0.8866659691978038,-0.18847921943897183,Index,Kotak Mahindra Mutual Fund,Other Scheme - Index Funds
154145,Kotak Nifty200 Value 30 Index Fund - Direct - Growth,2026-02-12,2026-08-14,125,-0.08512003394689283,0.18449661226527175,-0.7241865812898296,-0.13487751405967008,Index,Kotak Mahindra Mutual Fund,Other Scheme - Index Funds
154032,Kotak Nifty500 Momentum 50 Index Fund - Direct Plan - Growth,2025-12-18,2026-08-14,162,0.06390157412277064,0.2087980027364099,0.1201116395725655,-0.14384440714779334,Index,Kotak Mahindra Mutual Fund,Other Scheme - Index Funds
146141,Kotak Overnight Fund -Direct Plan-Growth Option,2019-01-16,2026-08-16,2329,0.05162231977406839,0.0012231828962002873,-15.279782611953454,0.0,Overnight,Kotak Mahindra Mutual Fund,Debt Scheme - Overnight Fund
147727,Kotak Pioneer Fund- Direct Plan- Growth Option,2019-11-06,2026-08-14,1669,0.2254680826479838,0.15890727666292864,1.0116806701698053,-0.35698240359415945,Sectoral,Kotak Mahindra Mutual Fund,Equity Scheme - Sectoral/ Thematic
154287,Kotak Quality Overseas Equity Omni FOF - Direct Plan - Growth-,2026-03-30,2026-08-14,89,0.46198168870736955,0.11465634493122828,3.094178047300761,-0.03857245854361935,Fund of Funds,Kotak Mahindra Mutual Fund,Other Scheme - FoF Overseas
151881,Kotak Quant Fund - Direct Plan - Growth Option,2023-08-08,2026-08-14,742,0.1579350705854956,0.1594939265243764,0.6476361781759516,-0.2231677353628574,Sectoral,Kotak Mahindra Mutual Fund,Equity Scheme - Sectoral/ Thematic
153970,Kotak Rural Opportunities Fund - Direct Plan - Growth,2025-12-04,2026-08-14,172,0.006346299428748647,0.16962531581874463,-0.23124851626207107,-0.14180513595166166,Sectoral,Kotak Mahindra Mutual Fund,Equity Scheme - Sectoral/ Thematic
119750,Kotak Savings Fund-Growth - Direct,2013-01-02,2026-08-14,3287,0.073868443790295,0.005764902130953759,2.5024343774596494,-0.008670979249512767,Ultra Short Duration,Kotak Mahindra Mutual Fund,Income/Debt Oriented Schemes - Ultra Short Term Fund
154149,Kotak Services Fund - Direct - Growth,2026-03-02,2026-08-14,113,0.14053230973930764,0.13096789247182294,0.6274952633959117,-0.07093474760867491,Sectoral,Kotak Mahindra Mutual Fund,Equity Scheme - Sectoral/ Thematic
151603,Kotak Silver ETF Fund of Fund - Direct Plan - Growth Option,2023-04-11,2026-08-14,824,0.38381384358276294,0.3812382165787822,0.9121535700507805,-0.45606982817310715,Fund of Funds,Kotak Mahindra Mutual Fund,Other Scheme - FoF Domestic
152702,Kotak Special Opportunities Fund - Direct Plan - Growth Option,2024-07-05,2026-08-14,521,0.07270591847366803,0.16437838515188077,0.1534396537124228,-0.23129884629698538,Sectoral,Kotak Mahindra Mutual Fund,Equity Scheme - Sectoral/ Thematic
152462,Kotak Technology Fund - Direct Plan - Growth Option,2024-03-07,2026-08-14,600,0.039428753636933545,0.1707361488406978,-0.03399779815613848,-0.28591781643671266,Sectoral,Kotak Mahindra Mutual Fund,Equity Scheme - Sectoral/ Thematic
153118,Kotak Transportation & Logistics Fund-Direct Growth,2024-12-23,2026-08-14,406,0.13696822416805388,0.17533820917642653,0.4925443401496884,-0.17055610724925518,Sectoral,Kotak Mahindra Mutual Fund,Equity Scheme - Sectoral/ Thematic
133831,Kotak US Equity Fund - Direct Plan - Growth option,2015-02-02,2020-02-25,1174,0.12557441146605286,0.1343636486468426,0.5783603596807926,-0.22418639852957079,Fund of Funds,Kotak Mahindra Mutual Fund,Other Scheme - FoF Overseas
148662,Kotak US Specific Equity Passive FOF- Direct Plan - Growth,2021-02-09,2026-08-14,1265,0.21318699013022036,0.2146026643666004,0.8170569747470379,-0.29122396855008525,Fund of Funds,Kotak Mahindra Mutual Fund,Other Scheme - FoF Overseas
133816,Kotak World Gold Fund- Direct Plan- Growth Option,2015-02-02,2020-02-25,1201,0.05260560010243576,0.32956779708244205,0.14804243109140622,-0.44855905629386295,Fund of Funds,Kotak Mahindra Mutual Fund,Other Scheme - FoF Overseas
120164,Kotak-Small Cap Fund - Growth - Direct,2013-01-02,2026-08-14,3351,0.19063044244409144,0.15400256626751094,0.8485460148030278,-0.4061127719920715,Small Cap,Kotak Mahindra Mutual Fund,Equity Scheme - Small Cap Fund
120261,LIC MF Aggressive Hybrid Fund-Direct Plan-Growth,2013-01-03,2026-08-14,3339,0.10491821526191858,0.12171386923694265,0.41061395117400656,-0.28156140334901014,Aggressive Hybrid,LIC Mutual Fund,Hybrid Scheme - Aggressive Hybrid Fund
145895,LIC MF Arbitrage Fund-Direct Plan-Growth,2019-01-28,2026-08-14,1858,0.059574302004868906,0.010321100020241359,-0.06862891847784322,-0.006512957212344461,Arbitrage,LIC Mutual Fund,Hybrid Scheme - Arbitrage Fund
120308,LIC MF BSE Sensex Index Fund-Direct Plan-Growth,2013-01-02,2026-08-14,3341,0.11204175113145709,0.16037975064196516,0.38677135273706287,-0.3752745076862152,Index,LIC Mutual Fund,Other Scheme - Index Funds
149261,LIC MF Balanced Advantage Fund-Direct Plan-Growth,2021-11-15,2026-08-14,1171,0.09123944279552942,0.08145565625920471,0.3997462596154546,-0.09427143509686431,Balanced Advantage,LIC Mutual Fund,Hybrid Scheme - Dynamic Asset Allocation or Balanced Advantage
120338,LIC MF Banking & PSU Fund-Direct Plan-Growth,2013-01-03,2026-08-14,3275,0.0739567808338224,0.011809651169551792,1.2551702502187083,-0.02765624595493199,Banking & PSU,LIC Mutual Fund,Debt Scheme - Banking and PSU Fund
134017,LIC MF Banking and Financial Services Fund-Direct Plan-Growth,2015-03-30,2026-08-14,2802,0.08307440005653643,0.2093192193315587,0.20870712299200278,-0.44757620890182837,Sectoral,LIC Mutual Fund,Equity Scheme - Sectoral/ Thematic
120285,LIC MF Children's Fund-Direct Plan-Growth,2013-01-16,2026-08-14,3318,0.10377653734149606,0.13190676252153322,0.38351208549781923,-0.31219415256973937,Children,LIC Mutual Fund,Solution Oriented Scheme - Children’s Fund
120276,LIC MF Conservative Hybrid Fund-Direct Plan-Growth,2013-01-09,2026-08-14,3285,0.07575451935671351,0.03519191384425896,0.4773995401208907,-0.07924308381845346,Conservative Hybrid,LIC Mutual Fund,Hybrid Scheme - Conservative Hybrid Fund
153948,LIC MF Consumption Fund-Direct Plan-Growth,2025-11-25,2026-08-14,179,0.005241597267859444,0.15258863806403367,-0.28253830802401386,-0.14793306791989702,Sectoral,LIC Mutual Fund,Equity Scheme - Sectoral/ Thematic
120270,LIC MF ELSS Tax Saver-Direct Plan-Growth,2013-01-02,2026-08-14,3341,0.13694124457030776,0.1516587542234166,0.550165209640671,-0.35690732309989814,ELSS,LIC Mutual Fund,Equity Scheme - ELSS
151952,LIC MF Equity Savings Fund-Direct Plan-Growth,2023-07-31,2026-08-14,748,0.09189547782676377,0.06851527589032243,0.47425707613954604,-0.07470623868378867,Equity Savings,LIC Mutual Fund,Hybrid Scheme - Equity Savings
120264,LIC MF Flexi Cap Fund-Direct Plan-Growth,2013-01-02,2026-08-14,3341,0.11514212439874805,0.16125140030244695,0.4032411169324148,-0.34203483757273,Flexi Cap,LIC Mutual Fund,Equity Scheme - Flexi Cap Fund
152010,LIC MF Focused Fund-Direct Plan-Growth,2023-07-31,2026-08-14,748,0.11064177874743142,0.15355546258714958,0.3867906659769346,-0.21116632931929336,Focused,LIC Mutual Fund,Equity Scheme - Focused Fund
120282,LIC MF Gilt Fund-Direct Plan-Growth,2013-01-02,2026-08-14,3288,0.07229291629725654,0.03582112213732806,0.37675455678880115,-0.07382155188079231,Gilt,LIC Mutual Fund,Debt Scheme - Gilt Fund
151974,LIC MF Gold ETF Fund of Fund-Direct Plan-Growth,2023-07-31,2026-08-14,737,0.34770465149210383,0.23896547654892303,1.168719517565442,-0.24478851435088544,Fund of Funds,LIC Mutual Fund,Other Scheme - FoF Domestic
152024,LIC MF Healthcare Fund-Direct Plan-Growth,2023-07-31,2026-08-14,748,0.22428217993276145,0.13967738866262813,1.1261402964240834,-0.15102185526371148,Sectoral,LIC Mutual Fund,Equity Scheme - Sectoral/ Thematic
120351,LIC MF Infrastructure Fund-Direct Plan-Growth,2013-01-02,2026-08-14,3341,0.16054378619284893,0.18351903805019873,0.5990248153369069,-0.3957721702542403,Sectoral,LIC Mutual Fund,Equity Scheme - Sectoral/ Thematic
133710,LIC MF Large & Mid Cap Fund-Direct Plan-Growth,2015-02-26,2026-08-14,2823,0.14315724483104164,0.15733408202172522,0.5687164136814333,-0.339249490097669,Mid Cap,LIC Mutual Fund,Equity Scheme - Large & Mid Cap Fund
120267,LIC MF Large Cap Fund-Direct Plan-Growth,2013-01-02,2026-08-14,3341,0.11968237570065576,0.15321513177131588,0.44335525765782086,-0.33092154666207085,Large Cap,LIC Mutual Fund,Equity Scheme - Large Cap Fund
120249,LIC MF Liquid Fund-Direct Plan-Growth,2013-01-01,2026-08-16,4282,0.49816291420583303,24.02490293391225,0.24233080224970036,-0.0016129659906426452,Liquid,LIC Mutual Fund,Debt Scheme - Liquid Fund
120315,LIC MF Low Duration Fund-Direct Plan-Growth,2013-01-02,2026-08-14,3288,0.07203419489438723,0.020178445468905976,0.6349016882266922,-0.06178440986474887,Low Duration,LIC Mutual Fund,Debt Scheme - Low Duration Fund
152920,LIC MF Manufacturing Fund-Direct Plan-Growth,2024-10-16,2026-08-14,451,0.10213414613091443,0.1768915981717654,0.3114705603143808,-0.22164994315654196,Sectoral,LIC Mutual Fund,Equity Scheme - Sectoral/ Thematic
120279,LIC MF Medium to Long Duration Fund-Direct Plan-Growth,2013-01-02,2026-08-14,3288,0.07155681192786512,0.026758802213941925,0.46697400996050964,-0.062220639773539865,Long Duration,LIC Mutual Fund,Debt Scheme - Medium to Long Duration Fund
152002,LIC MF Mid Cap Fund-Direct Plan-Growth,2023-07-31,2026-08-14,748,0.1865645075191118,0.16590412930621906,0.7789768154039104,-0.21467475879240583,Mid Cap,LIC Mutual Fund,Equity Scheme - Mid Cap Fund
150392,LIC MF Money Market Fund-Direct Plan-Growth,2022-08-03,2026-08-14,975,0.0663643659289539,0.003632985536376711,1.9307071636637156,-0.0009690830165111075,Money Market,LIC Mutual Fund,Debt Scheme - Money Market Fund
153246,LIC MF Multi Asset Allocation Fund-Direct Plan-Growth,2025-02-18,2026-08-14,366,0.17085008758224962,0.12988313657559708,0.8474991552284177,-0.1350557793008157,Multi Asset,LIC Mutual Fund,Hybrid Scheme - Multi Asset Allocation
150659,LIC MF Multi Cap Fund-Direct Plan-Growth,2022-11-02,2026-08-14,932,0.19768146452480662,0.1428098903558231,0.9446325081266639,-0.19319150331082402,Multi Cap,LIC Mutual Fund,Equity Scheme - Multi Cap Fund
120307,LIC MF Nifty 50 Index Fund-Direct Plan-Growth,2013-01-02,2026-08-14,3341,0.11450075551533745,0.16043837049501303,0.4008462729052263,-0.3811456796132302,Index,LIC Mutual Fund,Other Scheme - Index Funds
151937,LIC MF Nifty Next 50 Index Fund-Direct Plan-Growth,2023-07-31,2026-08-14,748,0.18393640185321192,0.18291581500599272,0.7106314066481119,-0.26430553216102914,Index,LIC Mutual Fund,Other Scheme - Index Funds
147515,LIC MF Overnight Fund-Direct Plan-Growth,2019-07-19,2026-08-16,2214,0.05104516414266569,0.0011370635329244468,-17.478012661391617,0.0,Overnight,LIC Mutual Fund,Debt Scheme - Overnight Fund
145954,LIC MF Short Duration Fund-Direct Plan-Growth,2019-02-04,2026-08-14,1822,0.07047717373541906,0.01351902342058865,0.8143095500690722,-0.02276268424163197,Short Duration,LIC Mutual Fund,Debt Scheme - Short Duration Fund
152004,LIC MF Small Cap Fund-Direct Plan-Growth,2023-07-31,2026-08-14,748,0.19395530587005627,0.1919444642495364,0.7309668104563808,-0.2701344937735326,Small Cap,LIC Mutual Fund,Equity Scheme - Small Cap Fund
154244,LIC MF Technology Fund-Direct Plan-Growth,2026-03-19,2026-08-14,101,0.41142053367642406,0.12868145895761415,2.3338518283103324,-0.04948595557187441,Sectoral,LIC Mutual Fund,Equity Scheme - Sectoral/ Thematic
147772,LIC MF Ultra Short Duration Fund-Direct Plan-Growth,2019-11-28,2026-08-14,1627,0.05709242832620576,0.005307584446086219,-0.42134778804153966,-0.01310870317472157,Ultra Short Duration,LIC Mutual Fund,Debt Scheme - Ultra Short Duration Fund
152018,LIC MF Value Fund-Direct Plan-Growth,2023-07-31,2026-08-14,748,0.1902938864038335,0.17060960946072984,0.781034332242592,-0.25198113532307487,Value,LIC Mutual Fund,Equity Scheme - Value Fund
147446,Mahindra Manulife Aggressive Hybrid Fund - Direct Plan -Growth,2019-07-23,2026-08-14,1740,0.17320301146885098,0.12308740503276924,0.9027906864219277,-0.25409121804144363,Aggressive Hybrid,Mahindra Manulife Mutual Fund,Hybrid Schemes - Aggressive Hybrid Fund
148468,Mahindra Manulife Arbitrage Fund - Direct Plan -Growth,2020-08-25,2026-08-14,1473,0.05434319405787624,0.009986903043794406,-0.5881323862369684,-0.0051400817476278116,Arbitrage,Mahindra Manulife Mutual Fund,Hybrid Scheme - Arbitrage Fund
149230,Mahindra Manulife Asia Pacific REITs FOF - Direct Plan - Growth,2021-10-22,2026-08-14,1118,0.024992252616860222,0.14465476431959015,-0.15747287074823305,-0.2617329950848264,Fund of Funds,Mahindra Manulife Mutual Fund,Other Scheme - FoF Overseas
149406,Mahindra Manulife Balanced Advantage Fund - Direct Plan - Growth,2022-01-03,2026-08-14,1137,0.11182269519077148,0.09573757538618297,0.5539570351985101,-0.09766084931578523,Balanced Advantage,Mahindra Manulife Mutual Fund,Hybrid Schemes - Balanced Advantage Fund/ Dynamic Asset Allocation
153674,Mahindra Manulife Banking & Financial Services Fund - Direct - Growth,2025-07-21,2026-08-14,263,0.0956928395759653,0.1682578068178532,0.2835722019764658,-0.15724368965084823,Sectoral,Mahindra Manulife Mutual Fund,Equity Scheme - Sectoral/ Thematic
152045,Mahindra Manulife Business Cycle Fund - Direct Plan - Growth,2023-09-13,2026-08-14,717,0.19437486426223982,0.15818655724783623,0.8540519087841955,-0.21442978580786687,Sectoral,Mahindra Manulife Mutual Fund,Equity Scheme - Sectoral/ Thematic
145356,Mahindra Manulife Consumption Fund - Direct Plan -Growth,2018-11-16,2026-08-14,1909,0.1299069024945836,0.15927642146276366,0.4880621526005314,-0.33976605034769014,Thematic,Mahindra Manulife Mutual Fund,Equity Schemes - Thematic Fund
144403,Mahindra Manulife Dynamic Bond Fund - Direct Plan - Growth,2018-08-24,2026-08-14,1930,0.06467896530948303,0.018161301735790496,0.3000270340417713,-0.023445802876775668,Dynamic Bond,Mahindra Manulife Mutual Fund,Debt Scheme - Dynamic Bond
139781,Mahindra Manulife ELSS Tax Saver Fund - Direct Plan -Growth,2016-10-19,2026-08-14,2422,0.13058354818876716,0.15141382448704666,0.508640601126312,-0.3589457856614028,ELSS,Mahindra Manulife Mutual Fund,Equity Schemes - ELSS- Tax Saver Fund
140444,Mahindra Manulife Equity Savings Fund - Direct Plan -Growth,2017-02-08,2026-08-14,2345,0.10402998851937073,0.07769460655339591,0.5695514906800782,-0.2045884152319699,Equity Savings,Mahindra Manulife Mutual Fund,Hybrid Scheme - Equity Savings
149104,Mahindra Manulife Flexi Cap Fund - Direct Plan -Growth,2021-08-25,2026-08-14,1225,0.12142665616573223,0.13868596870438102,0.48249231535731874,-0.172352250344464,Flexi Cap,Mahindra Manulife Mutual Fund,Equity Schemes - Flexi Cap Fund
148567,Mahindra Manulife Focused Fund - Direct Plan -Growth,2020-11-19,2026-08-14,1413,0.21015564228340455,0.14312815226510117,1.0167028718922797,-0.1646565217249233,Focused,Mahindra Manulife Mutual Fund,Equity Schemes - Focused Fund
154007,Mahindra Manulife Income Plus Arbitrage Active FOF  - Direct - Growth,2025-12-08,2026-08-14,167,0.06661958112448119,0.009163689694187285,0.7416526771620281,-0.0019110359927784204,Fund of Funds,Mahindra Manulife Mutual Fund,Other Scheme - FoF Domestic
154121,Mahindra Manulife Innovation Opportunities Fund - Direct - Growth,2026-02-02,2026-08-14,133,0.2598147293616031,0.16486655546615367,1.1317876478167361,-0.10360768055433911,Sectoral,Mahindra Manulife Mutual Fund,Equity Scheme - Sectoral/ Thematic
147840,Mahindra Manulife Large & Mid Cap Fund - Direct Plan -Growth,2020-01-01,2026-08-14,1634,0.1902546225410724,0.17825310965864444,0.7516622135378769,-0.3290492957746479,Mid Cap,Mahindra Manulife Mutual Fund,Equity Scheme - Large & Mid Cap Fund
146549,Mahindra Manulife Large Cap Fund - Direct Plan -Growth,2019-03-19,2026-08-14,1825,0.1360287312170667,0.16526498789941488,0.509924873759032,-0.3526800587064767,Large Cap,Mahindra Manulife Mutual Fund,Equity Schemes - Large Cap Fund
139538,Mahindra Manulife Liquid Fund - Direct Plan -Growth,2016-07-04,2026-08-16,2891,0.062228564784079676,0.0023036001697437657,-2.925423464487047,-0.0021983057829723096,Liquid,Mahindra Manulife Mutual Fund,Debt Scheme - Liquid Fund
140613,Mahindra Manulife Low Duration Fund - Direct Plan -Growth,2017-02-16,2026-08-14,2297,0.06916055744783334,0.006091461693556771,1.5888532722163475,-0.009875125280434993,Low Duration,Mahindra Manulife Mutual Fund,Debt Scheme - Low Duration Fund
152672,Mahindra Manulife Manufacturing Fund - Direct Plan - Growth,2024-06-26,2026-08-14,528,0.05200523781420552,0.151660912878634,0.02116986466477683,-0.2319833852544133,Sectoral,Mahindra Manulife Mutual Fund,Equity Scheme - Sectoral/ Thematic
142110,Mahindra Manulife Mid Cap Fund - Direct Plan -Growth,2018-02-06,2026-08-14,2099,0.19559485506412422,0.16951567173255813,0.8101762090894281,-0.3309945895641543,Mid Cap,Mahindra Manulife Mutual Fund,Equity Scheme - Mid Cap Fund
152443,Mahindra Manulife Multi Asset Allocation Fund- Direct Plan - Growth,2024-03-15,2026-08-14,595,0.16742173515322922,0.09080211371045271,1.1316975055846887,-0.09528049866429211,Multi Asset,Mahindra Manulife Mutual Fund,Hybrid Scheme - Multi Asset Allocation
141226,Mahindra Manulife Multi Cap Fund - Direct Plan -Growth,2017-05-18,2026-08-14,2279,0.18100747902813175,0.17095480858441747,0.730437171335071,-0.34436098444624896,Multi Cap,Mahindra Manulife Mutual Fund,Equity Schemes - Multi Cap Fund
147564,Mahindra Manulife Overnight Fund - Direct Plan -Growth,2019-07-24,2026-08-16,1955,0.05096752836194107,0.0018120533151777453,-8.11716620321857,0.0,Overnight,Mahindra Manulife Mutual Fund,Debt Scheme - Overnight Fund
148729,Mahindra Manulife Short Duration Fund - Direct Plan -Growth,2021-02-25,2026-08-14,1322,0.06774125013638255,0.009194597950453631,0.9115527504299291,-0.011011986414765751,Short Duration,Mahindra Manulife Mutual Fund,Debt Scheme - Short Duration Fund
150915,Mahindra Manulife Small Cap Fund - Direct Plan - Growth,2022-12-14,2026-08-14,903,0.2612092242244135,0.17075937933288549,1.1270780180759807,-0.25996360861654044,Small Cap,Mahindra Manulife Mutual Fund,Equity Scheme - Small Cap Fund
147731,Mahindra Manulife Ultra Short Duration Fund - Direct Plan -Growth,2019-10-18,2026-08-14,1653,0.06281379100378781,0.004662595898197285,0.7338165419609624,-0.004980556926553081,Ultra Short Duration,Mahindra Manulife Mutual Fund,Debt Scheme - Ultra Short Duration Fund
153303,Mahindra Manulife Value Fund - Direct Plan - Growth,2025-03-05,2026-08-14,356,0.1964747562543392,0.14743973818930142,0.9131873068156363,-0.11493037193724664,Value,Mahindra Manulife Mutual Fund,Equity Scheme - Value Fund
134813,Mirae Asset Aggressive Hybrid Fund - Direct Plan - Growth,2015-07-30,2026-08-14,2719,0.1333121276329583,0.12237864461304523,0.6184215521325788,-0.28997148012339213,Aggressive Hybrid,Mirae Asset Mutual Fund,Hybrid Scheme - Aggressive Hybrid Fund
148401,Mirae Asset Arbitrage Fund Direct Growth,2020-06-22,2026-08-14,1519,0.06236017164508523,0.009755577002936068,0.1796356618578126,-0.004397718683432972,Arbitrage,Mirae Asset Mutual Fund,Hybrid Scheme - Arbitrage Fund
153380,Mirae Asset BSE 200 Equal Weight ETF Fund of Fund - Direct Plan - Growth,2025-03-19,2026-08-14,347,0.1275383510826651,0.1769800392333068,0.4429172084913953,-0.13504987637479748,Fund of Funds,Mirae Asset Mutual Fund,Other Scheme - FoF Domestic
154187,Mirae Asset BSE India Defence ETF FOF - Direct Plan - Growth,2026-02-24,2026-08-14,117,0.5517023373794316,0.24502205431052965,1.7021848372406465,-0.14501014394744483,Fund of Funds,Mirae Asset Mutual Fund,Other Scheme - FoF Domestic
154474,Mirae Asset BSE Midcap 150 Momentum 30 ETF FOF - Direct Plan - Growth,2026-07-24,2026-08-14,16,1.4685724774508988,0.10974743291307613,7.471254314755323,-0.00769686204854958,Value,Mirae Asset Mutual Fund,Equity Schemes - Value Fund
153385,Mirae Asset BSE Select IPO ETF Fund of Fund - Direct Plan - Growth,2025-03-19,2026-08-14,347,0.10982329044113648,0.18694863492254432,0.34272890318587357,-0.24271219197938476,Fund of Funds,Mirae Asset Mutual Fund,Other Scheme - FoF Domestic
150470,Mirae Asset Balanced Advantage Fund Direct Plan- Growth,2022-08-12,2026-08-14,985,0.11776206633346398,0.07085886518213105,0.8007038725169994,-0.07519059942645312,Balanced Advantage,Mirae Asset Mutual Fund,Hybrid Scheme - Dynamic Asset Allocation or Balanced Advantage
148623,Mirae Asset Banking and Financial Services Fund Direct Growth,2020-12-14,2026-08-14,1397,0.1617400727264382,0.16985612584553708,0.634596927746647,-0.21043892578689005,Thematic,Mirae Asset Mutual Fund,Equity Schemes - Thematic Fund
148419,Mirae Asset Banking and PSU Fund - Direct Plan - Growth,2020-07-27,2026-08-14,1468,0.05795659734211012,0.010846157153323849,-0.12937551271349246,-0.01191188011510147,Banking & PSU,Mirae Asset Mutual Fund,Debt Scheme - Banking and PSU Fund
150792,Mirae Asset CRISIL IBX Gilt Index - April 2033 Index Fund - Direct Plan - Growth,2022-10-21,2026-08-14,923,0.08397870539310492,0.024132190935116763,1.0094958546841868,-0.02309934454949114,Index,Mirae Asset Mutual Fund,Other Scheme - Index Funds
153634,Mirae Asset CRISIL-IBX Financial Services 9-12 Months Debt Index Fund - Direct Plan - Growth,2025-06-26,2026-08-14,276,0.06411035410333055,0.005456139655088572,0.8367030190462388,-0.0020538762159232338,Index,Mirae Asset Mutual Fund,Other Scheme - Index Funds
148755,Mirae Asset Corporate Bond Fund Direct Growth Plan,2021-03-18,2026-08-14,1308,0.062249683286168755,0.010697503085367205,0.28271238887772904,-0.012352621596118829,Corporate Bond,Mirae Asset Mutual Fund,Debt Scheme - Corporate Bond Fund
148500,Mirae Asset Diversified Equity Allocator Passive FOF - Direct Plan - Growth,2020-09-22,2026-08-14,1453,0.17564205307518055,0.14282064928357596,0.8104143680505164,-0.18185266671724443,Fund of Funds,Mirae Asset Mutual Fund,Other Scheme - FoF Domestic
140769,Mirae Asset Dynamic Bond Fund -Direct Plan -Growth,2017-03-27,2026-08-14,2273,0.07001730152429109,0.02251204860844588,0.4748851649875416,-0.0349448802571104,Dynamic Bond,Mirae Asset Mutual Fund,Debt Scheme - Dynamic Bond
135781,Mirae Asset ELSS Tax Saver Fund - Direct Plan - Growth,2015-12-29,2026-08-14,2619,0.18019929729281592,0.16277843023781208,0.7549119751557062,-0.3780998699860355,ELSS,Mirae Asset Mutual Fund,Equity Scheme - ELSS
145693,Mirae Asset Equity Savings Fund- Direct Plan- Growth,2018-12-18,2026-08-14,1887,0.11546281710271522,0.07362406517186372,0.7404189549757468,-0.1820173516782052,Equity Savings,Mirae Asset Mutual Fund,Hybrid Scheme - Equity Savings
151412,Mirae Asset Flexi Cap Fund - Direct Plan - Growth,2023-02-27,2026-08-14,851,0.16901534878915392,0.13471105156269064,0.8118489605690554,-0.16105666808691943,Flexi Cap,Mirae Asset Mutual Fund,Equity Scheme - Flexi Cap Fund
147206,Mirae Asset Focused Fund Direct Plan Growth,2019-05-15,2026-08-14,1788,0.15308427197080188,0.17101431851494817,0.5874262187573566,-0.3821640517031136,Focused,Mirae Asset Mutual Fund,Equity Scheme - Focused Fund
150595,Mirae Asset Global Electric & Autonomous Vehicles Equity Passive FOF - Direct Plan - Growth,2022-09-08,2026-08-14,968,0.14450867300142933,0.2705668319732393,0.4251923351729492,-0.3041385948026949,Fund of Funds,Mirae Asset Mutual Fund,Other Scheme - FoF Overseas
150597,Mirae Asset Global X Artificial Intelligence & Technology ETF Fund of Fund - Direct Plan- Growth,2022-09-08,2026-08-14,934,0.384799781686588,0.2600607140611163,1.2290418394721054,-0.2724159970781592,Fund of Funds,Mirae Asset Mutual Fund,Other Scheme - FoF Overseas
153007,Mirae Asset Gold ETF Fund of Fund - Direct Plan - Growth,2024-10-28,2026-08-14,443,0.4310485044146406,0.24662275921930796,1.3679143154498774,-0.23779994607710975,Fund of Funds,Mirae Asset Mutual Fund,Other Scheme - FoF Domestic
153812,Mirae Asset Gold Silver Passive FoF - Direct Plan - Growth,2025-09-01,2026-08-14,235,0.6847215857288542,0.4204846610501431,1.3440951936033114,-0.32816043398995065,Fund of Funds,Mirae Asset Mutual Fund,Other Scheme - FoF Domestic
118837,Mirae Asset Great Consumer Fund - Direct Plan - Growth,2013-01-02,2026-08-14,3351,0.17042659297385732,0.14529274732136543,0.7696171712179303,-0.3548962538728757,Thematic,Mirae Asset Mutual Fund,Equity Schemes - Thematic Fund
143783,Mirae Asset Healthcare Fund Direct Growth,2018-07-03,2026-08-14,1998,0.22281765830586964,0.1577123531284902,1.005054472930607,-0.1998230230874427,Thematic,Mirae Asset Mutual Fund,Equity Schemes - Thematic Fund
153638,Mirae Asset Income plus Arbitrage Active FOF - Direct Plan - Growth,2025-07-07,2026-08-14,269,0.05971003432934596,0.007771256402452053,0.026553733166152,-0.0028224668360146143,Fund of Funds,Mirae Asset Mutual Fund,Other Scheme - FoF Domestic
153983,Mirae Asset Infrastructure Fund - Direct Plan - Growth,2025-12-08,2026-08-14,170,0.2551646393979725,0.18694387274199112,1.008440401311223,-0.12196752626552065,Thematic,Mirae Asset Mutual Fund,Equity Schemes - Thematic Fund
118834,Mirae Asset Large & Midcap Fund - Direct Plan - Growth,2013-01-02,2026-08-14,3351,0.20611210284840187,0.1612835823077031,0.8996292813687825,-0.368667284173509,Mid Cap,Mirae Asset Mutual Fund,Equity Scheme - Large & Mid Cap Fund
118825,Mirae Asset Large Cap Fund - Direct Plan - Growth,2013-01-02,2026-08-14,3351,0.1517116688507334,0.15790211001564247,0.6158146303758296,-0.3744172593323578,Large Cap,Mirae Asset Mutual Fund,Equity Scheme - Large Cap Fund
118859,Mirae Asset Liquid Fund - Direct Plan - Growth,2013-01-06,2026-08-16,4104,0.06712157349672387,0.002029317804272718,-2.808369336792888,-0.0016133387598136206,Liquid,Mirae Asset Mutual Fund,Debt Scheme - Liquid Fund
153105,Mirae Asset Long Duration Fund - Direct Plan - Growth,2024-12-09,2026-08-14,409,0.03989822508522112,0.04265921826178789,-0.4344743615030903,-0.056283884617564284,Long Duration,Mirae Asset Mutual Fund,Debt Scheme - Long Duration Fund
118840,Mirae Asset Low Duration Fund - Direct Plan - Growth,2013-01-02,2026-08-14,3288,0.07064876260918274,0.007224960428561417,1.5610543719872934,-0.013622158160367603,Low Duration,Mirae Asset Mutual Fund,Debt Scheme - Low Duration Fund
147445,Mirae Asset Midcap Fund- Direct Growth Option,2019-07-30,2026-08-14,1735,0.23710347443813173,0.18050506865177168,0.9658230370880179,-0.3737778891952871,Mid Cap,Mirae Asset Mutual Fund,Equity Scheme - Mid Cap Fund
149112,Mirae Asset Money Market Fund Direct Growth,2021-08-12,2026-08-14,1212,0.06549187106855436,0.0037830096958423017,1.6078190477146712,-0.001511653074209307,Money Market,Mirae Asset Mutual Fund,Debt Scheme - Money Market Fund
152344,Mirae Asset Multi Asset Allocation Fund - Direct Plan - Growth,2024-02-01,2026-08-14,625,0.14854882344712106,0.08855957456040577,0.9667233727441767,-0.09088981553466668,Multi Asset,Mirae Asset Mutual Fund,Hybrid Scheme - Multi Asset Allocation
153816,Mirae Asset Multi Factor Passive FOF - Direct Plan - Growth,2025-09-01,2026-08-14,235,0.08424693780335923,0.14601014565129602,0.22867064310534538,-0.12476843275287142,Fund of Funds,Mirae Asset Mutual Fund,Other Scheme - FoF Domestic
151810,Mirae Asset Multicap Fund - Direct Plan - Growth,2023-08-22,2026-08-14,733,0.1580986083689362,0.14518463721850824,0.6965513711719127,-0.18164591229020033,Multi Cap,Mirae Asset Mutual Fund,Equity Scheme - Multi Cap Fund
148928,Mirae Asset NYSE FANG + ETF Fund of Fund Direct Growth,2021-05-11,2026-08-14,1254,0.3244152021790232,0.2665423311272564,1.0235452238296627,-0.43723946271421954,Fund of Funds,Mirae Asset Mutual Fund,Other Scheme - FoF Domestic
148574,Mirae Asset Nifty 100 ESG Sector Leaders Fund of Fund Direct Growth,2020-11-19,2026-08-14,1413,0.11641892490578276,0.1403171460878046,0.44583072056753414,-0.17899056807545533,Fund of Funds,Mirae Asset Mutual Fund,Other Scheme - FoF Domestic
152972,Mirae Asset Nifty 50 Index Fund - Direct Plan - Growth,2024-10-25,2026-08-14,444,0.014250846545164508,0.13359889651105133,-0.27395153572335806,-0.15078077004190404,Index,Mirae Asset Mutual Fund,Other Scheme - Index Funds
149790,Mirae Asset Nifty India Manufacturing ETF FOF - Direct Plan - Growth,2022-02-01,2026-08-14,1117,0.17697368608593234,0.1555807121885508,0.7643199301194892,-0.23013931192889603,Fund of Funds,Mirae Asset Mutual Fund,Other Scheme - FoF Domestic
153192,Mirae Asset Nifty India New Age Consumption ETF Fund of Fund - Direct Plan - Growth,2025-01-03,2026-08-14,398,0.0012919356819840466,0.1877972518904695,-0.2186603929615703,-0.21886277187164727,Fund of Funds,Mirae Asset Mutual Fund,Other Scheme - FoF Domestic
152976,Mirae Asset Nifty LargeMidcap 250 Index Fund - Direct Plan - Growth,2024-10-25,2026-08-14,444,0.048766351439232025,0.15079487008844175,0.0010312522760625707,-0.1551306169152299,Index,Mirae Asset Mutual Fund,Other Scheme - Index Funds
154216,Mirae Asset Nifty Metal ETF FOF - Direct Plan - Growth,2026-02-27,2026-08-14,114,0.14606485241036382,0.22878792716294566,0.4634485670494282,-0.11473748226231495,Fund of Funds,Mirae Asset Mutual Fund,Other Scheme - FoF Domestic
152645,Mirae Asset Nifty MidSmallcap400 Momentum Quality 100 ETF Fund of Fund - Direct Plan - Growth,2024-05-31,2026-08-14,545,0.03027831318548424,0.19798086240406845,-0.05003460148856148,-0.26001963759707225,Fund of Funds,Mirae Asset Mutual Fund,Other Scheme - FoF Domestic
150358,Mirae Asset Nifty SDL Jun 2027 Index Fund -Direct Plan - Growth,2022-03-31,2026-08-14,1059,0.06584960876420265,0.015283453811018258,0.42790677828622237,-0.036077428634211484,Index,Mirae Asset Mutual Fund,Other Scheme - Index Funds
151691,Mirae Asset Nifty SDL June 2028 Index Fund - Direct Plan - Growth,2023-04-03,2026-08-14,814,0.07744533851136293,0.013473489124422717,1.328584698935626,-0.009206229384446152,Index,Mirae Asset Mutual Fund,Other Scheme - Index Funds
152459,Mirae Asset Nifty Smallcap 250 Momentum Quality 100 ETF Fund of Fund - Direct Plan - Growth,2024-03-04,2026-08-14,603,0.02650913599505178,0.2030897143911486,-0.06179064114392378,-0.30905022376926905,Fund of Funds,Mirae Asset Mutual Fund,Other Scheme - FoF Domestic
152968,Mirae Asset Nifty Total Market Index Fund - Direct Plan - Growth,2024-10-29,2026-08-14,442,0.02822388197912784,0.14574987895372485,-0.14351521710236617,-0.1516658138883793,Index,Mirae Asset Mutual Fund,Other Scheme - Index Funds
152718,Mirae Asset Nifty200 Alpha 30 ETF Fund of Fund - Direct Plan - Growth,2024-07-29,2026-08-14,506,-0.04256152217543974,0.19732121106667042,-0.43004464699598965,-0.3011631260213401,Fund of Funds,Mirae Asset Mutual Fund,Other Scheme - FoF Domestic
154493,Mirae Asset Nifty200 Momentum 30 Plus 8-13yr G-Sec 75:25 Index Fund - Direct Plan - Growth,2026-07-29,2026-08-14,13,0.6807271482058619,0.08119608638663431,5.186360785924908,-0.008207009751858507,Index,Mirae Asset Mutual Fund,Index Funds - Equity Funds
147736,Mirae Asset Overnight Fund Direct Plan Growth,2019-10-16,2026-08-16,2076,0.05135297319589349,0.0013400398319208344,-13.757043829259784,0.0,Overnight,Mirae Asset Mutual Fund,Debt Scheme - Overnight Fund
149170,Mirae Asset S&P 500 Top 50 ETF Fund of Fund Direct Growth,2021-09-23,2026-08-14,1164,0.23880303874834352,0.22863372625457412,0.8443759177886713,-0.29922534903059217,Fund of Funds,Mirae Asset Mutual Fund,Other Scheme - FoF Domestic
142641,Mirae Asset Short Duration Fund - Direct Plan - Growth,2018-03-19,2026-08-14,2036,0.07095859517645331,0.013393080095432127,0.8551720435011725,-0.021997088496174433,Short Duration,Mirae Asset Mutual Fund,Debt Scheme - Short Duration Fund
154279,Mirae Asset Silver ETF FOF - Direct Plan - Growth,2026-03-25,2026-08-14,97,-0.012874533577058589,0.3607783955459707,-0.023584421651666857,-0.24439159730479587,Fund of Funds,Mirae Asset Mutual Fund,Other Scheme - FoF Domestic
153196,Mirae Asset Small Cap Fund - Direct Plan - Growth,2025-02-03,2026-08-14,377,0.1677505396210619,0.15762991967660075,0.7037469889787846,-0.15106488360574544,Small Cap,Mirae Asset Mutual Fund,Equity Scheme - Small Cap Fund
148529,Mirae Asset Ultra Short Duration Fund Direct Growth,2020-10-08,2026-08-14,1416,0.06226079184032196,0.0034453253577988274,0.8472978120264415,-0.0015567810800996007,Ultra Short Duration,Mirae Asset Mutual Fund,Debt Scheme - Ultra Short Duration Fund
149381,Mirae AssetHang Seng TECH ETF Fund of Fund Direct Plan - Growth Option,2021-12-09,2026-08-14,1099,0.03797125806400037,0.37100698185399095,0.13056958999700224,-0.4779281930547381,Fund of Funds,Mirae Asset Mutual Fund,Other Scheme - FoF Domestic
149240,Motilal Oswal 5 Year G-Sec Fund Of Fund Direct -Growth,2021-10-12,2026-08-14,1173,0.06092636996061551,0.11465637900705879,0.07021019988232255,-0.15878590134375126,Fund of Funds,Motilal Oswal Mutual Fund,Other Scheme - FoF Domestic
153364,Motilal Oswal Active Momentum Fund- Direct-Growth,2025-03-21,2026-08-14,345,0.28343655641874443,0.17225044730781594,1.2231958110169938,-0.1658301263787304,Sectoral,Motilal Oswal Mutual Fund,Equity Scheme - Sectoral/ Thematic
153187,Motilal Oswal Arbitrage Fund-Direct Plan-Growth,2024-12-27,2026-08-14,403,0.07228948297011639,0.009558286443302769,1.1853375419578382,-0.0038426300668013003,Arbitrage,Motilal Oswal Mutual Fund,Hybrid Scheme - Arbitrage Fund
148750,Motilal Oswal Asset Allocation FOF- C- Direct Growth,2021-03-18,2026-08-14,1331,0.11920628082597173,0.08355753338309233,0.7048599491831704,-0.12136821538227305,Fund of Funds,Motilal Oswal Mutual Fund,Other Scheme - FoF Domestic
153596,Motilal Oswal BSE 1000 Index Fund - Direct Plan - Growth,2025-07-01,2026-08-14,277,0.010006022709931006,0.13548911214982878,-0.30014519137562906,-0.14921405231917406,Index,Motilal Oswal Mutual Fund,Other Scheme - Index Funds
150443,Motilal Oswal BSE Financials ex Bank 30 Index Fund Direct Growth,2022-08-04,2026-08-14,990,0.16178366700087543,0.18680135420640892,0.5964294175278639,-0.17806401710274,Index,Motilal Oswal Mutual Fund,Other Scheme - Index Funds
139872,Motilal Oswal Balanced Advantage Fund  (MOFDYNAMIC) - Direct Plan - Growth Option,2016-09-28,2026-08-14,2434,0.0831486631339502,0.11356784945875954,0.2481993095019477,-0.2652980747832131,Balanced Advantage,Motilal Oswal Mutual Fund,Hybrid Scheme - Dynamic Asset Allocation or Balanced Advantage
152796,Motilal Oswal Business Cycle Fund - Direct Plan- Growth,2024-09-02,2026-08-14,482,0.11717853806284806,0.19130271445298153,0.37264243283230997,-0.2502913194188361,Sectoral,Motilal Oswal Mutual Fund,Equity Scheme - Sectoral/ Thematic
153913,Motilal Oswal Consumption Fund-Direct-Growth,2025-10-29,2026-08-14,197,0.15975560725465732,0.18331562386916764,0.586637651652713,-0.19806696171631577,Sectoral,Motilal Oswal Mutual Fund,Equity Scheme - Sectoral/ Thematic
154337,Motilal Oswal Contra Fund - Direct – Growth,2026-06-04,2026-08-14,51,0.3588907588239243,0.11141336891212521,2.214343039819349,-0.019719453254795294,Contra,Motilal Oswal Mutual Fund,Equity Scheme - Contra Fund
152090,Motilal Oswal Developed Market Ex US ETFs Fund of Funds Direct Plan Growth,2023-09-26,2026-08-14,708,0.26025576621717184,0.15401185955399904,1.2312047366340892,-0.1426921258072269,Fund of Funds,Motilal Oswal Mutual Fund,Other Scheme - FoF Overseas
152964,Motilal Oswal Digital India Fund - Direct Plan - Growth,2024-11-08,2026-08-14,435,0.018097656241527593,0.21566335992825042,-0.08553593020047164,-0.3032302946534,Sectoral,Motilal Oswal Mutual Fund,Equity Scheme - Sectoral/ Thematic
154112,Motilal Oswal Diversified Equity Flexicap Passive Fund of Funds- Direct - Growth,2026-01-29,2026-08-14,135,0.15914523434824224,0.18066769266802013,0.5869307500878047,-0.13027133050016348,Fund of Funds,Motilal Oswal Mutual Fund,Other Scheme - FoF Domestic
133386,Motilal Oswal ELSS Tax Saver Fund - Direct Plan - Growth Option,2015-01-22,2026-08-14,2847,0.17634705435080744,0.17656511632454827,0.6910096246247335,-0.37724913659867576,ELSS,Motilal Oswal Mutual Fund,Equity Scheme - ELSS
154142,Motilal Oswal Financial Services Fund- Direct Growth,2026-02-20,2026-08-14,119,0.18779475386512545,0.2112884577782957,0.6541110111156433,-0.11385861413858611,Sectoral,Motilal Oswal Mutual Fund,Equity Scheme - Sectoral/ Thematic
129046,Motilal Oswal Flexi cap Fund Direct Plan-Growth Option,2014-04-29,2026-08-14,3026,0.17349286083626736,0.1689499408545966,0.7001106241731174,-0.3709590773708332,Flexi Cap,Motilal Oswal Mutual Fund,Equity Scheme - Flexi Cap Fund
122389,Motilal Oswal Focused Fund - Direct Plan Growth Option,2013-05-15,2026-08-14,3261,0.14780948752312972,0.16325683014548112,0.5795523497971643,-0.3455111432252037,Focused,Motilal Oswal Mutual Fund,Equity Scheme - Focused Fund
153484,Motilal Oswal Infrastructure Fund-Direct-Growth,2025-05-19,2026-08-14,308,0.16634392307035606,0.15064311398711064,0.7147528828747947,-0.09684840669007078,Sectoral,Motilal Oswal Mutual Fund,Equity Scheme - Sectoral/ Thematic
153258,Motilal Oswal Innovation Opportunities Fund - Direct Plan- Growth,2025-02-24,2026-08-14,362,0.30505118382455465,0.17739295402246433,1.288429601329052,-0.19416653039380372,Sectoral,Motilal Oswal Mutual Fund,Equity Scheme - Sectoral/ Thematic
152354,Motilal Oswal Large Cap Direct Plan Growth,2024-02-12,2026-08-14,618,0.15402789294713615,0.13905859125946704,0.6912546033549641,-0.15817195867366252,Large Cap,Motilal Oswal Mutual Fund,Equity Scheme - Large Cap Fund
147704,Motilal Oswal Large and Midcap Fund - Direct Plan Growth,2019-10-22,2026-08-14,1682,0.22493557063726666,0.19451950717952585,0.8555157095205252,-0.3743638060687178,Mid Cap,Motilal Oswal Mutual Fund,Equity Scheme - Large & Mid Cap Fund
145834,Motilal Oswal Liquid Fund - Direct Growth,2018-12-20,2026-08-16,2160,0.05337430757765471,0.0019507522037113447,-6.9373251570744445,-0.0004813498801000682,Liquid,Motilal Oswal Mutual Fund,Debt Scheme - Liquid Fund
152760,Motilal Oswal Manufacturing Fund - Direct Plan- Growth,2024-08-14,2026-08-14,494,0.10037889008174239,0.19694075036660616,0.29020340037994113,-0.261845324692501,Sectoral,Motilal Oswal Mutual Fund,Equity Scheme - Sectoral/ Thematic
127042,Motilal Oswal Midcap Fund-Direct Plan-Growth Option,2014-02-25,2026-08-14,3065,0.2206860361245433,0.17741674156290316,0.9040710653841662,-0.37231973798679696,Mid Cap,Motilal Oswal Mutual Fund,Equity Scheme - Mid Cap Fund
148747,Motilal Oswal Multi Asset Passive Fund of Fund - Direct Growth,2021-03-18,2026-08-14,1331,0.14203210794134558,0.09429104795492373,0.8542993750696227,-0.12388161841115897,Fund of Funds,Motilal Oswal Mutual Fund,Other Scheme - FoF Domestic
152651,Motilal Oswal Multi Cap Fund-Direct Plan Growth,2024-06-21,2026-08-14,531,0.20453362918693885,0.18511742135627776,0.7946601780517756,-0.24132832700665685,Multi Cap,Motilal Oswal Mutual Fund,Equity Scheme - Multi Cap Fund
145552,Motilal Oswal Nasdaq 100 Fund of Fund- Direct Plan Growth,2018-12-03,2026-08-14,1898,0.28012955966334396,0.22738385469630343,0.9607540672112062,-0.3035043301401502,Fund of Funds,Motilal Oswal Mutual Fund,Other Scheme - FoF Domestic
147794,Motilal Oswal Nifty 50 Index Fund - Direct plan - Growth,2019-12-26,2026-08-14,1638,0.12255997864214119,0.17557098800180984,0.41943717932141,-0.3727838860582223,Index,Motilal Oswal Mutual Fund,Other Scheme - Index Funds
152875,Motilal Oswal Nifty 500 Momentum 50 Index Fund-Direct Plan-Growth,2024-09-30,2026-08-14,462,-0.08200703584104585,0.20724948606201504,-0.6079178303835255,-0.3161953727506426,Index,Motilal Oswal Mutual Fund,Other Scheme - Index Funds
153138,Motilal Oswal Nifty Capital Market Index Fund - Direct Plan - Growth,2024-12-20,2026-08-14,407,0.17548769452242485,0.28081384302205736,0.5152709184185156,-0.2865690669079246,Index,Motilal Oswal Mutual Fund,Other Scheme - Index Funds
152712,Motilal Oswal Nifty India Defence Index Fund Direct Plan Growth,2024-07-09,2026-08-14,519,0.08995310658043398,0.282313835337274,0.23972208183172816,-0.3818017819011855,Index,Motilal Oswal Mutual Fund,Other Scheme - Index Funds
151814,Motilal Oswal Nifty Microcap 250 Index Fund- Direct- Growth Option,2023-07-11,2026-08-14,762,0.2276255861127312,0.21470743493644506,0.807423218663117,-0.2939190916994835,Index,Motilal Oswal Mutual Fund,Other Scheme - Index Funds
153027,Motilal Oswal Nifty MidSmall Financial Services Index Fund - Direct Plan- Growth,2024-11-25,2026-08-14,426,0.24231051189934005,0.2145644764030397,0.8570755821823158,-0.19874106437284833,Index,Motilal Oswal Mutual Fund,Other Scheme - Index Funds
153023,Motilal Oswal Nifty MidSmall Healthcare Index Fund- Direct Plan-Growth,2024-11-25,2026-08-14,426,0.1312584339672198,0.16332895931629926,0.4831614459328279,-0.1748003955464401,Index,Motilal Oswal Mutual Fund,Other Scheme - Index Funds
153029,Motilal Oswal Nifty MidSmall IT and Telecom Index Fund - Direct Plan- Growth,2024-11-25,2026-08-14,426,-0.03265604485656182,0.22430890880276055,-0.30619806546231637,-0.3237423643550126,Index,Motilal Oswal Mutual Fund,Other Scheme - Index Funds
153025,Motilal Oswal Nifty MidSmall India Consumption Index Fund - Direct Plan- Growth,2024-11-25,2026-08-14,426,-0.015064031104287667,0.17178584145471815,-0.3532628003521326,-0.24325577167787682,Index,Motilal Oswal Mutual Fund,Other Scheme - Index Funds
147796,Motilal Oswal Nifty Next 50 Index Fund - Direct plan - Growth,2019-12-26,2026-08-14,1638,0.16099316746509285,0.1921357801894913,0.5784314922745956,-0.3556090571481485,Index,Motilal Oswal Mutual Fund,Other Scheme - Index Funds
152694,Motilal Oswal Quant Fund - Direct - Growth,2024-06-10,2026-08-14,539,0.01899767546648734,0.1864190675670885,-0.12557559949836192,-0.26717199276968717,Sectoral,Motilal Oswal Mutual Fund,Equity Scheme - Sectoral/ Thematic
148381,Motilal Oswal S&P 500 Index Fund - Direct Plan Growth,2020-04-29,2026-08-14,1554,0.21925568788076655,0.17020690325095786,0.9220189134091346,-0.19913177339901467,Index,Motilal Oswal Mutual Fund,Other Scheme - Index Funds
153558,Motilal Oswal Services Fund - Direct Plan - Growth,2025-06-16,2026-08-14,288,0.15354981481311292,0.15728662730869453,0.6228618371596086,-0.17258961262034989,Sectoral,Motilal Oswal Mutual Fund,Equity Scheme - Sectoral/ Thematic
152237,Motilal Oswal Small Cap Fund - Direct - Growth,2023-12-29,2026-08-14,647,0.23373699172563756,0.17601962085718792,0.9700782600698714,-0.23693867194107932,Small Cap,Motilal Oswal Mutual Fund,Equity Scheme - Small Cap Fund
153749,Motilal Oswal Special Opportunities Fund - Direct - Growth,2025-08-21,2026-08-14,241,0.21208388452945948,0.17195698407114596,0.8883199472448734,-0.151702758396298,Sectoral,Motilal Oswal Mutual Fund,Equity Scheme - Sectoral/ Thematic
124234,Motilal Oswal Ultra Short Term Fund (MOFUSTF) -Direct Plan- Growth,2013-09-10,2026-08-14,3121,0.04937724258090004,0.02660983812971653,-0.34979582400970366,-0.11963302752293581,Ultra Short Duration,Motilal Oswal Mutual Fund,Debt Scheme - Ultra Short Duration Fund
152062,NAVI BSE SENSEX INDEX FUND - DIRECT PLAN - GROWTH,2023-09-05,2026-08-14,724,0.06896095756749321,0.1328230546000851,0.129322154691668,-0.16113708452969744,Index,Navi Mutual Fund,Other Scheme - Index Funds
151471,NAVI ELSS TAX SAVER NIFTY 50 INDEX FUND - DIRECT PLAN GROWTH,2023-03-21,2026-08-14,837,0.12051192846399217,0.1272572755095593,0.508883196153523,-0.1548136130202611,ELSS,Navi Mutual Fund,Equity Scheme - ELSS
150367,NJ Arbitrage Fund - Direct Plan - Growth Option,2022-08-02,2026-08-14,992,0.06861785464146442,0.010222407612139972,0.7943699978545684,-0.006290170276280205,Arbitrage,NJ Mutual Fund,Hybrid Schemes - Arbitrage Fund
149264,NJ Balanced Advantage Fund - Direct Plan - Growth Option,2021-11-01,2026-08-14,1179,0.08457749075608567,0.08175305311640801,0.3233374368525251,-0.14746543778801846,Balanced Advantage,NJ Mutual Fund,Hybrid Schemes - Balanced Advantage Fund/ Dynamic Asset Allocation
151611,NJ ELSS Tax Saver Scheme Direct Growth,2023-06-19,2026-08-14,777,0.14053254051041542,0.13965841233756693,0.6049567392359639,-0.22803850782190138,ELSS,NJ Mutual Fund,Equity Schemes - ELSS- Tax Saver Fund
151917,NJ Flexi Cap Fund - Direct Plan - Growth Option,2023-09-06,2026-08-14,722,0.11836038614872035,0.14580535748920317,0.4496332571233263,-0.26735688185140083,Flexi Cap,NJ Mutual Fund,Equity Schemes - Flexi Cap Fund
154451,NJ Momentum Fund - Direct Growth,2026-08-03,2026-08-14,10,0.17933519769647588,0.04720263645041634,1.6974709013993403,-0.004930966469428033,Thematic,NJ Mutual Fund,Equity Schemes - Thematic Fund
150369,NJ Overnight Fund - Direct Plan - Growth Option,2022-08-02,2026-08-16,1119,0.060944711497572523,0.0017870727083879145,-3.437190463601845,0.0,Overnight,NJ Mutual Fund,Income/Debt Oriented Schemes - Overnight Fund
154456,NJ Value Fund - Direct Growth,2026-08-03,2026-08-14,10,-0.30636014748393736,0.055379632241781974,-6.6253938888672685,-0.010956175298804771,Value,NJ Mutual Fund,Equity Schemes - Value Fund
143163,Navi Aggressive Hybrid Fund - Direct Plan - Growth,2018-05-02,2026-08-14,2043,0.1218718813943751,0.1309555196523947,0.5057916346703242,-0.3065093418731697,Aggressive Hybrid,Navi Mutual Fund,Hybrid Scheme - Aggressive Hybrid Fund
135654,Navi ELSS Tax Saver Fund- Direct Plan- Growth Option,2015-12-31,2026-04-10,2532,0.12194668508653916,0.15471166120713434,0.45139523460942815,-0.37772894039013405,ELSS,Navi Mutual Fund,Equity Scheme - ELSS
143793,Navi Flexi Cap Fund - Direct Plan - Growth,2018-07-10,2026-08-14,1994,0.14337424265899323,0.1699785558289826,0.5399174029816046,-0.37893615772304545,Flexi Cap,Navi Mutual Fund,Equity Scheme - Flexi Cap Fund
135677,Navi Large & Midcap Fund- Direct Plan- Growth Option,2015-12-08,2026-08-14,2634,0.15195091300661856,0.15645415203882906,0.6202584138157359,-0.3841077145047118,Mid Cap,Navi Mutual Fund,Equity Scheme - Large & Mid Cap Fund
119164,Navi Liquid Fund-Direct Plan-Growth Option,2013-01-01,2026-08-16,4120,0.06730306401437702,24.500357695760655,0.24462586814657494,-0.9899965114138718,Liquid,Navi Mutual Fund,Debt Scheme - Liquid Fund
149910,Navi NASDAQ100 US Specific Equity Passive FOF- Direct- Growth,2022-03-25,2026-08-14,1043,0.23904810663394604,0.23577208496798122,0.8283518857109775,-0.25082928822264805,Fund of Funds,Navi Mutual Fund,Other Scheme - FoF Overseas
149039,Navi Nifty 50 Index Fund-Direct Plan-Growth,2021-07-16,2026-08-14,1252,0.098519508478079,0.13766339365423172,0.33149364511502283,-0.1659221771798911,Index,Navi Mutual Fund,Other Scheme - Index Funds
149804,Navi Nifty Bank Index Fund- Direct Plan- Growth,2022-02-04,2026-08-14,1115,0.09697499342502436,0.16874696224469826,0.2903039368507352,-0.18388686548890365,Index,Navi Mutual Fund,Other Scheme - Index Funds
150515,Navi Nifty India Manufacturing Index Fund- Direct Plan- Growth,2022-08-29,2026-08-14,976,0.19573073074875214,0.14865921150372027,0.9017711381941431,-0.230330306619292,Index,Navi Mutual Fund,Other Scheme - Index Funds
149892,Navi Nifty Midcap 150 Index Fund Direct Plan- Growth,2022-03-11,2026-08-14,1091,0.19771090782885037,0.16290035348724877,0.8474062421302904,-0.20976013701079332,Index,Navi Mutual Fund,Other Scheme - Index Funds
149447,Navi Nifty Next 50 Index Fund- Direct Plan- Growth,2022-01-20,2026-08-14,1125,0.13459214467086178,0.1807942271920577,0.47392151986174114,-0.26291246443919036,Index,Navi Mutual Fund,Other Scheme - Index Funds
154027,Navi Nifty midsmallcap 400 Index Fund- Direct - Growth,2025-12-10,2026-08-14,168,0.14204373179985508,0.18010359425916694,0.509216046086046,-0.14245565404864335,Index,Navi Mutual Fund,Other Scheme - Index Funds
152535,Navi NiftyIT Index Fund - Direct Plan- Growth,2024-03-28,2026-08-14,588,-0.02646583565888283,0.22624567756018915,-0.27323889925848854,-0.42120507669969387,Index,Navi Mutual Fund,Other Scheme - Index Funds
149830,Navi Total Stock Market US Specific Equity Passive FoF- Direct Plan- Growth,2022-02-24,2026-08-14,1062,0.20555871056174646,0.18345895837340062,0.8461430442495709,-0.2003717606294665,Fund of Funds,Navi Mutual Fund,Other Scheme - FoF Overseas
153274,Nippon India Active Momentum Fund-Direct Plan - Growth Option,2025-03-03,2026-08-14,358,0.22615341896125307,0.1553223442684038,1.03367749307503,-0.12640126183980738,Sectoral,Nippon India Mutual Fund,Equity Scheme - Sectoral/ Thematic
118794,Nippon India Aggressive Hybrid Fund  - Direct Plan Growth Plan,2013-01-02,2026-08-14,3350,0.12172482382881089,0.130275256347054,0.5084890068223907,-0.42349061015530776,Aggressive Hybrid,Nippon India Mutual Fund,Hybrid Scheme - Aggressive Hybrid Fund
118585,Nippon India Arbitrage Fund - Direct Plan Growth Plan - Growth Option,2013-01-03,2026-08-14,3349,0.07073332033286217,0.010599441812262774,0.9507159273963621,-0.006214921548567176,Arbitrage,Nippon India Mutual Fund,Hybrid Scheme - Arbitrage Fund
153567,Nippon India BSE Sensex Next 30 Index Fund- Direct Plan- Growth Option,2025-06-12,2026-08-14,290,0.12028347039222909,0.13501056385205434,0.4828308836068827,-0.11428019216963936,Index,Nippon India Mutual Fund,Other Scheme - Index Funds
118736,Nippon India Balanced Advantage Fund - Direct Plan Growth Plan - Growth Option,2013-01-03,2026-08-14,3349,0.11994455467536413,0.11266820249389123,0.5541917454435943,-0.22788606523710686,Balanced Advantage,Nippon India Mutual Fund,Hybrid Scheme - Dynamic Asset Allocation or Balanced Advantage
118589,Nippon India Banking & Financial Services Fund - Direct Plan Growth Plan - Growth Option,2013-01-02,2026-08-14,3351,0.13752910105807437,0.2106440643052637,0.4479666160647022,-0.5056150262724889,Sectoral,Nippon India Mutual Fund,Equity Scheme - Sectoral/ Thematic
134547,Nippon India Banking and PSU  Fund- Direct Plan-Growth Plan- Growth Option,2015-05-18,2026-08-14,2723,0.07663981338744041,0.01674109365749452,1.0157201166067342,-0.03200914547013434,Banking & PSU,Nippon India Mutual Fund,Debt Scheme - Banking and PSU Fund
152992,Nippon India CRISIL - IBX AAA Financial Services - Dec 2026 Index Fund - Direct Plan - Growth Option,2024-10-29,2026-08-14,435,0.07594210249055133,0.0053829755920723026,2.9958887483124372,-0.0010955385138452511,Index,Nippon India Mutual Fund,Other Scheme - Index Funds
152996,Nippon India CRISIL - IBX AAA Financial Services - Jan 2028 Index Fund - Direct Plan - Growth Option,2024-10-29,2026-08-14,435,0.07616373128866072,0.009249339579851952,1.7697702385490073,-0.0047626706698119525,Index,Nippon India Mutual Fund,Other Scheme - Index Funds
154271,Nippon India CRISIL-IBX Financial Services 3-6 Months Debt Index Fund- Direct Plan- Growth Option,2026-03-13,2026-08-14,103,0.0821845979125484,0.004878334822646014,4.570880980194004,-0.00047739207529151617,Index,Nippon India Mutual Fund,Other Scheme - Index Funds
154252,Nippon India CRISIL-IBX Financial Services 9-12 Months Debt Index Fund -Direct Plan - Growth Option,2026-03-04,2026-08-14,110,0.07243796036179861,0.007770089690366112,1.5694373985395222,-0.0024112816357185762,Index,Nippon India Mutual Fund,Other Scheme - Index Funds
118726,Nippon India Conservative Hybrid  Fund - Direct Plan Growth Plan - Growth Option,2013-01-02,2026-08-14,3287,0.07658587322675525,0.044560499881974386,0.40537886352892394,-0.1894648733021722,Conservative Hybrid,Nippon India Mutual Fund,Hybrid Scheme - Conservative Hybrid Fund
118724,Nippon India Consumption Fund - Direct Plan Growth Plan - Growth Option,2013-01-02,2026-08-14,3351,0.13665938220083662,0.15766678245617766,0.5307681456563945,-0.31031427979839543,Sectoral,Nippon India Mutual Fund,Equity Scheme - Sectoral/ Thematic
118814,Nippon India Corporate Bond Fund - Direct Plan Growth Plan - Growth Option,2013-01-02,2026-08-14,3287,0.07916940213628165,0.01105878766468215,1.7735097105708943,-0.016975846771679404,Corporate Bond,Nippon India Mutual Fund,Debt Scheme - Corporate Bond Fund
118780,Nippon India Credit Risk Fund - Direct Plan - Growth Plan,2013-01-02,2026-08-14,3287,0.07639948033973876,0.040021353249663154,0.4425427299702747,-0.13828155315159796,Credit Risk,Nippon India Mutual Fund,Debt Scheme - Credit Risk Fund
148642,Nippon India Diversified Equity Flexicap Passive FoF - Direct Plan - Growth Option,2021-01-04,2026-08-14,1383,0.14668882272636696,0.1350681559405205,0.659771790597256,-0.1865284974093263,Fund of Funds,Nippon India Mutual Fund,Other Scheme - FoF Domestic
118747,Nippon India Dynamic Bond Fund - Direct Plan Growth Plan - Growth Option,2013-01-02,2026-08-14,3287,0.07769266790132767,0.03433846884339805,0.5449239315632913,-0.08519145563920616,Dynamic Bond,Nippon India Mutual Fund,Debt Scheme - Dynamic Bond
118803,Nippon India ELSS Tax Saver Fund - Direct Plan Growth Plan - Growth Option,2013-01-02,2026-08-14,3351,0.1391343089283188,0.17597518075279384,0.5057874871462492,-0.5186183969004139,ELSS,Nippon India Mutual Fund,Equity Scheme - ELSS
134594,Nippon India Equity Savings Fund- Direct Plan- Growth Plan-Growth Option,2015-06-04,2026-08-14,2758,0.05585423966706404,0.06903047856763438,-0.028554950230588592,-0.31724826117391236,Equity Savings,Nippon India Mutual Fund,Hybrid Scheme - Equity Savings
149094,Nippon India Flexi Cap Fund - Direct Plan - Growth Plan - Growth Option,2021-08-18,2026-08-14,1229,0.12568123189230218,0.14839690437140762,0.487012948122973,-0.19795549440880522,Flexi Cap,Nippon India Mutual Fund,Equity Scheme - Flexi Cap Fund
118656,Nippon India Floater Fund  - Direct Plan Growth Plan - Growth Option,2013-01-02,2026-08-14,3287,0.07891053886091415,0.013056374703586556,1.4848068304339777,-0.026433753027664486,Floating Rate,Nippon India Mutual Fund,Debt Scheme - Floater Fund
118692,Nippon India Focused Fund - Direct Plan Growth Plan - Growth Option,2013-01-02,2026-08-14,3351,0.1640644820592294,0.16394197685414794,0.66578759855276,-0.43434917636802817,Focused,Nippon India Mutual Fund,Equity Scheme - Focused Fund
118672,Nippon India Gilt  Fund - Direct Plan Growth Plan - Growth Option,2013-01-02,2026-08-14,3287,0.08720448043535844,0.041641577242303905,0.6763813961126411,-0.11812575658666125,Gilt,Nippon India Mutual Fund,Debt Scheme - Gilt Fund
118663,Nippon India Gold Savings Fund - Direct Plan Growth Plan - Growth Option,2013-01-02,2026-08-14,3351,0.1110524898327434,0.1520712402938878,0.3909592207761609,-0.2465553914728157,Fund of Funds,Nippon India Mutual Fund,Other Scheme - FoF Domestic
118668,Nippon India Growth Mid Cap Fund - Direct Plan Growth Plan - Growth Option,2013-01-02,2026-08-14,3351,0.18415491589334065,0.16811720548955542,0.7576975109049598,-0.35323117372404966,Mid Cap,Nippon India Mutual Fund,Equity Scheme - Mid Cap Fund
153600,Nippon India Income Plus Arbitrage Active Fund of Fund- Direct Plan- Growth Option,2025-06-19,2026-08-14,281,0.059716702724556425,0.00829110557648833,0.025406215803456644,-0.002615552034212154,Fund of Funds,Nippon India Mutual Fund,Other Scheme - FoF Domestic
118791,Nippon India Index Fund - BSE Sensex Plan - Direct Plan Growth Plan - Growth Option,2013-01-02,2026-08-14,3351,0.1149263561921301,0.15882533939617463,0.4036449900278018,-0.37152105376404443,Index,Nippon India Mutual Fund,Other Scheme - Index Funds
118741,Nippon India Index Fund - Nifty 50 Plan - Direct Plan Growth Plan - Growth Option,2013-01-02,2026-08-14,3351,0.1175327936427486,0.16001369987528435,0.4168157670150583,-0.38169377046740094,Index,Nippon India Mutual Fund,Other Scheme - Index Funds
152033,Nippon India Innovation Fund-Direct Plan-Growth Option,2023-09-01,2026-08-14,725,0.16560702585983944,0.14188119646640462,0.7579578569467801,-0.21470179042764825,Sectoral,Nippon India Mutual Fund,Equity Scheme - Sectoral/ Thematic
130860,Nippon India Japan Equity Fund- Direct Plan- Growth Plan- Growth Option,2014-08-27,2026-08-14,2784,0.10415278656677462,0.16613842238728696,0.3680814478818197,-0.2990606164452597,Sectoral,Nippon India Mutual Fund,Equity Scheme - Sectoral/ Thematic
118632,Nippon India Large Cap Fund - Direct Plan Growth Plan - Growth Option,2013-01-02,2026-08-14,3351,0.1529379379810114,0.16630587540599673,0.5994832097680225,-0.3996075381332732,Large Cap,Nippon India Mutual Fund,Equity Scheme - Large Cap Fund
118701,Nippon India Liquid Fund - Direct Plan Growth Plan - Growth Option,2013-01-01,2026-08-16,4240,0.06878027210323268,0.0021284624910798155,-2.8801714238866793,-0.0024083339804963355,Liquid,Nippon India Mutual Fund,Debt Scheme - Liquid Fund
118709,Nippon India Low Duration Fund - Direct Plan Growth Plan - Growth Option,2013-01-02,2026-08-14,3287,0.07627897629203106,0.008743764782671257,1.9201657877278802,-0.01974002500840255,Low Duration,Nippon India Mutual Fund,Debt Scheme - Low Duration Fund
153693,Nippon India MNC Fund- Direct Plan- Growth Option,2025-07-25,2026-08-14,259,0.1322133297246182,0.127716552636143,0.595170931796795,-0.1313381693580724,Sectoral,Nippon India Mutual Fund,Equity Scheme - Sectoral/ Thematic
130050,Nippon India Medium Duration Fund - Direct Plan - Growth Option,2014-06-30,2026-08-14,2929,0.051502920972146704,0.08766603572268254,-0.037047557969247885,-0.2981975430485936,Medium Duration,Nippon India Mutual Fund,Debt Scheme - Medium Duration Fund
118687,Nippon India Medium to Long Duration Fund - Direct Plan Growth Plan - Growth Option,2013-01-02,2026-08-14,3287,0.07845846346796903,0.03566383530635945,0.546762417864223,-0.09877180232558147,Long Duration,Nippon India Mutual Fund,Debt Scheme - Medium to Long Duration Fund
118719,Nippon India Money Market Fund - Direct Plan Growth Plan - Growth Option,2013-01-01,2026-08-14,3679,0.07314609039385633,0.004057619753523782,1.447102796550566,-0.008672644107706962,Money Market,Nippon India Mutual Fund,Debt Scheme - Money Market Fund
148666,Nippon India Multi - Asset Omni FoF - Direct Plan - Growth Option,2021-02-09,2026-08-14,1358,0.1807323027111991,0.09520737378201219,1.2031727785445172,-0.11633173729437574,Fund of Funds,Nippon India Mutual Fund,Other Scheme - FoF Domestic
148457,Nippon India Multi Asset Allocation Fund - Direct Plan - Growth Option,2020-08-31,2026-08-14,1467,0.18670627983140275,0.09501471594936509,1.2600736406968267,-0.10781652372323014,Multi Asset,Nippon India Mutual Fund,Hybrid Scheme - Multi Asset Allocation
118650,Nippon India Multi Cap Fund - Direct Plan Growth Plan - Growth Option,2013-01-02,2026-08-14,3351,0.15998476657680727,0.16795524979905585,0.6325754456919234,-0.4275407119293968,Multi Cap,Nippon India Mutual Fund,Equity Scheme - Multi Cap Fund
148721,Nippon India Nifty 50 Value 20 Index Fund - Direct Plan - Growth Option,2021-02-23,2026-08-14,1348,0.11385548540151369,0.13890598796298873,0.43214111549093914,-0.1917517026842317,Index,Nippon India Mutual Fund,Other Scheme - Index Funds
152842,Nippon India Nifty 500 Equal Weight Index Fund - Direct Plan - Growth Option,2024-09-11,2026-08-14,475,0.003858727898677472,0.17557503727534263,-0.2314802494572615,-0.2390336622742225,Index,Nippon India Mutual Fund,Other Scheme - Index Funds
153474,Nippon India Nifty 500 Low Volatility 50 Index Fund - Direct Plan - Growth Option,2025-05-08,2026-08-14,315,0.08298680184106644,0.11641347860178565,0.2394167983504608,-0.12233085095118768,Index,Nippon India Mutual Fund,Other Scheme - Index Funds
152881,Nippon India Nifty 500 Momentum 50 Index Fund - Direct Plan - Growth Option,2024-10-01,2026-08-14,461,-0.08084990750114385,0.20719296500582884,-0.6022230154341552,-0.3167334629578191,Index,Nippon India Mutual Fund,Other Scheme - Index Funds
153470,Nippon India Nifty 500 Quality 50 Index Fund - Direct Plan - Growth Option,2025-05-08,2026-08-14,315,0.10550014870665536,0.1558244655989429,0.3475023416937836,-0.16767359540095284,Index,Nippon India Mutual Fund,Other Scheme - Index Funds
150012,Nippon India Nifty AAA CPSE Bond Plus SDL - Apr 2027 Maturity 60:40 Index Fund - Direct Plan - Growth Option,2022-03-29,2026-08-14,1061,0.06349077482958476,0.012678850733412387,0.32769637598970924,-0.03321080994929715,Index,Nippon India Mutual Fund,Other Scheme - Index Funds
150754,Nippon India Nifty AAA PSU Bond Plus SDL - Sep 2026 Maturity 50:50 Index Fund-Direct Plan-Growth Option,2022-10-28,2026-08-14,920,0.0725280290297654,0.006152662059249254,2.0944368674105993,-0.0025132016428711657,Index,Nippon India Mutual Fund,Other Scheme - Index Funds
150487,Nippon India Nifty Alpha Low Volatility 30 Index Fund - Direct Plan - Growth Option,2022-08-22,2026-08-14,980,0.13783790011741814,0.1231821730695815,0.6482524852086372,-0.24912709497206698,Index,Nippon India Mutual Fund,Other Scheme - Index Funds
153064,Nippon India Nifty Auto Index Fund - Direct Plan- Growth Option,2024-12-09,2026-08-14,416,0.13968034966687837,0.20512151848822172,0.4594548009541444,-0.17641080676764476,Index,Nippon India Mutual Fund,Other Scheme - Index Funds
152389,Nippon India Nifty Bank Index Fund - Direct Plan - Growth Option,2024-02-26,2026-08-14,608,0.09558811691537406,0.16427812885950158,0.2855867797225573,-0.18339879154078553,Index,Nippon India Mutual Fund,Other Scheme - Index Funds
150920,Nippon India Nifty G-Sec Jun 2036 Maturity Index Fund-Direct Plan-Growth Option,2022-12-20,2026-08-14,884,0.08376238234262345,0.030379471996082243,0.7984203555187879,-0.03164382301536184,Index,Nippon India Mutual Fund,Other Scheme - Index Funds
151440,Nippon India Nifty G-Sec Oct 2028 Maturity Index Fund-Direct Plan-Growth Option,2023-03-08,2026-08-14,830,0.07898660744586272,0.013238037883601965,1.4733006998354263,-0.011248558631346883,Index,Nippon India Mutual Fund,Other Scheme - Index Funds
150906,Nippon India Nifty G-Sec Sep 2027 Maturity Index Fund-Direct Plan-Growth Option,2022-12-07,2026-08-14,893,0.0733686788092558,0.011224618772065263,1.2281320828186373,-0.006158293895170308,Index,Nippon India Mutual Fund,Other Scheme - Index Funds
152392,Nippon India Nifty IT Index Fund - Direct Plan - Growth Option,2024-02-26,2026-08-14,608,-0.053470143906021006,0.22630469765817868,-0.4004218683992144,-0.42206325301204817,Index,Nippon India Mutual Fund,Other Scheme - Index Funds
153806,Nippon India Nifty India Manufacturing Index Fund- Direct Plan- Growth Option,2025-08-28,2026-08-14,237,0.17167087905777456,0.1537866881041579,0.7439982277901267,-0.12057554993291852,Index,Nippon India Mutual Fund,Other Scheme - Index Funds
148726,Nippon India Nifty Midcap 150 Index Fund - Direct Plan - Growth Option,2021-02-23,2026-08-14,1348,0.20076750384783293,0.1679396068485015,0.8424563978265116,-0.214390990784729,Index,Nippon India Mutual Fund,Other Scheme - Index Funds
146513,Nippon India Nifty Next 50 Junior BeES FoF - Direct Plan - Growth Plan - Growth Option,2019-03-11,2026-08-14,1830,0.14625674742756667,0.1744784434448582,0.5447312395470525,-0.3430508727157573,Fund of Funds,Nippon India Mutual Fund,Other Scheme - FoF Domestic
153060,Nippon India Nifty Realty Index Fund-Direct Plan- Growth Option,2024-12-09,2026-08-14,416,-0.10418609299521975,0.27943388263995483,-0.4763996594954379,-0.4183974260172627,Index,Nippon India Mutual Fund,Other Scheme - Index Funds
150824,Nippon India Nifty SDL Plus G-Sec - Jun 2028 Maturity 70:30 Index Fund-Direct Plan-Growth Option,2022-11-25,2026-08-14,901,0.07648387970187387,0.011507108632986866,1.4601870161814723,-0.007276264591439596,Index,Nippon India Mutual Fund,Other Scheme - Index Funds
151390,Nippon India Nifty SDL Plus G-Sec-Jun 2029 Maturity 70:30 Index Fund-Direct Plan-Growth Option,2023-02-21,2026-08-14,840,0.07905341337195959,0.014361191772077767,1.3630561557274952,-0.009397430288889952,Index,Nippon India Mutual Fund,Other Scheme - Index Funds
148519,Nippon India Nifty Smallcap 250 Index Fund - Direct Plan - Growth Option,2020-10-19,2026-08-14,1435,0.24701192276904949,0.1841646917193847,0.9929374701908809,-0.2694596696007756,Index,Nippon India Mutual Fund,Other Scheme - Index Funds
143704,Nippon India Nivesh Lakshya Long Duration Fund- Direct Plan- Growth Option,2018-07-09,2026-08-14,1960,0.08312790692246574,0.04678018842463795,0.5193687180301567,-0.05841575905756846,Long Duration,Nippon India Mutual Fund,Debt Scheme - Long Duration Fund
145810,Nippon India Overnight Fund - Direct Plan - Growth Option,2018-12-19,2026-08-16,2345,0.052031804824154815,0.001233014165083374,-14.790173320336509,0.0,Overnight,Nippon India Mutual Fund,Debt Scheme - Overnight Fund
118759,Nippon India Pharma Fund - Direct Plan Growth Plan - Growth Option,2013-01-02,2026-08-14,3351,0.17729924421255516,0.15406567224402085,0.7728256471156084,-0.24023807640640893,Sectoral,Nippon India Mutual Fund,Equity Scheme - Sectoral/ Thematic
118763,Nippon India Power & Infra Fund - Direct Plan Growth Plan - Growth Option,2013-01-02,2026-08-14,3351,0.15385612743182842,0.18941744515646178,0.5525476818921211,-0.5316966366392468,Sectoral,Nippon India Mutual Fund,Equity Scheme - Sectoral/ Thematic
118769,Nippon India Quant Fund - Direct Plan Growth Plan - Growth Option,2013-01-02,2026-08-14,3351,0.13551432053280466,0.15950648796674055,0.5201448975341694,-0.32775925663214645,Sectoral,Nippon India Mutual Fund,Equity Scheme - Sectoral/ Thematic
133569,Nippon India Retirement Fund- Income Generation Scheme- Direct Plan- Growth Plan - Growth Option,2015-02-13,2026-08-14,2780,0.07812875182592749,0.04920850286377002,0.39960699261819305,-0.07398762380496304,Retirement,Nippon India Mutual Fund,Solution Oriented Scheme - Retirement Fund
133568,Nippon India Retirement Fund- Wealth Creation Scheme- Direct Plan- Growth Plan - Growth Option,2015-02-13,2026-08-14,2832,0.10978114078874213,0.16511166210317932,0.3658656538866353,-0.449222681286085,Retirement,Nippon India Mutual Fund,Solution Oriented Scheme - Retirement Fund
118796,Nippon India Short Duration Fund - Direct Plan Growth Plan - Growth Option,2013-01-02,2026-08-14,3287,0.08067146878480069,0.014280855344949954,1.4779377903259667,-0.028548001063735562,Short Duration,Nippon India Mutual Fund,Debt Scheme - Short Duration Fund
149760,Nippon India Silver ETF FOF- Direct Plan-Growth Option,2022-02-08,2026-08-14,1112,0.31908303450252595,0.32690407410073147,0.8520071522827075,-0.43534214680976613,Fund of Funds,Nippon India Mutual Fund,Other Scheme - FoF Domestic
118778,Nippon India Small Cap Fund - Direct Plan Growth Plan - Growth Option,2013-01-02,2026-08-14,3350,0.24144625787552987,0.17337475825949672,1.0197107334874158,-0.4858371846504487,Small Cap,Nippon India Mutual Fund,Equity Scheme - Small Cap Fund
149329,Nippon India Taiwan Equity Fund- Direct Plan- Growth Option,2021-12-14,2026-08-14,1088,0.33599487369572856,0.3365050123201065,0.9212666090702012,-0.44774612262504665,Sectoral,Nippon India Mutual Fund,Equity Scheme - Sectoral/ Thematic
134923,Nippon India US Equity Opportunities Fund- Direct Plan- Growth Plan- Growth Option,2015-07-28,2026-08-14,2635,0.15591922900610777,0.18894646653781227,0.5879131022630045,-0.3078148123492572,Sectoral,Nippon India Mutual Fund,Equity Scheme - Sectoral/ Thematic
143494,Nippon India Ultra Short Duration Fund- Direct Plan- Growth Option,2018-05-21,2026-08-14,1995,0.06606720545686273,0.020920679886501894,0.3247471337171791,-0.05241716773215521,Ultra Short Duration,Nippon India Mutual Fund,Debt Scheme - Ultra Short Duration Fund
118784,Nippon India Value Fund - Direct Plan Growth Plan,2013-01-02,2026-08-14,3351,0.1562877882853071,0.16718601230572794,0.6150967058067832,-0.3860462198761391,Value,Nippon India Mutual Fund,Equity Scheme - Value Fund
118678,Nippon India Vision Large & Mid Cap Fund - Direct Plan Growth Plan - Growth Option,2013-01-02,2026-08-14,3351,0.1410252327823418,0.17192205823928985,0.5235529060661165,-0.4502408587306429,Mid Cap,Nippon India Mutual Fund,Equity Scheme - Large & Mid Cap Fund
153979,Old Bridge Arbitrage Fund Direct Growth,2025-11-14,2026-08-14,186,0.06429631842108585,0.013672503368083212,0.2592187481102355,-0.006953389050833425,Arbitrage,Old Bridge Mutual Fund,Hybrid Scheme - Arbitrage Fund
154225,Old Bridge Flexi Cap Fund Direct Growth,2026-03-04,2026-08-14,112,0.3673659330516583,0.12240946442067985,2.1616441995085305,-0.03231763619575245,Flexi Cap,Old Bridge Mutual Fund,Equity Scheme - Flexi Cap Fund
152358,Old Bridge Focused Fund - Direct Growth,2024-01-25,2026-08-14,630,0.14686303977181447,0.16349206071635553,0.5718412559576135,-0.18937644341801396,Focused,Old Bridge Mutual Fund,Equity Scheme - Focused Fund
138386,PGIM India Aggressive Hybrid Equity Fund - Direct Plan - Growth,2016-03-08,2026-08-14,2571,0.10905914696999353,0.11661288343589725,0.4525712007185066,-0.31222404440519735,Aggressive Hybrid,PGIM India Mutual Fund,Hybrid Scheme - Aggressive Hybrid Fund
138875,PGIM India Arbitrage Fund - Direct Plan - Growth,2016-03-08,2026-08-14,2571,0.06104808808570783,0.01061071375617286,0.06496231589942664,-0.0071310536817492665,Arbitrage,PGIM India Mutual Fund,Hybrid Scheme - Arbitrage Fund
148658,PGIM India Balanced Advantage Fund -  Direct Plan - Growth Option,2021-02-08,2026-08-14,1359,0.09535028073608842,0.08625171121344448,0.42760568963908785,-0.11641541038525949,Balanced Advantage,PGIM India Mutual Fund,Hybrid Scheme - Dynamic Asset Allocation or Balanced Advantage
151407,"PGIM India CRISIL IBX Gilt Index - Apr 2028 Fund - Direct Plan, Growth Option",2023-02-27,2026-08-14,836,0.07606186055213371,0.011272021313720609,1.4760972245225192,-0.006562217248440305,Index,PGIM India Mutual Fund,Other Scheme - Index Funds
138330,PGIM India Corporate Bond Fund - Direct Plan - Growth,2016-03-08,2026-08-14,2526,0.07290891589013482,0.015229046149737104,0.880436976962683,-0.03142284045861321,Corporate Bond,PGIM India Mutual Fund,Debt Scheme - Corporate Bond Fund
120084,PGIM India Dynamic Bond Fund - Direct Plan-Growth Option,2013-01-02,2026-08-14,3288,0.08031862158333025,0.027858195629638673,0.7547730590069001,-0.04132120045906407,Dynamic Bond,PGIM India Mutual Fund,Debt Scheme - Dynamic Bond
135601,PGIM India ELSS Tax Saver Fund - Direct Plan - Growth Option,2015-12-14,2026-08-14,2630,0.14082406423835025,0.15101759227559794,0.5710275831222414,-0.36670838548185236,ELSS,PGIM India Mutual Fund,Equity Scheme - ELSS
138456,PGIM India Emerging Markets Equity Fund of Fund - Direct Plan - Growth,2016-03-08,2026-08-14,2528,0.08234864875056092,0.2082005635181105,0.21199453075668845,-0.48910200523103753,Fund of Funds,PGIM India Mutual Fund,Other Scheme - FoF Overseas
138376,PGIM India Equity Savings Fund - Direct Plan - Growth,2016-03-08,2026-08-14,2571,0.08097418301784187,0.048607654237468496,0.4291377477511684,-0.16241388812344992,Equity Savings,PGIM India Mutual Fund,Hybrid Scheme - Equity Savings
133839,PGIM India Flexi Cap Fund - Direct Plan - Growth Option,2015-03-09,2026-08-14,2819,0.1394368126051575,0.15868449225445852,0.5431281571557776,-0.36445012787723796,Flexi Cap,PGIM India Mutual Fund,Equity Scheme - Flexi Cap Fund
138472,PGIM India Gilt Fund - Direct Plan - Growth,2016-03-08,2026-08-14,2526,0.07316954634045869,0.028259902894717703,0.4934472580586059,-0.03164772197193355,Gilt,PGIM India Mutual Fund,Debt Scheme - Gilt Fund
138528,PGIM India Global Equity Opportunities Fund of Fund- Direct Plan - Growth,2016-03-08,2026-08-14,2528,0.14869818904040333,0.20854450384978662,0.5086327023102758,-0.43424262585939233,Fund of Funds,PGIM India Mutual Fund,Other Scheme - FoF Overseas
149298,PGIM India Global Select Real Estate Securities Fund of Fund - Direct Plan - Growth Option,2021-12-08,2026-08-14,1112,0.06693256154040972,0.15583366661249523,0.13435037363510158,-0.27399813606710166,Fund of Funds,PGIM India Mutual Fund,Other Scheme - FoF Overseas
153039,PGIM India Healthcare Fund - Direct Plan - Growth Option,2024-12-11,2026-08-14,414,0.14406747738649894,0.13269783961503445,0.649725696311932,-0.14453125,Sectoral,PGIM India Mutual Fund,Equity Scheme - Sectoral/ Thematic
138312,PGIM India Large Cap Fund - Direct Plan - Growth,2016-03-08,2026-08-14,2572,0.12333093266118134,0.15418320012456832,0.4601689369201555,-0.37381346994123854,Large Cap,PGIM India Mutual Fund,Equity Scheme - Large Cap Fund
152382,PGIM India Large and Midcap Fund - Direct Plan - Growth Option,2024-02-16,2026-08-14,614,0.12106456755084483,0.14248170971874696,0.471862581329709,-0.15456674473067922,Mid Cap,PGIM India Mutual Fund,Equity Scheme - Large & Mid Cap Fund
138299,PGIM India Liquid Fund - Direct Plan - Growth,2016-03-08,2026-08-16,3331,0.06264361810521346,0.0017127994911688832,-7.002041721531022,-0.0014608852250321824,Liquid,PGIM India Mutual Fund,Debt Scheme - Liquid Fund
125307,PGIM India Midcap Fund - Direct Plan - Growth Option,2013-12-05,2026-08-14,3123,0.17634880493120653,0.16675900380836903,0.7222481209922043,-0.36425648021828094,Mid Cap,PGIM India Mutual Fund,Equity Scheme - Mid Cap Fund
148161,PGIM India Money Market Fund - Direct Plan - Growth Option,2020-03-09,2026-08-14,1558,0.06140408400720454,0.00494716616730149,0.4142198176998388,-0.007693949328858807,Money Market,PGIM India Mutual Fund,Debt Scheme - Money Market Fund
153987,PGIM India Multi Asset Allocation Fund - Direct Plan - Growth Option,2025-12-03,2026-08-14,173,0.11714462923043945,0.13863576000111516,0.45065903348381686,-0.12076852698993601,Multi Asset,PGIM India Mutual Fund,Hybrid Scheme - Multi Asset Allocation
152815,PGIM India Multi Cap Fund - Direct Plan - Growth Option,2024-09-13,2026-08-14,473,0.04906028323863221,0.14550459100216517,-0.002847490607525892,-0.1810176125244619,Multi Cap,PGIM India Mutual Fund,Equity Scheme - Multi Cap Fund
147606,PGIM India Overnight Fund - Direct Plan - Growth Option,2019-08-28,2026-08-16,2271,1.035435473374085,32.99022194515513,0.33253531802280034,0.0,Overnight,PGIM India Mutual Fund,Debt Scheme - Overnight Fund
152537,PGIM India Retirement Fund - Direct Plan - Growth Option,2024-04-19,2026-08-14,573,0.11900527102928815,0.14394421091765197,0.4534160633823438,-0.16532258064516137,Retirement,PGIM India Mutual Fund,Solution Oriented Scheme - Retirement Fund
149019,PGIM India Small Cap Fund - Direct Plan- Growth Option,2021-08-02,2026-08-14,1241,0.14519338557131234,0.15940584357430657,0.5736148656413431,-0.24591503267973858,Small Cap,PGIM India Mutual Fund,Equity Scheme - Small Cap Fund
138358,PGIM India Ultra Short Duration Fund - Direct Plan - Growth,2016-03-08,2026-08-14,2527,0.07338382704422619,0.16939655659100591,0.16002379569038377,-0.3029206822229217,Ultra Short Duration,PGIM India Mutual Fund,Debt Scheme - Ultra Short Duration Fund
152109,Parag Parikh Arbitrage Fund - Direct Plan Growth,2023-11-03,2026-08-14,684,0.06995819171067996,0.010134835713819328,0.9266929338621257,-0.005711177590426941,Arbitrage,PPFAS Mutual Fund,Hybrid Scheme - Arbitrage Fund
148958,Parag Parikh Conservative Hybrid Fund - Direct Plan - Growth,2021-05-28,2026-08-14,1265,0.09716158629049532,0.0297574896764971,1.2376449394407876,-0.023226750106459804,Conservative Hybrid,PPFAS Mutual Fund,Hybrid Scheme - Conservative Hybrid Fund
152468,Parag Parikh Dynamic Asset Allocation Fund - Direct Plan Growth,2024-02-28,2026-08-14,597,0.07404652702514158,0.02812524456409597,0.5213719743183508,-0.023575454243155436,Balanced Advantage,PPFAS Mutual Fund,Hybrid Scheme - Dynamic Asset Allocation or Balanced Advantage
147481,Parag Parikh ELSS Tax Saver Fund- Direct Growth,2019-07-26,2026-08-14,1737,0.18027134103878284,0.13655502264987715,0.8723938727773579,-0.2954255138592369,ELSS,PPFAS Mutual Fund,Equity Scheme - ELSS
122639,Parag Parikh Flexi Cap Fund - Direct Plan - Growth,2013-05-28,2026-08-14,3251,0.18258521095789138,0.11919117684251973,0.9983710559584738,-0.31202149047503647,Flexi Cap,PPFAS Mutual Fund,Equity Scheme - Flexi Cap Fund
154155,Parag Parikh Large Cap Fund - Direct Plan - Growth,2026-02-06,2026-08-14,129,-0.04102289971619766,0.16412625910248632,-0.5440259961498085,-0.13814006843219084,Large Cap,PPFAS Mutual Fund,Equity Scheme - Large Cap Fund
143269,Parag Parikh Liquid Fund- Direct Plan- Growth,2018-05-14,2026-08-16,2322,0.055516241843877046,0.0017604495269113105,-6.563160770728063,-0.00041533214858247014,Liquid,PPFAS Mutual Fund,Debt Scheme - Liquid Fund
147372,QUANTUM ESG BEST IN CLASS STRATEGY FUND - DIRECT PLAN - GROWTH OPTION,2019-07-12,2026-08-14,1747,0.1409312808328782,0.15627556082726912,0.5583420918111752,-0.3315168029064487,Sectoral,Quantum Mutual Fund,Equity Scheme - Sectoral/ Thematic
152107,QUANTUM SMALL CAP FUND - DIRECT PLAN GROWTH OPTION,2023-11-03,2026-08-14,681,0.1365009655888052,0.1450076083294493,0.5676711227274116,-0.1820987654320988,Small Cap,Quantum Mutual Fund,Equity Scheme - Small Cap Fund
149335,Quant Value Fund - Growth Option  - Direct Plan,2021-12-01,2026-08-14,1160,0.20532281199951297,0.1946766269279062,0.7706118428133669,-0.24028008504118648,Value,quant Mutual Fund,Equity Scheme - Value Fund
112039,Quantum Diversified Equity All Cap Active FOF - Direct Plan Growth Option,2009-07-22,2026-08-14,4204,0.133647253518286,0.14841411823539846,0.5352193147682066,-0.3514950515898083,Fund of Funds,Quantum Mutual Fund,Other Scheme - FoF Domestic
134494,Quantum Dynamic Term Fund - Direct Plan Growth Option,2015-05-21,2026-08-14,2723,0.07629790993472274,0.02764946152129594,0.6097831729889115,-0.03235362593428104,Dynamic Bond,Quantum Mutual Fund,Debt Scheme - Dynamic Bond
111549,Quantum ELSS Tax Saver Fund - Direct Plan Growth Option,2008-12-31,2026-08-14,4339,0.15539386687256473,0.1501878634927096,0.6603158651157192,-0.3961531674607376,ELSS,Quantum Mutual Fund,Equity Scheme - ELSS
153094,Quantum Ethical Fund - Direct Plan Growth Option,2024-12-20,2026-08-14,406,0.02467900713443627,0.13800945629961964,-0.18474545425778482,-0.16360116166505323,Sectoral,Quantum Mutual Fund,Equity Scheme - Sectoral/ Thematic
115132,Quantum Gold ETF FOF - Direct Plan Growth Option,2011-05-25,2026-08-14,3749,0.12083084287972001,0.15117203540662708,0.45140019785674546,-0.2638074113997084,Fund of Funds,Quantum Mutual Fund,Other Scheme - FoF Domestic
103734,Quantum Liquid Fund - Direct Plan Growth Option,2006-04-09,2026-08-16,6030,0.06715423800155373,0.0020821459350349827,-2.2566438364581902,-0.0027859418898463773,Liquid,Quantum Mutual Fund,Debt Scheme - Liquid Fund
117608,Quantum Multi Asset Active FOF - Direct Plan Growth Option,2012-07-12,2026-08-14,3467,0.09946207406303165,0.059218089483325666,0.6569908536589225,-0.14238091824298715,Fund of Funds,Quantum Mutual Fund,Other Scheme - FoF Domestic
152474,Quantum Multi Asset Allocation Fund - Direct Plan Growth Option,2024-03-07,2026-08-14,599,0.09518078932097884,0.07674892364799378,0.47324909616978844,-0.10485736314572103,Multi Asset,Quantum Mutual Fund,Hybrid Scheme - Multi Asset Allocation
150390,Quantum Nifty 50 ETF FOF - Direct Plan - Growth,2022-08-05,2026-08-14,989,0.09752905150715874,0.12044030839914407,0.3552858597882521,-0.15444433571451865,Fund of Funds,Quantum Mutual Fund,Other Scheme - FoF Domestic
103490,Quantum Value Fund - Direct Plan Growth Option,2006-04-03,2026-08-14,5017,0.13147241735050041,0.17061626047456918,0.47468435436222217,-0.5421686746987951,Value,Quantum Mutual Fund,Equity Scheme - Value Fund
119821,SBI  SAVINGS FUND - DIRECT PLAN - GROWTH,2013-01-04,2026-08-14,3295,0.07492978055086752,0.005160192150980618,2.953573083512229,-0.0097565508269839,Money Market,SBI Mutual Fund,Debt Scheme - Money Market Fund
152657,SBI Automotive Opportunities Fund - Direct Plan - Growth,2024-06-12,2026-08-14,546,0.14258241108124592,0.179105544038182,0.5016970132480388,-0.2919592080320157,Sectoral,SBI Mutual Fund,Equity Scheme - Sectoral/ Thematic
133859,SBI BANKING & FINANCIAL SERVICES FUND - DIRECT PLAN - GROWTH,2015-03-05,2026-08-14,2828,0.14697953157754484,0.19601477118473967,0.5067698462043209,-0.43807604349286544,Sectoral,SBI Mutual Fund,Equity Scheme - Sectoral/ Thematic
125503,SBI BANKING & PSU FUND - Direct Plan - Growth,2013-11-18,2026-08-14,3086,0.07763224410765157,0.013656728915955898,1.3100284414187822,-0.03196482055739658,Banking & PSU,SBI Mutual Fund,Debt Scheme - Banking and PSU Fund
153432,SBI BSE PSU BANK INDEX FUND- Direct Plan- Growth,2025-03-28,2026-08-14,346,0.27234475190642193,0.23635804616241268,0.8917724021403883,-0.20482940362363256,Index,SBI Mutual Fund,Other Scheme - Index Funds
151769,SBI BSE Sensex Index Fund - Direct Plan - Growth,2023-05-31,2026-08-14,799,0.08118532555909552,0.1287420552682484,0.2122730783734328,-0.16091569829462216,Index,SBI Mutual Fund,Other Scheme - Index Funds
149134,SBI Balanced Advantage Fund - Direct Plan - Growth,2021-09-07,2026-08-14,1224,0.10936501819466238,0.06353838635731221,0.7483494805855487,-0.07392584359999055,Balanced Advantage,SBI Mutual Fund,Hybrid Scheme - Dynamic Asset Allocation or Balanced Advantage
119705,SBI COMMA Fund - DIRECT PLAN - Growth,2013-01-07,2026-08-14,3357,0.13923254097499504,0.1847001236707766,0.48895441668369727,-0.40753372181093017,Sectoral,SBI Mutual Fund,Equity Scheme - Sectoral/ Thematic
120137,SBI CONSTANT MATURITY 10 YEAR GILT FUND - DIRECT PLAN - GROWTH,2013-01-03,2026-08-14,3296,0.08607905560998663,0.030602890856944922,0.8637056389636885,-0.04455121412135166,Gilt,SBI Mutual Fund,Debt Scheme - Gilt Fund with 10 year constant duration
120575,SBI CONSUMPTION OPPORTUNITIES FUND - DIRECT PLAN - GROWTH,2013-01-08,2026-08-14,3356,0.15095029435855012,0.14819262575822892,0.6387637960870043,-0.35384722813514347,Sectoral,SBI Mutual Fund,Equity Scheme - Sectoral/ Thematic
119835,SBI CONTRA FUND - DIRECT PLAN - GROWTH,2013-01-02,2026-08-14,3358,0.15419322739447527,0.14902113928441718,0.6560330629674577,-0.4473740623291751,Contra,SBI Mutual Fund,Equity Scheme - Contra Fund
149474,SBI CPSE Bond Plus SDL Sep 2026 50:50 Index Fund - Direct Plan - Growth,2022-01-27,2026-08-14,1110,0.0625533579421147,0.0123249519277032,0.22268812662335652,-0.0339474228938107,Index,SBI Mutual Fund,Other Scheme - Index Funds
119798,SBI CREDIT RISK FUND - DIRECT PLAN -GROWTH,2013-01-03,2026-08-14,3296,0.08680905208701795,0.12719378522067568,0.27026438634674155,-0.2719391020243188,Credit Risk,SBI Mutual Fund,Debt Scheme - Credit Risk Fund
154331,SBI CRISIL - IBX Financial Services 3-6 Months Debt Index Fund - Direct Plan - Growth,2026-04-27,2026-08-14,78,0.07534225101247372,0.0038467490765094273,2.8495013970959904,-0.00046299488735446204,Index,SBI Mutual Fund,Other Scheme - Index Funds
154334,SBI CRISIL - IBX Financial Services 9-12 Months Debt Index Fund - Direct Plan - Growth,2026-04-27,2026-08-14,78,0.0750337648352093,0.007405276561666682,1.4450201832444782,-0.002456143854149162,Index,SBI Mutual Fund,Other Scheme - Index Funds
150706,SBI CRISIL IBX Gilt Index - April 2029 Fund - Direct Plan - Growth,2022-10-10,2026-08-14,941,0.0806551008550418,0.01762810986073751,1.1402994401044617,-0.010566031994766356,Index,SBI Mutual Fund,Other Scheme - Index Funds
150711,SBI CRISIL IBX SDL Index - September 2027 Fund - Direct Plan - Growth,2022-10-10,2026-08-14,941,0.07790465111600309,0.01154134505569516,1.5063872555315059,-0.004140403518855806,Index,SBI Mutual Fund,Other Scheme - Index Funds
154370,SBI CRISIL-IBX 10:90 GILT + SDL INDEX DEC 2029 INDEX FUND - DIRECT - GROWTH,2026-06-01,2026-08-14,54,0.14641478490814164,0.015249557666983259,4.706664717889014,-0.0026427679825246075,Index,SBI Mutual Fund,Other Scheme - Index Funds
148490,SBI Children's Fund - Investment Plan - Direct Plan - Growth,2020-10-07,2026-08-14,1450,0.3314516322125711,0.12666214180336693,1.89062228650857,-0.1573641621489854,Children,SBI Mutual Fund,Solution Oriented Scheme - Children’s Fund
119719,SBI Children's Fund - Savings Plan - DIRECT PLAN - GROWTH,2013-01-07,2026-08-14,3294,0.12125509730226103,0.05452914780895675,1.1116669904639835,-0.1441683109850067,Children,SBI Mutual Fund,Solution Oriented Scheme - Children’s Fund
119839,SBI Conservative Hybrid Fund - Direct Plan - Growth,2013-01-08,2026-08-14,3293,0.09749680304988884,0.04279070451567248,0.8824577552949812,-0.11881573734882922,Conservative Hybrid,SBI Mutual Fund,Hybrid Scheme - Conservative Hybrid Fund
146215,SBI Corporate Bond Fund - Direct Plan - Growth,2019-02-08,2026-08-14,1827,0.07300461539010583,0.016624611779822843,0.7942181983522749,-0.02904615821112555,Corporate Bond,SBI Mutual Fund,Debt Scheme - Corporate Bond Fund
154467,SBI Crisil - IBX SDL Index - June 2034 Index Fund - Direct Plan - Growth,2026-07-20,2026-08-14,20,0.0888940874519002,0.022867523259200846,0.7683861720606132,-0.0029180449099104333,Debt,SBI Mutual Fund,Index Funds - Debt Funds
153832,SBI Dynamic Asset Allocation Active FoF - Direct Plan - Growth,2025-09-22,2026-08-14,220,0.05077859481704183,0.07381728060646778,-0.08685744351501391,-0.0784075796258723,Fund of Funds,SBI Mutual Fund,Other Scheme - FoF Domestic
119671,SBI Dynamic Bond Fund - DIRECT PLAN - Growth,2013-01-02,2026-08-14,3297,0.08098332103577754,0.03343677986241524,0.6465205841830928,-0.08862465268196895,Dynamic Bond,SBI Mutual Fund,Debt Scheme - Dynamic Bond
119723,SBI ELSS Tax Saver FUND - DIRECT PLAN -GROWTH,2013-01-02,2026-08-14,3360,0.1536073865971268,0.1526323293089839,0.6401151270150861,-0.3819829215826869,ELSS,SBI Mutual Fund,Equity Scheme - ELSS
119609,SBI EQUITY HYBRID FUND - DIRECT PLAN - Growth,2013-01-02,2026-08-14,3359,0.14400323207612442,0.11134653087156382,0.7519857481614715,-0.27489531791240696,Aggressive Hybrid,SBI Mutual Fund,Hybrid Scheme - Aggressive Hybrid Fund
119709,SBI ESG Exclusionary Strategy Fund - Direct Plan -Growth,2013-01-02,2026-08-14,3359,0.1335265701000825,0.1568969106887045,0.5127547205295895,-0.366643779170305,Sectoral,SBI Mutual Fund,Equity Scheme - Sectoral/ Thematic
152417,SBI Energy Opportunities Fund - Direct Plan - Growth,2024-03-01,2026-08-14,613,0.053205787648084035,0.1842189996162292,0.05157830562969617,-0.2797116374871267,Sectoral,SBI Mutual Fund,Equity Scheme - Sectoral/ Thematic
146643,SBI Equity Minimum Variance Fund - Direct Plan - Growth,2019-03-27,2026-08-14,1828,0.1321889838829302,0.15092142484198826,0.5163207001242549,-0.3295007162440352,Sectoral,SBI Mutual Fund,Equity Scheme - Sectoral/ Thematic
134643,SBI Equity Savings Fund - Direct Plan - Growth,2015-06-03,2026-08-14,2769,0.09500055231739224,0.06618968767973576,0.5247748804213641,-0.19455958723269895,Equity Savings,SBI Mutual Fund,Hybrid Scheme - Equity Savings
119727,SBI FOCUSED FUND - DIRECT PLAN -GROWTH,2013-01-02,2026-08-14,3358,0.15773707886331811,0.1358907648249641,0.7286421420393594,-0.32738405163804885,Focused,SBI Mutual Fund,Equity Scheme - Focused Fund
119718,SBI Flexicap Fund - DIRECT PLAN - Growth Option,2013-01-07,2026-08-14,3355,0.14750493142766863,0.14968156100170849,0.6140049019068013,-0.3580008480645954,Flexi Cap,SBI Mutual Fund,Equity Scheme - Flexi Cap Fund
148550,SBI Floating Rate Debt Fund - Direct Plan - Growth,2020-11-04,2026-08-14,1407,0.06574066748659968,0.008102399881217023,0.7323745041987163,-0.005774721918372583,Floating Rate,SBI Mutual Fund,Debt Scheme - Floater Fund
119707,SBI GILT FUND - DIRECT PLAN - GROWTH,2013-01-03,2026-08-14,3296,0.08808628286379716,0.040284537573204736,0.7123714750559667,-0.0950783922406836,Gilt,SBI Mutual Fund,Debt Scheme - Gilt Fund
119788,SBI GOLD FUND- DIRECT PLAN - GROWTH,2013-01-02,2026-08-14,3300,0.11308990281169695,0.15356423016686424,0.4118942970516025,-0.2501035420380675,Fund of Funds,SBI Mutual Fund,Other Scheme - FoF Domestic
119783,SBI HEALTHCARE OPPORTUNITIES FUND - DIRECT PLAN -GROWTH,2013-01-02,2026-08-14,3359,0.1843471845925655,0.16143180275555025,0.7802541222563826,-0.30528639511453737,Sectoral,SBI Mutual Fund,Equity Scheme - Sectoral/ Thematic
119700,SBI INFRASTRUCTURE FUND -  DIRECT PLAN - GROWTH,2013-01-03,2026-08-14,3359,0.1470679315273995,0.17153739923056133,0.5537701257097649,-0.42080906450886857,Sectoral,SBI Mutual Fund,Equity Scheme - Sectoral/ Thematic
153498,SBI Income Plus Arbitrage Active FOF- Direct Plan- Growth,2025-05-07,2026-08-14,317,0.05800959482232182,0.007603069902379585,-0.37328089258274594,-0.0029737418593818177,Fund of Funds,SBI Mutual Fund,Other Scheme - FoF Domestic
152776,SBI Innovative Opportunities Fund - Direct Plan - Growth,2024-08-27,2026-08-14,494,0.03529083636113528,0.15251092823169973,-0.08904442798010848,-0.207911807861611,Sectoral,SBI Mutual Fund,Equity Scheme - Sectoral/ Thematic
119721,SBI LARGE & MIDCAP FUND -DIRECT PLAN -Growth,2013-01-02,2026-08-14,3358,0.16608304851188338,0.15041416601642468,0.7210713538596027,-0.3642776614336253,Mid Cap,SBI Mutual Fund,Equity Scheme - Large & Mid Cap Fund
119812,SBI LOW DURATION FUND - DIRECT PLAN - GROWTH,2013-01-02,2026-08-14,3297,0.07386175324514865,0.006407993882776322,2.2156519602755704,-0.013035736290326061,Low Duration,SBI Mutual Fund,Debt Scheme - Low Duration Fund
119598,SBI Large Cap FUND-DIRECT PLAN -GROWTH,2013-01-02,2026-08-14,3360,0.14424229804031308,0.1528742433995362,0.5848537457846094,-0.3707785069456012,Large Cap,SBI Mutual Fund,Equity Scheme - Large Cap Fund
119800,SBI Liquid Fund - DIRECT PLAN -Growth,2013-01-01,2026-08-16,4613,0.06793430863309147,0.001461276032681171,-7.581026597083683,-0.0017170290782642095,Liquid,SBI Mutual Fund,Debt Scheme - Liquid Fund
151214,SBI Long Duration Fund - Direct Plan - Growth,2022-12-28,2026-08-14,887,0.07365019556529218,0.03726972563502894,0.37638935186972666,-0.04448123533704207,Long Duration,SBI Mutual Fund,Debt Scheme - Long Duration Fund
119824,SBI MEDIUM DURATION FUND - DIRECT PLAN - GROWTH,2013-01-29,2026-08-14,3279,0.08857433867933606,0.025462281641300374,1.126021945931799,-0.07453495242558217,Medium Duration,SBI Mutual Fund,Debt Scheme - Medium Duration Fund
119716,SBI MIDCAP FUND - DIRECT PLAN - GROWTH,2013-01-02,2026-08-14,3360,0.1830206411054922,0.1513976938707664,0.8140879377614433,-0.43051182543750455,Mid Cap,SBI Mutual Fund,Equity Scheme - Mid Cap Fund
119711,SBI MNC FUND - DIRECT PLAN -GROWTH,2013-01-02,2026-08-14,3359,0.14995022438731764,0.12546706998465443,0.7226724851465209,-0.2753317292489317,Sectoral,SBI Mutual Fund,Equity Scheme - Sectoral/ Thematic
119843,SBI MULTI ASSET ALLOCATION FUND - DIRECT PLAN - GROWTH,2013-03-19,2026-08-14,3245,0.12515849284114422,0.0658172225288177,0.9874812371887528,-0.17590262704647752,Multi Asset,SBI Mutual Fund,Hybrid Scheme - Multi Asset Allocation
119714,SBI Medium to Long Duration Fund-DIRECT PLAN -Growth,2013-01-02,2026-08-14,3296,0.07979584586431177,0.03023251611650388,0.6746253383795973,-0.08538589451966971,Long Duration,SBI Mutual Fund,Debt Scheme - Medium to Long Duration Fund
149882,SBI Multicap Fund- Direct Plan- Growth option,2022-03-15,2026-08-14,1097,0.1383701178146135,0.12176036526905995,0.6492415978281225,-0.15112501305597847,Multi Cap,SBI Mutual Fund,Equity Scheme - Multi Cap Fund
154372,SBI NIFTY G-SEC JUL 2031 INDEX FUND - DIRECT - GROWTH,2026-06-01,2026-08-14,54,0.18081084062067476,0.02370551594933544,4.236548170749181,-0.002774964947811265,Index,SBI Mutual Fund,Other Scheme - Index Funds
119827,SBI NIFTY INDEX FUND - DIRECT PLAN - GROWTH,2013-01-02,2026-08-14,3360,0.11577831700957164,0.1606156749177507,0.40396106995473774,-0.3838709323963776,Index,SBI Mutual Fund,Other Scheme - Index Funds
152908,SBI Nifty 500 Index Fund- Direct Plan- Growth,2024-10-04,2026-08-14,466,0.007766320290505835,0.1434900915814649,-0.2921947807246121,-0.16098577734183417,Index,SBI Mutual Fund,Other Scheme - Index Funds
153250,SBI Nifty Bank Index Fund-Direct Plan- Growth,2025-02-12,2026-08-14,376,0.1137571907574435,0.15762121489835165,0.38712850693731116,-0.1831309217595155,Index,SBI Mutual Fund,Other Scheme - Index Funds
153320,SBI Nifty IT Index Fund - Direct Plan - Growth,2025-02-27,2026-08-14,366,-0.12235418692758315,0.24383692048051114,-0.663326071845299,-0.3410692084542064,Index,SBI Mutual Fund,Other Scheme - Index Funds
153015,SBI Nifty India Consumption Index Fund- Direct Plan- Growth,2024-11-06,2026-08-14,444,0.03322166667988635,0.14654454199783304,-0.11188877673059842,-0.18279882587082763,Index,SBI Mutual Fund,Other Scheme - Index Funds
150673,SBI Nifty Midcap 150 Index Fund - Direct Plan - Growth,2022-10-11,2026-08-14,955,0.2024333267966527,0.15910473363813066,0.8788618099771132,-0.21102917470536164,Index,SBI Mutual Fund,Other Scheme - Index Funds
154526,SBI Nifty Midcap 150 Momentum 50 ETF FOF - Direct - Growth,2026-08-12,2026-08-14,3,-0.7266821210274352,0.03473236759262158,-27.439616937580606,-0.007077476622580736,Value,SBI Mutual Fund,Equity Schemes - Value Fund
148945,SBI Nifty Next 50 Index Fund - Direct Plan - Growth,2021-05-26,2026-08-14,1297,0.14829774402989604,0.1754282796006603,0.5462407626196725,-0.2650120096076861,Index,SBI Mutual Fund,Other Scheme - Index Funds
150677,SBI Nifty Smallcap 250 Index Fund - Direct Plan - Growth,2022-10-11,2026-08-14,955,0.19507921647144721,0.17796332352798447,0.7687685045173615,-0.26186959689647704,Index,SBI Mutual Fund,Other Scheme - Index Funds
153718,SBI Nifty100 Low Volatility 30 Index Fund- Direct Plan- Growth,2025-07-31,2026-08-14,260,0.0314908310304276,0.11921394487228769,-0.18123582411599815,-0.14291144051691373,Index,SBI Mutual Fund,Other Scheme - Index Funds
153662,SBI Nifty200 Momentum 30 Index Fund- Direct Plan- Growth,2025-07-15,2026-08-14,272,-0.0038691882358898866,0.17624579185637432,-0.27488911729474225,-0.16116465039983585,Index,SBI Mutual Fund,Other Scheme - Index Funds
153555,SBI Nifty200 Quality 30 Index Fund-Direct Plan- Growth,2025-06-10,2026-08-14,297,0.010488232608764081,0.12824874284056667,-0.32223170102842824,-0.1580681604217662,Index,SBI Mutual Fund,Other Scheme - Index Funds
152370,SBI Nifty50 Equal Weight Index Fund - Direct Plan - Growth,2024-02-06,2026-08-14,631,0.08379980216599114,0.13941759320728586,0.2210263205135165,-0.1809056113237525,Index,SBI Mutual Fund,Other Scheme - Index Funds
119833,SBI OVERNIGHT FUND - DIRECT PLAN - GROWTH,2013-01-03,2026-08-16,4611,0.06172533556366089,0.001163720505626806,-13.248377429772571,-0.001108902415522639,Overnight,SBI Mutual Fund,Debt Scheme - Overnight Fund
119732,SBI PSU Fund - DIRECT PLAN - GROWTH,2013-01-03,2026-08-14,3359,0.11792134941726795,0.19892030825479223,0.3710545371582607,-0.47056071692237966,Sectoral,SBI Mutual Fund,Equity Scheme - Sectoral/ Thematic
154177,SBI Quality Fund - Direct Plan - Growth,2026-02-23,2026-08-14,120,0.235679385156905,0.13954553197807879,1.1523323300122301,-0.09375718268759936,Sectoral,SBI Mutual Fund,Equity Scheme - Sectoral/ Thematic
153154,SBI Quant Fund- Direct Plan- Growth,2024-12-31,2026-08-14,407,0.004998925718497693,0.14832541251359757,-0.2966598368699159,-0.15016998163416828,Sectoral,SBI Mutual Fund,Equity Scheme - Sectoral/ Thematic
148685,SBI Retirement Benefit Fund - Aggressive Hybrid Plan - Direct Plan - Growth,2021-02-17,2026-08-14,1361,0.14337576315181844,0.10728113888499204,0.7644783413571633,-0.14491657353680376,Retirement,SBI Mutual Fund,Solution Oriented Scheme - Retirement Fund
148683,SBI Retirement Benefit Fund - Aggressive Plan - Direct Plan - Growth,2021-02-17,2026-08-14,1361,0.15178593458080192,0.1305159522517969,0.7067253111789188,-0.1791334205072096,Retirement,SBI Mutual Fund,Solution Oriented Scheme - Retirement Fund
148690,SBI Retirement Benefit Fund - Conservative Hybrid Plan - Direct Plan - Growth,2021-02-17,2026-08-14,1336,0.09471017888855826,0.056064353886771515,0.6297738378976739,-0.06869182436337262,Retirement,SBI Mutual Fund,Solution Oriented Scheme - Retirement Fund
148688,SBI Retirement Benefit Fund - Conservative Plan - Direct Plan - Growth,2021-02-17,2026-08-14,1336,0.07761664082914077,0.033958973738624124,0.5302694349529171,-0.04446919831223628,Retirement,SBI Mutual Fund,Solution Oriented Scheme - Retirement Fund
119816,SBI SHORT TERM DEBT FUND - DIRECT PLAN -GROWTH,2013-01-02,2026-08-14,3297,0.07747573375786843,0.013669744950279793,1.2998389197769398,-0.023519340283952528,Short Duration,SBI Mutual Fund,Debt Scheme - Short Duration Fund
152735,SBI Silver ETF Fund of Fund- Direct Plan - Growth,2024-07-18,2026-08-14,515,0.5504197333490373,0.4513295705098886,1.0886869747368717,-0.45007609019773165,Fund of Funds,SBI Mutual Fund,Other Scheme - FoF Domestic
125497,SBI Small Cap Fund - Direct Plan - Growth,2013-11-18,2026-08-14,3144,0.24548686835697153,0.1515431490039642,1.1602197496259858,-0.4026012761687717,Small Cap,SBI Mutual Fund,Equity Scheme - Small Cap Fund
120578,SBI TECHNOLOGY OPPORTUNITIES FUND - DIRECT PLAN - GROWTH,2013-01-10,2026-08-14,3352,0.1873092055711303,0.17369915803090089,0.752211077967431,-0.2984820382284238,Sectoral,SBI Mutual Fund,Equity Scheme - Sectoral/ Thematic
119828,SBI ULTRA SHORT DURATION FUND - DIRECT PLAN - GROWTH,2013-01-01,2026-08-14,3968,0.07179297002793117,0.0038273399101205253,-0.0050751803292799,-0.009507006529192896,Ultra Short Duration,SBI Mutual Fund,Debt Scheme - Ultra Short Duration Fund
148760,SBI US Specific Equity Active FoF - Direct Plan - Growth,2021-03-30,2026-08-14,1254,0.19094262862973,0.19673961084700614,0.7534500678542946,-0.21798559559238406,Fund of Funds,SBI Mutual Fund,Other Scheme - FoF Overseas
150681,SBI |CRISIL IBX Gilt Index - June 2036 Fund - Direct Plan - Growth,2022-10-10,2026-08-14,941,0.085821066545966,0.03154759258710616,0.8038423379384347,-0.03169981238273922,Index,SBI Mutual Fund,Other Scheme - Index Funds
151753,Samco Active Momentum Fund - Direct Plan - Growth Option,2023-07-12,2026-08-14,761,0.15493634602790496,0.15996091457412395,0.6287219804562464,-0.25,Sectoral,Samco Mutual Fund,Equity Scheme - Sectoral/ Thematic
153090,Samco Arbitrage Fund - Direct Plan - Growth,2024-11-29,2026-08-14,422,0.05238765903985643,0.01303348626436826,-0.5967092470997652,-0.006386861313868675,Arbitrage,Samco Mutual Fund,Hybrid Scheme - Arbitrage Fund
152188,Samco Dynamic Asset Allocation Fund - Direct Plan - Growth Option,2024-01-04,2026-08-14,643,0.023254122705960167,0.1135356303605301,-0.26382427594773394,-0.15254237288135597,Balanced Advantage,Samco Mutual Fund,Hybrid Scheme - Dynamic Asset Allocation or Balanced Advantage
150838,Samco ELSS Tax Saver Fund - Direct Plan - Growth Option,2022-12-29,2026-08-14,892,0.09375963881049376,0.1618021150529129,0.27831597192574525,-0.29641283826305853,ELSS,Samco Mutual Fund,Equity Scheme - ELSS
149450,Samco Flexi Cap Fund - Direct Plan - Growth Option,2022-02-09,2026-08-14,1109,0.014514020796011273,0.16516080543958883,-0.19091886248488932,-0.3015873015873016,Flexi Cap,Samco Mutual Fund,Equity Scheme - Flexi Cap Fund
153534,Samco Large & Mid Cap Fund - Direct Plan - Growth Option,2025-06-30,2026-08-14,278,-0.09410209846879325,0.11832822464535446,-1.3007138227033017,-0.15014720314033358,Mid Cap,Samco Mutual Fund,Equity Scheme - Large & Mid Cap Fund
153239,Samco Large Cap Fund - Direct Plan - Growth Option,2025-03-28,2026-08-14,340,-0.054988077894999154,0.10891889949736339,-1.0290064157861458,-0.1259765625000001,Large Cap,Samco Mutual Fund,Equity Scheme - Large Cap Fund
153092,Samco Multi Asset Allocation Fund - Direct Plan - Growth,2024-12-31,2026-08-14,401,0.14786907536656324,0.11091191056072228,0.7823087789158737,-0.12321562734785874,Multi Asset,Samco Mutual Fund,Hybrid Scheme - Multi Asset Allocation
152847,Samco Multi Cap Fund - Direct Plan - Growth,2024-11-06,2026-08-14,437,-0.05571517121747105,0.10973234575256983,-1.025915494152326,-0.20059288537549402,Multi Cap,Samco Mutual Fund,Equity Scheme - Multi Cap Fund
150631,Samco Overnight Fund - Direct Plan - Growth Option,2022-10-13,2026-08-16,1152,0.060159267627213575,0.0014147716297316264,-7.679036705349203,0.0,Overnight,Samco Mutual Fund,Debt Scheme - Overnight Fund
152586,Samco Special Opportunities Fund - Direct Plan - Growth,2024-06-13,2026-08-14,536,-0.05519180760746878,0.19471167845499787,-0.5082628710386857,-0.32206572769953057,Sectoral,Samco Mutual Fund,Equity Scheme - Sectoral/ Thematic
125711,Shriram Aggressive Hybrid Fund- Direct Growth,2013-12-06,2026-08-14,3121,0.1102161330952871,0.11384250300009585,0.47149117773379384,-0.25722985683767496,Aggressive Hybrid,Shriram Mutual Fund,Hybrid Scheme - Aggressive Hybrid Fund
147406,Shriram Balanced Advantage Fund - Direct Growth,2019-07-12,2026-08-14,1747,0.09588889719120397,0.09249870847353474,0.41109197138005726,-0.14643942172935664,Balanced Advantage,Shriram Mutual Fund,Hybrid Scheme - Dynamic Asset Allocation or Balanced Advantage
145819,Shriram ELSS Tax Saver Fund - Direct Growth,2019-02-01,2026-08-14,1855,0.12364050424202766,0.16250092061268306,0.44727487993990933,-0.29782286502785293,ELSS,Shriram Mutual Fund,Equity Scheme - ELSS
144905,Shriram Flexi Cap Fund - Direct Growth,2018-10-08,2026-08-14,1934,0.1145850009023579,0.16416960545422707,0.3936570655554233,-0.32102583077844726,Flexi Cap,Shriram Mutual Fund,Equity Scheme - Flexi Cap Fund
153035,Shriram Liquid Fund - Direct Plan Growth Option,2024-11-20,2026-08-16,562,0.064275888674165,0.0016274683440590056,-7.018158809655375,-5.017094945525269e-05,Liquid,Shriram Mutual Fund,Debt Scheme - Liquid Fund
154144,Shriram Money Market Fund - Direct Plan Growth Option,2026-01-28,2026-08-14,133,0.06738068852198453,0.005940334449972663,1.2643188882593523,-0.001760921542722449,Money Market,Shriram Mutual Fund,Debt Scheme - Money Market Fund
152051,Shriram Multi Asset Allocation Fund - Direct Growth,2023-09-15,2026-08-14,715,0.12295437632319417,0.12046667057141738,0.552466698234912,-0.15326192794547233,Multi Asset,Shriram Mutual Fund,Hybrid Scheme - Multi Asset Allocation
153076,Shriram Multi Sector Rotation Fund - Direct Plan Growth Option,2024-12-13,2026-08-14,412,-0.09537565473937082,0.16713303589731313,-0.8883148599505476,-0.2956611590775864,Sectoral,Shriram Mutual Fund,Equity Scheme - Sectoral/ Thematic
154394,Shriram Overnight Fund- Direct Growth,2026-05-30,2026-08-16,73,0.052870883933251234,0.0006606561998839876,-32.526185348716304,0.0,Overnight,Shriram Mutual Fund,Debt Scheme - Overnight Fund
149601,Sundaram Aggressive Hybrid Fund (Formerly Known as Principal Hybrid Equity Fund)- Direct Plan - Growth Option,2022-01-03,2026-08-14,1137,0.0943780375322314,0.10149850772764567,0.3685995250057644,-0.1312789171981943,Aggressive Hybrid,Sundaram Mutual Fund,Hybrid Scheme - Aggressive Hybrid Fund
149550,Sundaram Arbitrage Fund (Formerly Known as Prinicpal Arbitrage Fund) - Direct Plan - Growth,2022-01-03,2026-08-14,1137,0.06679606393311821,0.009907170794545868,0.624721439733612,-0.005353677307100346,Arbitrage,Sundaram Mutual Fund,Hybrid Scheme - Arbitrage Fund
149717,Sundaram Balanced Advantage Fund ( Formerly Known as Principal Balanced Advantage Fund) - Direct Plan - Growth Option,2022-01-03,2026-08-14,1137,0.09358410915423687,0.08124972796182785,0.42849925645334846,-0.0969120185760104,Balanced Advantage,Sundaram Mutual Fund,Hybrid Scheme - Dynamic Asset Allocation or Balanced Advantage
134363,Sundaram Banking & PSU Debt Fund - Direct Growth,2015-03-30,2017-03-17,475,0.08288900182511427,0.013107413651447826,1.7793783160630905,-0.005195359153728041,Banking & PSU,Sundaram Mutual Fund,Debt Scheme - Banking and PSU Fund
119625,Sundaram Banking & PSU Fund (Formerly Known as Sundaram Banking and PSU Debt Fund) Direct Plan - Growth,2013-01-03,2026-08-14,3285,,,,-0.017805583796042912,Banking & PSU,Sundaram Mutual Fund,Debt Scheme - Banking and PSU Fund
152677,Sundaram Business Cycle Fund Direct Plan Growth,2024-06-26,2026-08-14,528,0.08686079632073929,0.14767161531656764,0.24276114484374334,-0.19489203017951617,Sectoral,Sundaram Mutual Fund,Equity Scheme - Sectoral/ Thematic
119635,Sundaram Conservative Hybrid Fund (Formerly Known as Sundaram Debt Oriented Hybrid Fund) Direct Plan - Growth,2013-01-03,2026-08-14,3285,,,,-0.12570340271814484,Conservative Hybrid,Sundaram Mutual Fund,Hybrid Scheme - Conservative Hybrid Fund
119595,Sundaram Consumption Fund (Formerly Known as Sundaram Rural and Consumption Fund Direct Plan - Growth),2013-01-02,2026-08-14,3350,0.14373804033190063,0.1518818229965505,0.5874318622739633,-0.35736409835441263,Sectoral,Sundaram Mutual Fund,Equity Scheme - Sectoral/ Thematic
119621,Sundaram Corporate Bond Fund Direct Plan - Growth,2013-01-03,2026-08-14,3285,,,,-0.11019534228896588,Corporate Bond,Sundaram Mutual Fund,Debt Scheme - Corporate Bond Fund
149570,Sundaram ELSS Tax Saver Fund Direct Plan Growth,2022-01-03,2026-08-14,1137,0.10144933380835064,0.13615398642098236,0.3535260664348765,-0.16660563592879074,ELSS,Sundaram Mutual Fund,Equity Scheme - ELSS
149679,Sundaram Equity Savings Fund (Formerly Known as Principal Equity Savings Fund) - Direct Plan - Growth Option,2022-01-03,2026-08-14,1137,0.09770079518028507,0.05755044826089848,0.6431546095531065,-0.06211489145463789,Equity Savings,Sundaram Mutual Fund,Hybrid Scheme - Equity Savings
119597,Sundaram Financial Services Opportunities Fund Direct Plan - Growth,2013-01-02,2026-08-14,3350,0.13785646331113144,0.20661906626733179,0.45396153228604114,-0.4322333380191493,Sectoral,Sundaram Mutual Fund,Equity Scheme - Sectoral/ Thematic
150571,Sundaram Flexicap Fund Direct Growth,2022-09-07,2026-08-14,969,0.11733478778854023,0.12320678530547485,0.4971768845618799,-0.15662894866888832,Flexi Cap,Sundaram Mutual Fund,Equity Scheme - Flexi Cap Fund
149533,Sundaram Focused Fund (Formerly Known as Principal Focused Multicap Fund)- Direct Plan - Growth Option,2022-01-03,2026-08-14,1137,0.10436876436977172,0.14054215819452281,0.36614208004169835,-0.200759534165304,Focused,Sundaram Mutual Fund,Equity Scheme - Focused Fund
119602,Sundaram Global Brand Theme-Equity Active FOF - Direct Growth,2013-01-03,2026-08-14,3265,,,,-0.30059520103599846,Fund of Funds,Sundaram Mutual Fund,Other Scheme - FoF Overseas
154123,Sundaram Income Plus Arbitrage Active FoF Fund-Direct-Growth,2026-01-13,2026-08-14,145,0.06539934645146461,0.0076073016057955755,0.6161886533692613,-0.0012866094403741757,Fund of Funds,Sundaram Mutual Fund,Other Scheme - FoF Domestic
129212,Sundaram Infrastructure Advantage Fund Direct Plan - Growth,2014-04-07,2026-08-14,3037,0.16377718587540935,0.1755890190054823,0.6329028772905448,-0.5059533905492045,Sectoral,Sundaram Mutual Fund,Equity Scheme - Sectoral/ Thematic
148507,Sundaram Large Cap Fund (Formerly Known as Sundaram Blue Chip Fund)Direct Plan - Growth,2020-10-12,2026-08-14,1439,0.15379999684254853,0.13625611023778492,0.7022000970812264,-0.16170228820433497,Large Cap,Sundaram Mutual Fund,Equity Scheme - Large Cap Fund
119566,Sundaram Large and Midcap Fund Direct Plan - Growth,2013-01-03,2026-08-14,3349,,,,-0.38045714824678756,Mid Cap,Sundaram Mutual Fund,Equity Scheme - Large & Mid Cap Fund
149664,Sundaram Liquid Fund (Formerly Known as Principal Cash Management Fund) - Direct Plan - Growth Option,2022-01-01,2026-08-16,1474,0.06583742369265133,0.00161557150728129,-5.930823385849496,-0.0002348694830071052,Liquid,Sundaram Mutual Fund,Debt Scheme - Liquid Fund
149526,Sundaram Low Duration Fund (Formerly Known as Principal Low Duration Fund) - Direct Plan - Growth Option,2022-01-03,2026-08-14,1118,0.06871816343536241,0.004843987880734682,1.8889472173264896,-0.002342826558289768,Low Duration,Sundaram Mutual Fund,Debt Scheme - Low Duration Fund
119675,Sundaram Medium Duration Fund (Formerly Known as Sundaram Medium Term Bond Fund) Direct Plan - Growth,2013-01-02,2026-08-14,3286,0.06745092423060828,0.029400157345419373,0.29261688834523564,-0.08031655301510887,Medium Duration,Sundaram Mutual Fund,Debt Scheme - Medium Duration Fund
119581,Sundaram Mid Cap Fund Direct Plan - Growth,2013-01-02,2026-08-14,3350,0.18158526606912262,0.16511824118217588,0.7553914805622922,-0.4430830626694854,Mid Cap,Sundaram Mutual Fund,Equity Scheme - Mid Cap Fund
145050,Sundaram Money Market Fund Direct Plan - Growth,2018-09-27,2026-08-14,1906,0.06334139258631488,0.004671778170014792,0.8637204921321598,-0.006892662447521736,Money Market,Sundaram Mutual Fund,Debt Scheme - Money Market Fund
152314,Sundaram Multi Asset Allocation Fund Direct Plan Growth,2024-01-29,2026-08-14,628,0.1416104882298621,0.1072595982960958,0.755497425925009,-0.13100745621640364,Multi Asset,Sundaram Mutual Fund,Hybrid Scheme - Multi Asset Allocation
149669,Sundaram Multi Cap Fund (Formerly Known as Principal Multi Cap Growth Fund)-Direct Plan - Growth Option,2022-01-03,2026-08-14,1137,0.12321853505749258,0.14123482558303124,0.4876511633672376,-0.1944907625028438,Multi Cap,Sundaram Mutual Fund,Equity Scheme - Multi Cap Fund
153669,Sundaram Multi-Factor Fund - Direct - Growth,2025-07-23,2026-08-14,261,-0.0014516978439312878,0.13816782151018941,-0.376140678132361,-0.14903582547279404,Sectoral,Sundaram Mutual Fund,Equity Scheme - Sectoral/ Thematic
149483,Sundaram Nifty 100 Equal Weight Fund (Formerly Known as Principal Nifty 100 Equal Weight Fund) - Direct Plan - Growth Option,2022-01-03,2026-08-14,1137,0.1279433556881564,0.14956698873836327,0.4973849798220761,-0.21193196140311954,Index,Sundaram Mutual Fund,Other Scheme - Index Funds
146963,Sundaram Overnight Fund Direct Plan - Growth,2019-03-24,2026-08-16,2356,0.05221100583315019,0.0018276174313591475,-10.783317720673972,0.0,Overnight,Sundaram Mutual Fund,Debt Scheme - Overnight Fund
144835,Sundaram Services Fund Direct Plan - Growth,2018-09-25,2026-08-14,1940,0.19484983347999352,0.16348214152731716,0.8318747424585642,-0.3962456376129885,Sectoral,Sundaram Mutual Fund,Equity Scheme - Sectoral/ Thematic
149587,Sundaram Short Duration Fund (Formerly Known as Principal Short Term Debt Fund)- Direct Plan - Growth Option,2022-01-03,2026-08-14,1118,0.06874488786563582,0.008857930669419692,1.0390152039724847,-0.006738526805964429,Short Duration,Sundaram Mutual Fund,Debt Scheme - Short Duration Fund
119589,Sundaram Small Cap Fund Direct Plan - Growth,2013-01-02,2026-08-14,3350,0.18124369278830432,0.17957817587238578,0.7067651180936979,-0.5705562313373007,Small Cap,Sundaram Mutual Fund,Equity Scheme - Small Cap Fund
149539,Sundaram Ultra Short Duration Fund (Formerly Known as Principal Ultra Short Term Fund)- Direct Plan -Growth Option,2022-01-03,2026-08-14,1118,0.06828500393625436,0.0035080149526896163,2.4865004750306965,-0.001568976012270129,Ultra Short Duration,Sundaram Mutual Fund,Debt Scheme - Ultra Short Duration Fund
119549,Sundaram Value Fund Direct Plan - Growth,2013-01-02,2026-08-14,3350,0.1200486143790842,0.15829576438261692,0.43456005113773605,-0.4130496652602069,Value,Sundaram Mutual Fund,Equity Scheme - Value Fund
150692,TATA CRISIL-IBX GILT INDEX - APRIL 2026 INDEX FUND - DIRECT PLAN - GROWTH,2022-10-04,2026-02-13,816,0.07221879762817474,0.008653271798487502,1.4487834143483984,-0.00402932181173854,Index,Tata Mutual Fund,Other Scheme - Index Funds
153891,THE WEALTH COMPANY ARBITRAGE FUND DIRECT GROWTH,2025-10-17,2026-08-14,203,0.06423932561614798,0.013256121442422072,0.309579827774125,-0.0056804219201905815,Arbitrage,The Wealth Company Mutual Fund,Hybrid Scheme - Arbitrage Fund
153895,THE WEALTH COMPANY ETHICAL FUND DIRECT GROWTH,2025-10-17,2026-08-14,203,0.004402143255130664,0.15053958971060039,-0.2935134659925436,-0.14661691542288569,Sectoral,The Wealth Company Mutual Fund,Equity Scheme - Sectoral/ Thematic
153872,THE WEALTH COMPANY FLEXI CAP FUND - DIRECT GROWTH,2025-10-17,2026-08-14,203,0.023359947968848438,0.15564307167626507,-0.15552696256118123,-0.16110183639399,Flexi Cap,The Wealth Company Mutual Fund,Equity Scheme - Flexi Cap Fund
154131,THE WEALTH COMPANY GOLD ETF FOF DIRECT GROWTH,2026-02-04,2026-08-14,131,-0.03390535936953354,0.2513115863727974,-0.2529693195239061,-0.1944597510063416,Fund of Funds,The Wealth Company Mutual Fund,Other Scheme - FoF Domestic
153883,THE WEALTH COMPANY LIQUID FUND DIRECT GROWTH,2025-10-16,2026-08-16,262,0.06624643330573865,0.002017444073565442,-4.186381447615505,-9.364871014627685e-05,Liquid,The Wealth Company Mutual Fund,Debt Scheme - Liquid Fund
149797,TRUST MF OVERNIGHT FUND-DIRECT PLAN-GROWTH,2022-01-19,2026-08-16,1390,0.05866472506025433,0.0012817581536960524,-9.91245460032531,0.0,Overnight,Trust Mutual Fund,Debt Scheme - Overnight Fund
153804,TRUSTMF ARBITRAGE FUND -DIRECT PLAN-GROWTH,2025-09-01,2026-08-14,236,0.06429872407600601,0.011051549715557036,0.3215772963535621,-0.0040297960678958855,Arbitrage,Trust Mutual Fund,Hybrid Scheme - Arbitrage Fund
151320,TRUSTMF CORPORATE BOND FUND-DIRECT PLAN-GROWTH,2023-01-23,2026-08-14,861,0.07097299961313297,0.012651179143852385,0.9126597725770139,-0.0056716923772405226,Corporate Bond,Trust Mutual Fund,Debt Scheme - Corporate Bond Fund
152584,TRUSTMF Flexi Cap Fund-Direct Plan- Growth,2024-04-29,2026-08-14,568,0.1161781173045291,0.16044429819306796,0.40458327395855864,-0.1887550200803213,Flexi Cap,Trust Mutual Fund,Equity Scheme - Flexi Cap Fund
154433,TRUSTMF LARGE & MIDCAP FUND - DIRECT PLAN - GROWTH,2026-07-30,2026-08-14,12,0.5785406639117214,0.05948683358811293,6.244362424932953,-0.003894839337877265,Mid Cap,Trust Mutual Fund,Equity Schemes - Large & Mid Cap Fund
148841,TRUSTMF Liquid Fund-Direct Plan-Growth,2021-04-25,2026-08-16,1612,0.0608267554171138,0.0032988923402109366,-3.320894765934625,-0.004885598947693137,Liquid,Trust Mutual Fund,Debt Scheme - Liquid Fund
154210,TRUSTMF MID CAP FUND -DIRECT -GROWTH,2026-03-24,2026-08-14,98,0.7101202105460267,0.13222617312072013,3.7434332159776496,-0.030493273542600896,Mid Cap,Trust Mutual Fund,Equity Scheme - Mid Cap Fund
150513,TRUSTMF MONEY MARKET FUND-DIRECT PLAN-GROWTH,2022-08-18,2026-08-14,968,0.07104114039143017,0.003669022183477735,3.096754962743555,-0.0011612933117717272,Money Market,Trust Mutual Fund,Debt Scheme - Money Market Fund
153644,TRUSTMF MULTI CAP FUND -DIRECT PLAN-GROWTH,2025-07-25,2026-08-14,260,0.1959564896779573,0.1436285965455939,0.9321511726294954,-0.12732342007434938,Multi Cap,Trust Mutual Fund,Equity Scheme - Multi Cap Fund
152939,TRUSTMF SMALL CAP FUND -DIRECT PLAN-GROWTH,2024-11-05,2026-08-14,439,0.1894819571324069,0.18685656900621148,0.7192075412210512,-0.24021838034576892,Small Cap,Trust Mutual Fund,Equity Scheme - Small Cap Fund
149076,TRUSTMF Short Duration Fund-Direct Plan-Growth,2021-08-09,2026-08-14,1216,0.06307370238866383,0.009119270275404847,0.3996290729148988,-0.010709666356781833,Short Duration,Trust Mutual Fund,Debt Scheme - Short Duration Fund
119053,Tata Aggressive Hybrid Fund -Direct Plan- Growth Option,2013-01-02,2026-08-14,3351,0.12666625075455862,0.11836056592968165,0.5845907955165036,-0.28845949438846785,Aggressive Hybrid,Tata Mutual Fund,Hybrid Scheme - Aggressive Hybrid Fund
145724,Tata Arbitrage Fund-Direct Plan-Growth,2018-12-19,2026-08-14,1886,0.06556178071887753,0.010252242066106186,0.4900736827063921,-0.00571818418477732,Arbitrage,Tata Mutual Fund,Hybrid Scheme - Arbitrage Fund
154066,Tata BSE Multicap Consumption 50:30:20 Index Fund - Direct Plan Growth Option,2026-01-02,2026-08-14,152,0.0011976985134884988,0.18411536968215517,-0.22765046491283952,-0.1742358337617147,Index,Tata Mutual Fund,Other Scheme - Index Funds
153420,Tata BSE Quality Index Fund Direct plan Growth Option,2025-04-08,2026-08-14,333,0.15892218658044932,0.14074686697789535,0.7177317558823548,-0.12153580927133967,Index,Tata Mutual Fund,Other Scheme - Index Funds
153132,Tata BSE Select Business Groups Index Fund - Direct Growth,2024-12-18,2026-08-14,409,0.041577343052094706,0.16455340009904815,-0.02963379369489712,-0.15046984215155312,Index,Tata Mutual Fund,Other Scheme - Index Funds
146010,Tata Balanced Advantage Fund-Direct Plan-Growth,2019-01-29,2026-08-14,1857,0.12231199811371929,0.08869626177317037,0.7002826910075901,-0.20023219468631392,Balanced Advantage,Tata Mutual Fund,Hybrid Scheme - Dynamic Asset Allocation or Balanced Advantage
135793,Tata Banking And Financial Services Fund-Direct Plan-Growth,2015-12-29,2026-08-14,2619,0.168100641224038,0.19064240051597608,0.6152474246135544,-0.41580286468149263,Sectoral,Tata Mutual Fund,Equity Scheme - Sectoral/ Thematic
149071,Tata Business Cycle Fund-Direct Plan-Growth,2021-08-11,2026-08-14,1234,0.15673362812991254,0.14803599647881424,0.6758929292939942,-0.20011194560544676,Sectoral,Tata Mutual Fund,Equity Scheme - Sectoral/ Thematic
119312,Tata Childrens Fund-Direct Plan-Growth Option,2013-01-02,2026-08-14,3348,0.11181962253717814,0.12810177930663946,0.4443064328253868,-0.33832517913819626,Children,Tata Mutual Fund,Solution Oriented Scheme - Children’s Fund
149361,Tata Corporate Bond Fund-Direct Plan-Growth,2021-12-07,2026-08-14,1138,0.06531869230538967,0.011372026375132606,0.5071310997916968,-0.016949319952984432,Corporate Bond,Tata Mutual Fund,Debt Scheme - Corporate Bond Fund
135800,Tata Digital India Fund-Direct Plan-Growth,2015-12-29,2026-08-14,2618,0.1643926818386625,0.1871298146016918,0.6055392540041175,-0.33272797791517417,Sectoral,Tata Mutual Fund,Equity Scheme - Sectoral/ Thematic
119097,Tata Dynamic Bond Fund- Direct Plan-Growth Option,2013-01-02,2022-09-23,2346,0.08766200283977277,0.031112869062588245,0.9092849504920587,-0.06207457464287469,Dynamic Bond,Tata Mutual Fund,Debt Scheme - Dynamic Bond
132756,Tata ELSS Fund-Growth-Direct Plan,2014-10-14,2026-08-14,2913,0.15595417479611906,0.1645949879495596,0.6203806925147596,-0.3676753076323247,ELSS,Tata Mutual Fund,Equity Scheme - ELSS
119960,Tata Equity Savings Fund- Direct Plan- Growth Option,2013-01-08,2026-02-20,3214,0.08552013666569569,0.04898407668131205,0.523405484393152,-0.13852669661692107,Equity Savings,Tata Mutual Fund,Hybrid Scheme - Equity Savings
119172,Tata Ethical Fund -Direct Plan- Growth Option,2013-01-02,2026-08-14,3351,0.1381843960888287,0.1333902730774271,0.6110908758559144,-0.2949644195475768,Sectoral,Tata Mutual Fund,Equity Scheme - Sectoral/ Thematic
144546,Tata Flexi Cap Fund-Direct Plan-Growth,2018-09-10,2026-08-14,1951,0.13293430596433198,0.15521731627345337,0.5154836520041999,-0.33490613987530493,Flexi Cap,Tata Mutual Fund,Equity Scheme - Flexi Cap Fund
149007,Tata Floating Rate Fund -Direct Plan-Growth,2021-07-12,2026-08-14,1235,0.06741991908066147,0.007526847205152405,1.043095818347497,-0.005711685721753845,Floating Rate,Tata Mutual Fund,Debt Scheme - Floater Fund
147757,Tata Focused Fund-Direct Plan-Growth,2019-12-06,2026-08-14,1651,0.1527249240330668,0.17898144062343174,0.5666540214954023,-0.3728177850518276,Focused,Tata Mutual Fund,Equity Scheme - Focused Fund
119953,Tata Gilt Securities Fund- Direct Plan - Growth Option,2013-01-07,2026-08-14,3285,0.07893805543450849,0.04100874881883877,0.49103031930974295,-0.1036913748367827,Gilt,Tata Mutual Fund,Debt Scheme - Gilt Fund
152287,Tata Gold ETF Fund of Fund Direct Plan Growth Option,2024-01-24,2026-08-14,630,0.38768618140104216,0.22380716777460022,1.3436655117161729,-0.24317164820770631,Fund of Funds,Tata Mutual Fund,Other Scheme - FoF Domestic
150532,Tata Housing Opportunities Fund - Direct Plan - Growth,2022-09-09,2026-08-14,967,0.12636030162123557,0.14630830202916126,0.4970635621593061,-0.24191983027129504,Sectoral,Tata Mutual Fund,Equity Scheme - Sectoral/ Thematic
119876,Tata Income Fund - Direct Plan - Growth Option,2013-01-02,2022-09-23,2346,0.07769631586651404,0.03234127576251287,0.5785239167238024,-0.06680496933346436,Long Duration,Tata Mutual Fund,Debt Scheme - Medium to Long Duration Fund
153513,Tata Income Plus Arbitrage Active FOF - Direct Plan Growth Option,2025-05-26,2026-08-14,299,0.0562929387181057,0.009087501583624431,-0.3883190019477656,-0.0034341969702750275,Fund of Funds,Tata Mutual Fund,Other Scheme - FoF Domestic
135805,Tata India Consumer Fund-Direct Plan-Growth,2015-12-29,2026-08-14,2619,0.17684461812369912,0.15375529191321968,0.7705368727655587,-0.32464580094453077,Sectoral,Tata Mutual Fund,Equity Scheme - Sectoral/ Thematic
153055,Tata India Innovation Fund- Direct Growth,2024-12-05,2026-08-14,418,0.023042099166440844,0.15112379322062153,-0.1676537934703158,-0.18109798877455563,Sectoral,Tata Mutual Fund,Equity Scheme - Sectoral/ Thematic
135810,Tata India Pharma & Healthcare Fund-Direct Plan-Growth,2015-12-29,2026-08-14,2619,0.13824563420162317,0.1530379129953276,0.5500365250802115,-0.19838316437828818,Sectoral,Tata Mutual Fund,Equity Scheme - Sectoral/ Thematic
119243,Tata Infrastructure Fund -Direct Plan -Growth Option,2013-01-02,2026-08-14,3351,0.1495678129831466,0.17462777622902,0.5619270301664709,-0.42456235062902625,Sectoral,Tata Mutual Fund,Equity Scheme - Sectoral/ Thematic
119202,Tata Large & MId Cap Fund -Direct Plan- Growth Option,2013-01-02,2026-08-14,3351,0.14776694255761158,0.15191695083184026,0.6107250903658357,-0.356891503217052,Mid Cap,Tata Mutual Fund,Equity Scheme - Large & Mid Cap Fund
119160,Tata Large Cap Fund -Direct Plan Growth Option,2013-01-02,2026-08-14,3351,0.1331813793861636,0.1582934446320589,0.5097089867204273,-0.37570682000853994,Large Cap,Tata Mutual Fund,Equity Scheme - Large Cap Fund
119861,Tata Liquid Fund- Direct Plan-Growth Option,2013-01-02,2026-08-16,4394,0.49870810133303434,23.722800633425507,0.2391659967141089,-0.002303827941876224,Liquid,Tata Mutual Fund,Debt Scheme - Liquid Fund
119127,Tata Medium Term Fund- Direct Plan- Growth Option,2013-01-14,2022-09-23,2310,,,,-0.14969527804845817,Medium Duration,Tata Mutual Fund,Debt Scheme - Medium Duration Fund
119178,Tata Mid Cap Fund - Direct Plan- Growth Option,2013-01-02,2026-08-14,3351,0.19208518892788295,0.16218910857780988,0.8215667762759313,-0.3509643843574819,Mid Cap,Tata Mutual Fund,Equity Scheme - Mid Cap Fund
119424,Tata Money Market Fund- Direct Plan- Growth Option,2013-01-01,2026-08-14,3848,0.06779798158330919,0.016382820715787085,-0.08229017287959538,-0.06568171721842508,Money Market,Tata Mutual Fund,Debt Scheme - Money Market Fund
148053,Tata Multi Asset Allocation Fund-Direct Plan-Growth,2020-03-12,2026-08-14,1584,0.1859599243760226,0.10572283123722227,1.1356903698050809,-0.13528524058351898,Multi Asset,Tata Mutual Fund,Hybrid Scheme - Multi Asset Allocation
154409,Tata Multi Sector Passive FOF Direct Plan Growth Option,2026-07-14,2026-08-14,24,0.11693578609558819,0.08464830594089068,0.5467910134879372,-0.022490741762928868,Value,Tata Mutual Fund,Equity Schemes - Value Fund
151232,Tata Multicap Fund - Direct Plan - Growth,2023-02-09,2026-08-14,863,0.14725424368677253,0.14470178907251507,0.6324121276597585,-0.2239328507239141,Multi Cap,Tata Mutual Fund,Equity Scheme - Multi Cap Fund
152557,Tata Nifty Auto Index Fund - Direct Plan - Growth,2024-04-30,2026-08-14,566,0.12792354357490754,0.2042064562527773,0.4100009247989539,-0.2835519838633508,Index,Tata Mutual Fund,Other Scheme - Index Funds
152951,Tata Nifty Capital Markets Index Fund - Direct Plan Growth Option,2024-10-30,2026-08-14,441,0.22982137718557882,0.2778219503252695,0.6850755353145409,-0.30556742381305313,Index,Tata Mutual Fund,Other Scheme - Index Funds
152577,Tata Nifty Financial Services Index Fund - Direct Plan - Growth,2024-04-30,2026-08-14,566,0.08744289822563966,0.17096216134978665,0.23528276760468497,-0.17379175883918863,Index,Tata Mutual Fund,Other Scheme - Index Funds
151301,Tata Nifty G Sec Dec 2026 Index Fund-Direct Plan-Growth,2023-01-20,2026-08-14,862,0.0714826252751235,0.008669040588062225,1.3937165120006592,-0.005571418622466684,Index,Tata Mutual Fund,Other Scheme - Index Funds
151273,Tata Nifty G-Sec Dec 2029 Index Fund - Direct Plan - Growth,2023-01-18,2026-08-14,864,0.07918056369576165,0.01633563206504306,1.1990063034286988,-0.010789350770667894,Index,Tata Mutual Fund,Other Scheme - Index Funds
150344,Tata Nifty India Digital ETF Fund of Fund-Direct Plan-Growth,2022-04-22,2026-08-14,1063,0.09144054155243753,0.1783981005374857,0.2547506661459626,-0.27934631133702914,Fund of Funds,Tata Mutual Fund,Other Scheme - FoF Domestic
152742,Tata Nifty India Tourism Index Fund - Direct - Growth,2024-07-29,2026-08-14,506,-0.044319353289815844,0.21084714866200965,-0.39831760429802704,-0.31126560569458017,Index,Tata Mutual Fund,Other Scheme - Index Funds
152564,Tata Nifty MidSmall Healthcare Index Fund - Direct Plan - Growth,2024-04-30,2026-08-14,566,0.19928734950162252,0.16026870124428697,0.8637793764011091,-0.17541794918220777,Index,Tata Mutual Fund,Other Scheme - Index Funds
153581,Tata Nifty Midcap 150 Index Fund - Direct Plan - Growth Option,2025-06-25,2026-08-14,281,0.07450487379990678,0.15590230066454494,0.1643290377563547,-0.14047554740106738,Index,Tata Mutual Fund,Other Scheme - Index Funds
150738,Tata Nifty Midcap 150 Momentum 50 Index Fund - Growth - Direct Plan,2022-10-31,2026-08-14,934,0.17479459551609766,0.1835272413930163,0.6632645010114737,-0.2591686799966404,Index,Tata Mutual Fund,Other Scheme - Index Funds
153858,Tata Nifty Next 50 Index Fund - Direct Plan Growth Option,2025-10-07,2026-08-14,211,0.10780090902636985,0.17691560676257945,0.3403682748255453,-0.14477423581206716,Index,Tata Mutual Fund,Other Scheme - Index Funds
152570,Tata Nifty Realty Index Fund - Direct Plan - Growth,2024-04-30,2026-08-14,566,-0.03817058856508149,0.2819671151219508,-0.21241239717671967,-0.43548509764486176,Index,Tata Mutual Fund,Other Scheme - Index Funds
150326,Tata Nifty SDL Plus AAA PSU Bond Dec 6040 Index Fund- Direct Plan-Growth,2022-04-05,2026-08-14,1058,0.06845028698434619,0.014120737200316352,0.6310280763592202,-0.022863190263675448,Index,Tata Mutual Fund,Other Scheme - Index Funds
152836,Tata Nifty200 Alpha 30 Index Fund - Direct -Growth,2024-09-11,2026-08-14,475,-0.03097534810977287,0.20161239466422556,-0.3562752074055174,-0.2948692353763227,Index,Tata Mutual Fund,Other Scheme - Index Funds
152588,Tata Nifty500 Multicap India Manufacturing 50:30:20 Index Fund -Direct Plan-Growth,2024-04-30,2026-08-14,566,0.10636950810376877,0.16764971849908458,0.34176730307750336,-0.2128078245130437,Index,Tata Mutual Fund,Other Scheme - Index Funds
152595,Tata Nifty500 Multicap Infrastructure 50:30:20 Index Fund - Direct Plan - Growth,2024-04-30,2026-08-14,566,0.05033896987495434,0.178511898061606,0.03466965603488766,-0.22528761502436823,Index,Tata Mutual Fund,Other Scheme - Index Funds
146980,Tata Overnight Fund-Direct Plan-Growth,2019-03-28,2026-08-16,2283,0.05148989789093261,0.0012019573538584473,-15.841339709426082,0.0,Overnight,Tata Mutual Fund,Debt Scheme - Overnight Fund
135813,Tata Resources & Energy Fund-Direct Plan-Growth,2015-12-29,2026-08-14,2619,0.18111970809354183,0.18284617355887794,0.6953399042993332,-0.332243042791457,Sectoral,Tata Mutual Fund,Equity Scheme - Sectoral/ Thematic
119256,Tata Retirement Savings Fund- Conservative Plan-Direct Plan-Growth Option,2013-01-08,2026-08-14,3283,0.09702227961065124,0.04888834031486155,0.7748999943558053,-0.10984144084063274,Retirement,Tata Mutual Fund,Solution Oriented Scheme - Retirement Fund
119255,Tata Retirement Savings Fund- Moderate Plan -Direct Plan-Growth Option,2013-01-04,2026-08-14,3349,0.15210599662205526,0.1290843785975753,0.7238169222676882,-0.296402736774356,Retirement,Tata Mutual Fund,Solution Oriented Scheme - Retirement Fund
119251,Tata Retirement Savings Fund- Progressive Plan -Direct Plan-Growth Option,2013-01-04,2026-08-14,3348,0.15389163977939124,0.15335821730882346,0.6424614342543467,-0.3420082956070102,Retirement,Tata Mutual Fund,Solution Oriented Scheme - Retirement Fund
119949,Tata Short Term Bond Fund - Direct Plan - Growth Option,2013-01-02,2026-08-14,3288,0.0747964077385519,0.017506895762777454,0.8820807250472356,-0.05118744599864555,Short Duration,Tata Mutual Fund,Debt Scheme - Short Duration Fund
152293,Tata Silver ETF Fund of Fund Direct Plan Growth Option,2024-01-24,2026-08-14,630,0.5437412330562714,0.4257057388323482,1.125532128577664,-0.42929260532662805,Fund of Funds,Tata Mutual Fund,Other Scheme - FoF Domestic
145206,Tata Small Cap Fund-Direct Plan-Growth,2018-11-13,2026-08-14,1911,0.2119764625644045,0.16811257916571315,0.8977904059475937,-0.3660510852620219,Small Cap,Tata Mutual Fund,Equity Scheme - Small Cap Fund
119863,Tata Treasury Advantage Fund - Direct Plan - Growth Option,2013-01-02,2026-08-14,3288,0.07039634233849745,0.0137095149169969,0.8098107094424477,-0.051422676115177035,Low Duration,Tata Mutual Fund,Debt Scheme - Low Duration Fund
146075,Tata Ultra Short Term Fund-Direct Plan-Growth,2019-01-23,2026-08-14,1831,0.06478238967148586,0.004719237305053067,1.1307277471519013,-0.007121273537973871,Ultra Short Duration,Tata Mutual Fund,Debt Scheme - Ultra Short Duration Fund
119231,Tata Value Fund -Direct Plan Growth Option,2013-01-02,2026-08-14,3351,0.16403758940363122,0.1635681680327947,0.6668022565931268,-0.3790331883252829,Value,Tata Mutual Fund,Equity Scheme - Value Fund
118868,Taurus Banking & Financial Services Fund - Direct Plan - Growth,2013-01-03,2026-08-14,3352,0.1130161422993734,0.2078212121707321,0.34310758919302603,-0.4162484316185696,Sectoral,Taurus Mutual Fund,Equity Scheme - Sectoral/ Thematic
118866,Taurus ELSS Tax Saver Fund - Direct Plan - Growth,2013-01-02,2026-08-14,3353,0.12809706127098774,0.15714279173560772,0.48249513094716007,-0.35046516904923986,ELSS,Taurus Mutual Fund,Equity Scheme - ELSS
118876,Taurus Ethical Fund - Direct Plan - Growth,2013-01-02,2026-08-14,3353,0.14461050429871336,0.1399991596324967,0.6293899749161672,-0.29360416316938054,Sectoral,Taurus Mutual Fund,Equity Scheme - Sectoral/ Thematic
118883,Taurus Flexi Cap Fund - Direct Plan - Growth,2013-01-02,2026-08-14,3353,0.10342528787843741,0.16414376333749578,0.3309033619112005,-0.4098662609113478,Flexi Cap,Taurus Mutual Fund,Equity Scheme - Flexi Cap Fund
118879,Taurus Infrastructure Fund - Direct Plan - Growth ,2013-01-02,2026-08-14,3353,0.13127075713482683,0.18194527853335282,0.45574065134968617,-0.37287547693374956,Sectoral,Taurus Mutual Fund,Equity Scheme - Sectoral/ Thematic
118870,Taurus Large Cap Fund - Direct Plan - Growth,2013-01-03,2026-08-14,3352,0.10644716854739622,0.16089094426813025,0.35166245498419624,-0.3512201044069443,Large Cap,Taurus Mutual Fund,Equity Scheme - Large Cap Fund
118872,Taurus Mid Cap Fund - Direct Plan - Growth,2013-01-02,2026-08-14,3353,0.16108564361401623,0.17638301813555532,0.6156102214768658,-0.32804555623347575,Mid Cap,Taurus Mutual Fund,Equity Scheme - Mid Cap Fund
118881,Taurus Nifty 50 Index Fund - Direct Plan - Growth,2013-01-03,2026-08-14,3352,0.1149697573697177,0.1580177513254782,0.4047956438040545,-0.36997678638910003,Index,Taurus Mutual Fund,Other Scheme - Index Funds
118494,Templeton India Value Fund - Direct - Growth,2013-01-01,2026-08-14,3351,0.1439674942053284,0.16191620634339005,0.561971334227432,-0.4783817781435833,Value,Franklin Templeton Mutual Fund,Equity Scheme - Value Fund
154185,The Wealth Company Balanced Advantage Fund - Direct Growth,2026-02-19,2026-08-14,120,0.045799823743476686,0.1065904439736272,-0.08133718223607656,-0.06213582529608708,Balanced Advantage,The Wealth Company Mutual Fund,Hybrid Scheme - Dynamic Asset Allocation or Balanced Advantage
154381,The Wealth Company Large & Mid Cap Fund Direct Growth,2026-06-12,2026-08-14,45,0.31791384489583874,0.09691581767355477,2.24365706232687,-0.02671035743456096,Mid Cap,The Wealth Company Mutual Fund,Equity Scheme - Large & Mid Cap Fund
154481,The Wealth Company Mid Cap Fund- Direct-Growth,2026-08-06,2026-08-14,7,-0.09538092859021019,0.022612528391955277,-6.72122081148112,-0.0023829787234044275,Mid Cap,The Wealth Company Mutual Fund,Equity Schemes - Mid Cap Fund
153999,The Wealth Company Multi Asset Allocation Fund - Direct Growth,2025-12-12,2026-08-14,166,0.1452905322471898,0.13895253124088824,0.6379959433105252,-0.10970275329893608,Multi Asset,The Wealth Company Mutual Fund,Hybrid Scheme - Multi Asset Allocation
154269,The Wealth Company Small Cap Fund- Direct-Growth,2026-03-30,2026-08-14,95,0.6161901474503391,0.13178947905762983,3.2763887036930996,-0.05321045042140249,Small Cap,The Wealth Company Mutual Fund,Equity Scheme - Small Cap Fund
148086,UTI - Bond Fund (Segregated - 17022020) - Direct Plan - Growth Option,2020-02-17,2022-01-27,471,0.9339607415394755,2.157171525363018,0.6887293215804093,-0.24146672702580352,Corporate Bond,UTI Mutual Fund,Debt Scheme - Corporate Bond Fund
148242,UTI - Credit Risk Fund (Segregated - 06032020) - Direct Plan - Growth Option,2020-03-06,2026-08-14,1560,,,,,Credit Risk,UTI Mutual Fund,Debt Scheme - Credit Risk Fund
148430,UTI - Credit Risk Fund (Segregated - 07072020) - Direct Plan - Growth Option,2020-07-07,2020-07-14,6,-1.0,,,-1.0,Credit Risk,UTI Mutual Fund,Debt Scheme - Credit Risk Fund
147651,UTI - Credit Risk Fund (Segregated - 13092019) - Direct Plan - Growth Option,2019-09-13,2022-03-10,605,-1.0,2.365792658300016,0.32225593919663087,-1.0,Credit Risk,UTI Mutual Fund,Debt Scheme - Credit Risk Fund
148147,UTI - Credit Risk Fund (Segregated - 17022020) - Direct Plan - Growth Option,2020-02-17,2022-01-31,473,0.3395832404358474,1.277163631444422,0.5736578957780006,-0.6068974375441526,Credit Risk,UTI Mutual Fund,Debt Scheme - Credit Risk Fund
148118,UTI - Dynamic Bond Fund (Segregated - 17022020) - Direct Plan - Growth Option,2020-02-17,2022-01-27,471,0.9345089688987644,2.1597593661218455,0.6887064935591204,-0.24160079051383399,Dynamic Bond,UTI Mutual Fund,Debt Scheme - Dynamic Bond
120662,UTI - Flexi Cap Fund-Growth Option - Direct,2013-01-02,2026-08-14,3350,0.13612022374340738,0.14907254457865302,0.5496425776465276,-0.33859014871280313,Flexi Cap,UTI Mutual Fund,Equity Scheme - Flexi Cap Fund
145295,UTI - Floater Fund - Direct Plan - Growth Option,2018-10-31,2026-08-14,1885,0.06873452909696165,0.008807239175840581,1.053912883269861,-0.01463478265202467,Floating Rate,UTI Mutual Fund,Debt Scheme - Floater Fund
120792,UTI - GILT FUND - Direct Plan - Growth Option,2013-01-03,2026-08-14,3286,0.08076201207675271,0.037850165875459474,0.5763677536038783,-0.08100746701744888,Gilt,UTI Mutual Fund,Debt Scheme - Gilt Fund
120682,UTI - MNC Fund - Growth Option - Direct,2013-01-02,2026-08-14,3351,0.14347268985382766,0.13054757650999874,0.6579379813364256,-0.3158138501366702,Sectoral,UTI Mutual Fund,Equity Scheme - Sectoral/ Thematic
148257,UTI - Medium Term Fund (Segregated - 06032020) - Direct Plan - Growth Option,2020-03-06,2026-08-14,1560,,,,,Medium Duration,UTI Mutual Fund,Debt Scheme - Medium Duration Fund
148441,UTI - Medium Term Fund (Segregated - 07072020) - Direct Plan - Growth Option,2020-07-07,2020-07-14,6,-1.0,,,-1.0,Medium Duration,UTI Mutual Fund,Debt Scheme - Medium Duration Fund
148136,UTI - Medium Term Fund (Segregated - 17022020) - Direct Plan - Growth Option,2020-02-17,2022-01-27,471,0.9342472260415629,2.1592132076983064,0.6886851014944054,-0.2415985467756585,Medium Duration,UTI Mutual Fund,Debt Scheme - Medium Duration Fund
120785,UTI - Overnight Fund - Direct Plan - Growth Option,2013-01-14,2026-08-16,3816,0.4905056678923001,25.448131399021225,0.25677540302640806,-0.008175929406985971,Overnight,UTI Mutual Fund,Debt Scheme - Overnight Fund
148106,UTI - Regular Saving Fund (Segregated - 17022020) - Direct Plan - Growth Option,2020-02-17,2022-01-27,471,0.9352702472482226,2.1602087219051658,0.6888402232306342,-0.24118223383409543,Conservative Hybrid,UTI Mutual Fund,Hybrid Scheme - Conservative Hybrid Fund
120674,UTI Aggressive Hybrid Fund -Direct Plan - Growth,2013-01-02,2026-08-14,3351,0.12642693293268614,0.11578454246282682,0.5931388434287493,-0.3244241071379793,Aggressive Hybrid,UTI Mutual Fund,Hybrid Scheme - Aggressive Hybrid Fund
120795,UTI Arbitrage Fund - Direct Plan - Growth Option,2013-01-23,2026-08-14,3336,0.06767259913175483,0.009947943479717414,0.7164952595216275,-0.0069613809973707585,Arbitrage,UTI Mutual Fund,Hybrid Scheme - Arbitrage Fund
151764,UTI BSE Housing Index Fund - Direct Plan - Growth Option,2023-06-09,2026-08-14,783,0.1265515369618928,0.18342993801536528,0.431042498720834,-0.26630785791173306,Index,UTI Mutual Fund,Other Scheme - Index Funds
149881,UTI BSE Low Volatility Index Fund - Direct Plan  - Growth Option,2022-03-07,2026-08-14,1094,0.1301775416683535,0.1114357165164433,0.6412275128110708,-0.18215815187888285,Index,UTI Mutual Fund,Other Scheme - Index Funds
149803,UTI BSE Sensex Index Fund - Direct Plan - Growth Option,2022-02-01,2026-08-14,1117,0.07570487061870002,0.13805706226353262,0.17538374125456657,-0.16083925163267154,Index,UTI Mutual Fund,Other Scheme - Index Funds
151885,UTI Balanced Advantage Fund - Direct Plan - Growth Option,2023-08-17,2026-08-14,736,0.10008679583110003,0.07648998256396686,0.5335255531328386,-0.10469665156370866,Balanced Advantage,UTI Mutual Fund,Hybrid Scheme - Dynamic Asset Allocation or Balanced Advantage
126940,UTI Banking & PSU Fund - Direct Plan - Growth Option,2014-02-06,2026-08-14,3020,0.07197253643744661,0.030466966023949417,0.429799921617811,-0.06737133326273437,Banking & PSU,UTI Mutual Fund,Debt Scheme - Banking and PSU Fund
120733,UTI Banking and Financial Services Fund - Direct Plan - Growth Option,2013-01-02,2026-08-14,3351,0.11778099415285515,0.215142658218062,0.35950126381827724,-0.48996392850269144,Sectoral,UTI Mutual Fund,Equity Scheme - Sectoral/ Thematic
151185,UTI CRISIL SDL Maturity April 2033 Index Fund - Direct Plan - Growth Option,2022-12-22,2026-08-14,882,0.07793858401716869,0.022593881458948497,0.8186177968356607,-0.021557674913118774,Index,UTI Mutual Fund,Other Scheme - Index Funds
151239,UTI CRISIL SDL Maturity June 2027 Index Fund - Direct Plan - Growth Option,2023-01-12,2026-08-14,867,0.07498001012843636,0.009219900228436847,1.682590764530836,-0.0038406049450274704,Index,UTI Mutual Fund,Other Scheme - Index Funds
120724,UTI Children's Equity Fund - Direct Plan - Growth Option,2013-01-02,2026-08-14,3351,0.12759854641140445,0.15276410350160674,0.4893618661865921,-0.35224744578753797,Children,UTI Mutual Fund,Solution Oriented Scheme - Children’s Fund
120779,UTI Conservative Hybrid Fund - Direct Plan - Growth Option,2013-01-02,2026-08-14,3286,0.09305141897100411,0.04599667712057169,0.7389225081280013,-0.14437273671695805,Conservative Hybrid,UTI Mutual Fund,Hybrid Scheme - Conservative Hybrid Fund
144339,UTI Corporate Bond Fund - Direct Plan - Growth Option,2018-08-09,2026-08-14,1937,0.07526669585300327,0.016990206961746333,0.9330047566328518,-0.029739243476866184,Corporate Bond,UTI Mutual Fund,Debt Scheme - Corporate Bond Fund
120764,UTI Credit Risk Fund - Direct Plan - Growth Option,2013-01-02,2026-08-14,3287,0.054477548972022394,0.062218141583683224,-0.04201644973402887,-0.3438110166927921,Credit Risk,UTI Mutual Fund,Debt Scheme - Credit Risk Fund
120762,UTI Dynamic Bond Fund - Direct Plan - Growth Option,2013-01-02,2026-08-14,3287,0.079957134511901,0.04038843176568243,0.5228812894117769,-0.08130321965930165,Dynamic Bond,UTI Mutual Fund,Debt Scheme - Dynamic Bond
120715,UTI ELSS Tax Saver Fund - Direct Plan - Growth Option,2013-01-02,2026-08-14,3351,0.13270622522497266,0.15190093242281205,0.521767832277348,-0.3505895155829062,ELSS,UTI Mutual Fund,Equity Scheme - ELSS
144490,UTI Equity Savings Fund - Direct Plan - Growth Option,2018-08-31,2026-08-14,1957,0.09414723694367688,0.058148438140170254,0.5830988020669161,-0.1376131301289566,Equity Savings,UTI Mutual Fund,Hybrid Scheme - Equity Savings
149091,UTI Focused Fund - Direct Plan - Growth Option,2021-08-26,2026-08-14,1224,0.112036329941966,0.13504939182326636,0.4281657579783151,-0.19322245112182623,Focused,UTI Mutual Fund,Equity Scheme - Focused Fund
150410,UTI Gilt Fund with 10 year Constant Duration - Direct Plan - Growth Option,2022-08-03,2026-08-14,975,0.0754151104083074,0.029523984586639115,0.550668787545869,-0.027416709691134966,Gilt,UTI Mutual Fund,Debt Scheme - Gilt Fund with 10 year constant duration
150714,UTI Gold ETF Fund of Fund - Direct Plan - Growth Option,2022-10-31,2026-08-14,934,0.32684739086203085,0.18847110233465295,1.3120538737579428,-0.23570578601976977,Fund of Funds,UTI Mutual Fund,Other Scheme - FoF Domestic
120782,UTI Healthcare Fund - Direct Plan - Growth Option,2013-01-02,2026-08-14,3351,0.16660446344934332,0.153759883883829,0.7132983556834542,-0.2710033218902388,Sectoral,UTI Mutual Fund,Equity Scheme - Sectoral/ Thematic
153442,UTI Income Plus Arbitrage Active Fund of Fund - Direct Plan - Growth Option,2025-04-08,2026-08-14,333,0.0639731643336825,0.00841452000442147,0.424713481993113,-0.003075019218870101,Fund of Funds,UTI Mutual Fund,Other Scheme - FoF Domestic
120780,UTI India Consumer Fund - Direct Plan - Growth Option,2013-01-02,2026-08-14,3351,0.11875185037109381,0.14705093165135125,0.44740683928686537,-0.29686708411858875,Sectoral,UTI Mutual Fund,Equity Scheme - Sectoral/ Thematic
120728,UTI Infrastructure Fund-Growth Option- Direct,2013-01-02,2026-08-14,3351,0.12630058372665354,0.1822045639238786,0.43111913872197893,-0.42777614243246653,Sectoral,UTI Mutual Fund,Equity Scheme - Sectoral/ Thematic
152087,UTI Innovation Fund - Direct Plan - Growth Option,2023-10-18,2026-08-14,695,0.07358035424899412,0.1816927324774498,0.16122397106756933,-0.3150505261275225,Sectoral,UTI Mutual Fund,Equity Scheme - Sectoral/ Thematic
120665,UTI Large & Mid Cap Fund - Direct Plan - Growth Option,2013-01-02,2026-08-14,3351,0.14645514003412408,0.15443546608683614,0.5957700881386722,-0.4149770040511521,Mid Cap,UTI Mutual Fund,Equity Scheme - Large & Mid Cap Fund
120656,UTI Large Cap Fund - Direct Plan - Growth Option,2013-01-02,2026-08-14,3351,0.12711985917572766,0.1503756640916889,0.49171776882155444,-0.34650317695816013,Large Cap,UTI Mutual Fund,Equity Scheme - Large Cap Fund
120304,UTI Liquid Fund - Direct Plan - Growth Option,2013-01-01,2026-08-16,4492,-0.09782303852613483,0.21324256077155582,-0.2812754400482832,-0.899982770133291,Liquid,UTI Mutual Fund,Income/Debt Oriented Schemes - Liquid Fund
151523,UTI Long Duration Fund - Direct Plan - Growth Option,2023-03-21,2026-08-14,821,0.06780100325052474,0.03871364106791757,0.24052256694261837,-0.0568392497411655,Long Duration,UTI Mutual Fund,Debt Scheme - Long Duration Fund
120735,UTI Low Duration Fund - Direct Plan - Growth Option,2013-01-02,2026-08-14,3287,0.06946754282502066,0.028554062987936918,0.3694073155292786,-0.12115019978136421,Low Duration,UTI Mutual Fund,Debt Scheme - Low Duration Fund
120299,UTI MMF - Direct Plan - Growth Option,2013-01-01,2026-08-14,3955,0.07299376983430195,0.0035846064393984583,0.3204731507849052,-0.007591049597532429,Money Market,UTI Mutual Fund,Debt Scheme - Money Market Fund
134503,UTI Medium Duration Fund - Direct Plan - Growth Option,2015-04-09,2026-08-14,2747,0.06665123468766487,0.021364606122494818,0.34806004234519033,-0.05309475119291074,Medium Duration,UTI Mutual Fund,Debt Scheme - Medium Duration Fund
120689,UTI Medium to Long Duration Fund-Growth - Direct,2013-01-02,2026-08-14,3287,0.06808541943099256,0.04655730752221366,0.21149886762079792,-0.130741089828586,Long Duration,UTI Mutual Fund,Debt Scheme - Medium to Long Duration Fund
120726,UTI Mid Cap Fund-Growth Option- Direct,2013-01-02,2026-08-14,3351,0.18341157872452785,0.16378310014454947,0.7694599217468021,-0.4074671355725821,Mid Cap,UTI Mutual Fund,Equity Scheme - Mid Cap Fund
120760,UTI Multi Asset Allocation Fund - Direct Plan - Growth Option,2013-01-02,2026-08-14,3351,0.10289162355567583,0.10380837518159564,0.44045079971113055,-0.2501596593932943,Multi Asset,UTI Mutual Fund,Hybrid Scheme - Multi Asset Allocation
153515,UTI Multi Cap Fund - Direct Plan - Growth Option,2025-05-20,2026-08-14,307,0.07688852668238311,0.12008858186760786,0.1876111782904425,-0.14058264642483786,Multi Cap,UTI Mutual Fund,Equity Scheme - Multi Cap Fund
151364,UTI NIFTY SDL Plus AAA PSU Bond Apr 2026 75:25 Index Fund - Direct Plan - Growth Option,2023-02-13,2026-04-30,773,0.07244470462503405,0.0058342185315917484,2.277083716714168,-0.002665495312921151,Index,UTI Mutual Fund,Other Scheme - Index Funds
151487,UTI NIFTY SDL Plus AAA PSU Bond Apr 2028- 75:25 Index Fund - Direct Plan - Growth Option,2023-03-08,2026-08-14,830,0.07798811835689134,0.012018406028101211,1.5410470543428678,-0.006822296180937104,Index,UTI Mutual Fund,Other Scheme - Index Funds
148703,UTI Nifty 200 Momentum 30 Index Fund - Direct Plan - Growth Option,2021-03-12,2026-08-14,1336,0.15311678780058968,0.1932897923498221,0.5415218879270415,-0.31498559406863846,Index,UTI Mutual Fund,Other Scheme - Index Funds
152859,UTI Nifty 200 Quality 30 Index Fund - Direct Plan - Growth Option,2024-09-24,2026-08-14,466,-0.04652967194170399,0.13883896550614194,-0.7136262142815184,-0.22568600723048649,Index,UTI Mutual Fund,Other Scheme - Index Funds
120716,UTI Nifty 50 Index Fund - Growth Option- Direct,2013-01-02,2026-08-14,3351,0.11840460363396055,0.16079562584248713,0.4205388637501278,-0.38417918945898355,Index,UTI Mutual Fund,Other Scheme - Index Funds
151739,UTI Nifty 500 Value 50 Index Fund - Direct Plan - Growth Option,2023-05-12,2026-08-14,803,0.28416268545652956,0.20160811914251928,1.0750333702141528,-0.22630602608304595,Index,UTI Mutual Fund,Other Scheme - Index Funds
153086,UTI Nifty Alpha Low-Volatility 30 Index Fund - Direct Plan - Growth Option,2024-12-03,2026-08-14,420,-0.013015969348208034,0.1301762644467829,-0.49849299522900453,-0.16596603982408287,Index,UTI Mutual Fund,Other Scheme - Index Funds
153270,UTI Nifty India Manufacturing Index Fund - Direct Plan - Growth Option,2025-02-18,2026-08-14,366,0.20470059422793652,0.15856366936994562,0.9045277361248588,-0.12152842196965419,Index,UTI Mutual Fund,Other Scheme - Index Funds
153089,UTI Nifty Midcap 150 Index Fund - Direct Plan - Growth Option,2024-12-03,2026-08-14,420,0.05871286104284268,0.17497393008835646,0.0769630765345388,-0.1892394205108654,Index,UTI Mutual Fund,Other Scheme - Index Funds
150313,UTI Nifty Midcap 150 Quality 50 Index Fund - Direct Plan - Growth Option,2022-04-13,2026-08-14,1068,0.09776789413906184,0.1459525608270826,0.3167329072191773,-0.21431870068881187,Index,UTI Mutual Fund,Other Scheme - Index Funds
153272,UTI Nifty Midsmallcap 400 Momentum Quality 100 Index Fund - Direct Plan - Growth Option,2025-02-18,2026-08-14,366,0.1465464412682569,0.18291847973771394,0.529303047832988,-0.1736968071563152,Index,UTI Mutual Fund,Other Scheme - Index Funds
143341,UTI Nifty Next 50 Index Fund - Direct Plan - Growth Option,2018-06-29,2026-08-14,2000,0.13311665324393074,0.1885761731108554,0.4560019154281827,-0.39855039882017573,Index,UTI Mutual Fund,Other Scheme - Index Funds
152864,UTI Nifty Private Bank Index Fund - Direct Plan - Growth Option,2024-09-24,2026-08-14,466,0.004308825650021886,0.1602410639547633,-0.2671721705784574,-0.17340805267343595,Index,UTI Mutual Fund,Other Scheme - Index Funds
151762,UTI Nifty50 Equal Weight Index Fund - Direct Plan - Growth Option,2023-06-09,2026-08-14,783,0.15038352818115475,0.13350081772278968,0.6935089369284484,-0.18118189411254337,Index,UTI Mutual Fund,Other Scheme - Index Funds
154197,UTI Nifty500 Shariah Index Fund - Direct Plan Growth Option,2026-02-26,2026-08-14,115,0.07228027688145788,0.15594222824354886,0.15053721726643501,-0.10300668706337257,Index,UTI Mutual Fund,Other Scheme - Index Funds
153204,UTI Quant Fund - Direct Plan - Growth Option,2025-01-24,2026-08-14,383,0.05398875552034621,0.14106307315857927,0.026761050581754375,-0.14484212062878044,Sectoral,UTI Mutual Fund,Equity Scheme - Sectoral/ Thematic
120718,UTI Short Duration Fund - Direct Plan - Growth Option,2013-01-04,2026-08-14,3285,0.07389345385220403,0.032668498139925936,0.4593633329785971,-0.13161890787486885,Short Duration,UTI Mutual Fund,Debt Scheme - Short Duration Fund
151731,UTI Silver ETF Fund of Fund - Direct Plan - Growth Option,2023-04-25,2026-08-14,815,0.36366949427690565,0.3834429022165705,0.8697815651316362,-0.4547773555906587,Fund of Funds,UTI Mutual Fund,Other Scheme - FoF Domestic
148618,UTI Small Cap Fund - Direct Plan - Growth Option,2020-12-23,2026-08-14,1390,0.21716990839695027,0.1569343930848782,0.978314325237638,-0.22336787213869702,Small Cap,UTI Mutual Fund,Equity Scheme - Small Cap Fund
120746,UTI Ultra Short Duration Fund - Direct Plan - Growth Option,2013-01-02,2026-08-14,3287,0.07411128814716794,0.010877281030756218,1.3519381713830454,-0.036129157310218596,Ultra Short Duration,UTI Mutual Fund,Debt Scheme - Ultra Short Duration Fund
120751,UTI Value Fund - Direct Plan - Growth Option,2013-01-02,2026-08-14,3350,0.1364074402868194,0.15321899470953398,0.5406932592181881,-0.3667596739119642,Value,UTI Mutual Fund,Equity Scheme - Value Fund
120731,UTI-Transportation and Logistics  Fund-Growth Option- Direct,2013-01-02,2026-08-14,3351,0.19090567032929262,0.18791035399282047,0.7275132284639192,-0.5691421654958707,Sectoral,UTI Mutual Fund,Equity Scheme - Sectoral/ Thematic
153376,Unifi Dynamic Asset Allocation Fund - Direct Growth,2025-03-17,2026-08-14,349,0.08430660821552038,0.007697792741002157,2.9470702157271202,-0.0012825007842631742,Balanced Advantage,Unifi Mutual Fund,Hybrid Scheme - Dynamic Asset Allocation or Balanced Advantage
153543,Unifi Flexi Cap Fund - Direct Growth,2025-06-09,2026-08-14,293,0.06025475931682345,0.12801131757416181,0.060635082527012274,-0.13181852811214378,Flexi Cap,Unifi Mutual Fund,Equity Scheme - Flexi Cap Fund
153570,Unifi Liquid Fund- Direct Growth,2025-06-12,2026-08-16,370,0.05969773564806946,0.0017231408596121932,-7.762391855144244,0.0,Liquid,Unifi Mutual Fund,Debt Scheme - Liquid Fund
153109,Union Active Momentum Fund - Direct Plan - Growth Option,2024-12-23,2026-08-14,406,0.004254056412503537,0.19526551526652336,-0.18727165675404842,-0.2657004830917874,Sectoral,Union Mutual Fund,Equity Scheme - Sectoral/ Thematic
148592,Union Aggressive Hybrid Fund - Direct Plan - Growth Option,2020-12-28,2026-08-14,1387,0.13180825758957648,0.10667770534216442,0.6786037831783572,-0.1511976047904191,Aggressive Hybrid,Union Mutual Fund,Hybrid Scheme - Aggressive Hybrid Fund
146297,Union Arbitrage Fund - Direct Plan - Growth Option,2019-02-27,2026-08-14,1835,0.06083521755949528,0.010292642972596876,0.05835448734796076,-0.005907501692494543,Arbitrage,Union Mutual Fund,Hybrid Scheme - Arbitrage Fund
142038,Union Balanced Advantage Fund - Direct Plan - Growth Option,2018-01-05,2026-08-14,2117,0.09968234542101007,0.09650662885158162,0.4360228872496278,-0.2378472222222222,Balanced Advantage,Union Mutual Fund,Hybrid Scheme - Dynamic Asset Allocation or Balanced Advantage
152409,Union Business Cycle Fund - Direct Plan - Growth Option,2024-03-12,2026-08-14,598,0.09118999883812551,0.15552941613030277,0.26641969493057904,-0.19901315789473684,Sectoral,Union Mutual Fund,Equity Scheme - Sectoral/ Thematic
152219,Union Children's Fund - Direct Plan - Growth Option,2023-12-21,2026-08-14,652,0.1231797657323197,0.14843360744172934,0.4724449800610907,-0.17397998460354114,Children,Union Mutual Fund,Solution Oriented Scheme - Children’s Fund
154020,Union Consumption Fund - Direct Plan - Growth Option,2025-12-26,2026-08-14,157,0.009503539829667229,0.1582728261167056,-0.23929706621699923,-0.16799204771371778,Sectoral,Union Mutual Fund,Equity Scheme - Sectoral/ Thematic
143241,Union Corporate Bond Fund - Direct Plan - Growth Option,2018-06-01,2026-08-14,1985,0.06347675084972049,0.027847228635351433,0.162401763828319,-0.057147084389044034,Corporate Bond,Union Mutual Fund,Debt Scheme - Corporate Bond Fund
153824,Union Diversified Equity All Cap Active FOF - Direct Plan - Growth Option,2025-09-24,2026-08-14,218,0.13629597251645675,0.1544781365376678,0.5408376682321144,-0.1207691242507567,Fund of Funds,Union Mutual Fund,Other Scheme - FoF Domestic
119311,Union Dynamic Bond Fund - Direct Plan - Growth Option,2013-01-02,2026-08-14,3286,0.06429530788638949,0.03320069819402945,0.1695761344561045,-0.06769464804314751,Dynamic Bond,Union Mutual Fund,Debt Scheme - Dynamic Bond
119307,Union ELSS Tax Saver Fund - Direct Plan - Growth Option,2013-01-02,2026-08-14,3350,0.13407341659054972,0.15294493816792193,0.5275683464272185,-0.3535572408811847,ELSS,Union Mutual Fund,Equity Scheme - ELSS
144312,Union Equity Savings Fund - Direct Plan - Growth Option,2018-08-17,2026-08-14,1964,0.07821906443252136,0.057917286652564716,0.32733885390571105,-0.14374999999999993,Equity Savings,Union Mutual Fund,Hybrid Scheme - Equity Savings
119292,Union Flexi Cap Fund - Direct Plan - Growth Option,2013-01-02,2026-08-14,3350,0.13321909763476314,0.15250945227779988,0.5235544957051668,-0.3535936113575865,Flexi Cap,Union Mutual Fund,Equity Scheme - Flexi Cap Fund
147492,Union Focused Fund - Direct Plan - Growth Option,2019-08-13,2026-08-14,1725,0.17028513129620793,0.17091352513730704,0.6772538158053208,-0.3395904436860069,Focused,Union Mutual Fund,Equity Scheme - Focused Fund
150407,Union Gilt Fund - Direct Plan - Growth Option,2022-08-17,2026-08-14,968,0.060137619147158095,0.03554683697835851,0.03905410048900673,-0.06490462654303886,Gilt,Union Mutual Fund,Debt Scheme - Gilt Fund
153340,Union Gold ETF Fund of Fund - Direct Plan - Growth Option,2025-03-04,2026-08-14,357,0.43557657653824,0.3103090195935228,1.1552693025940235,-0.2457449059426159,Fund of Funds,Union Mutual Fund,Other Scheme - FoF Domestic
153575,Union Income Plus Arbitrage Active FOF - Direct Plan - Growth Option,2025-06-16,2026-08-14,284,0.04855469583124106,0.01534094344761456,-0.7084312662398574,-0.010158958974558763,Fund of Funds,Union Mutual Fund,Other Scheme - FoF Domestic
151905,Union Innovation & Opportunities Fund - Direct Plan - Growth Option,2023-09-13,2026-08-14,717,0.1987077892661162,0.1787455006393234,0.7959060478970535,-0.23935483870967744,Sectoral,Union Mutual Fund,Equity Scheme - Sectoral/ Thematic
147750,Union Large & Midcap Fund - Direct Plan - Growth Option,2019-12-13,2026-08-14,1645,0.17836164754178707,0.17350111640542867,0.7093561697844227,-0.3564727954971857,Mid Cap,Union Mutual Fund,Equity Scheme - Large & Mid Cap Fund
141248,Union Largecap Fund - Direct Plan - Growth Option,2017-05-18,2026-08-14,2277,0.10491252627472858,0.16303384221554643,0.340358587484589,-0.3639455782312925,Large Cap,Union Mutual Fund,Equity Scheme - Large Cap Fund
119303,Union Liquid Fund - Direct Plan - Growth Option,2013-01-01,2026-08-16,4246,0.06539781381992626,0.0069641199041720475,-1.2561146191672197,-0.03297738877464851,Liquid,Union Mutual Fund,Debt Scheme - Liquid Fund
153654,Union Low Duration Fund - Direct Plan - Growth Option,2025-07-18,2026-08-14,260,0.05996863335617619,0.006173868903231659,0.13632025685933055,-0.0027354285823593116,Low Duration,Union Mutual Fund,Debt Scheme - Low Duration Fund
148073,Union Midcap Fund - Direct Plan - Growth Option,2020-03-30,2026-08-14,1572,0.30997967508694346,0.16240578715453274,1.4128174924775596,-0.2126252126252126,Mid Cap,Union Mutual Fund,Equity Scheme - Mid Cap Fund
149117,Union Money Market Fund - Direct Plan -  Growth Option,2021-08-27,2026-08-14,1202,0.06446278689911389,0.003422829220884057,1.4835349727375027,-0.0012217653172643672,Money Market,Union Mutual Fund,Debt Scheme - Money Market Fund
152787,Union Multi Asset Allocation Fund- Direct Plan - Growth Option,2024-09-13,2026-08-14,473,0.12499500254859508,0.11260431698901878,0.5939307315254101,-0.12422360248447217,Multi Asset,Union Mutual Fund,Hybrid Scheme - Multi Asset Allocation
150858,Union Multicap Fund - Direct Plan - Growth Option,2022-12-26,2026-08-14,895,0.19541361357531217,0.14055241133407437,0.9447100938676966,-0.19801980198019808,Multi Cap,Union Mutual Fund,Equity Scheme - Multi Cap Fund
147003,Union Overnight Fund - Direct Plan - Growth Option,2019-03-27,2026-08-16,2076,0.051100231027576326,0.0017758576311782018,-8.598320525335456,0.0,Overnight,Union Mutual Fund,Debt Scheme - Overnight Fund
150554,Union Retirement Fund - Direct Plan - Growth Option,2022-09-29,2026-08-14,953,0.17224391902388914,0.1319767472372017,0.8468012263522008,-0.17769827072152655,Retirement,Union Mutual Fund,Solution Oriented Scheme - Retirement Fund
153242,Union Short Duration Fund - Direct Plan - Growth Option,2025-02-03,2026-08-14,370,0.06909963594521895,0.011977780639057311,0.8071292844386196,-0.0050962732343728945,Short Duration,Union Mutual Fund,Debt Scheme - Short Duration Fund
129649,Union Small Cap Fund - Direct Plan - Growth Option,2014-06-17,2026-08-14,2991,0.16860610901030104,0.1708094797332806,0.6700335586206061,-0.44714131607335483,Small Cap,Union Mutual Fund,Equity Scheme - Small Cap Fund
145473,Union Value Fund - Direct Plan - Growth Option,2018-12-12,2026-08-14,1890,0.15949047506727743,0.17213695150237035,0.6183136835725586,-0.37678571428571417,Value,Union Mutual Fund,Equity Scheme - Value Fund
154392,WhiteOak Capital Aggressive Hybrid Fund Direct Plan Growth,2026-07-01,2026-08-14,33,0.3638322548767119,0.077209188710921,3.0751552144772787,-0.015148553557466693,Aggressive Hybrid,WhiteOak Capital Mutual Fund,Hybrid Schemes - Aggressive Hybrid Fund
152849,WhiteOak Capital Arbitrage Fund Direct Plan Growth,2024-09-10,2026-08-14,476,0.07245230592627627,0.009843192989017334,1.1665788116774283,-0.004180456366486673,Arbitrage,WhiteOak Capital Mutual Fund,Hybrid Scheme - Arbitrage Fund
151267,WhiteOak Capital Balanced Advantage Fund Direct Plan Growth,2023-02-13,2026-08-14,861,0.14136196025622794,0.07890015600993415,0.9976602051660307,-0.09576462980924672,Balanced Advantage,WhiteOak Capital Mutual Fund,Hybrid Scheme - Dynamic Asset Allocation or Balanced Advantage
152132,WhiteOak Capital Balanced Hybrid Fund Direct Plan Growth,2023-10-30,2026-08-14,676,0.12842118496456134,0.07836652069647523,0.8797589327091787,-0.0838831291234684,Balanced Hybrid,WhiteOak Capital Mutual Fund,Hybrid Scheme - Balanced Hybrid Fund
152321,WhiteOak Capital Banking & Financial Services Fund - Direct Growth,2024-02-07,2026-08-14,621,0.1316401029321399,0.16334780653416492,0.48899690776339,-0.16185978932074097,Sectoral,WhiteOak Capital Mutual Fund,Equity Scheme - Sectoral/ Thematic
154161,WhiteOak Capital Consumption Opportunities Fund Direct Plan Growth,2026-02-11,2026-08-14,126,0.11956994811241395,0.1583674570049898,0.4242357170349392,-0.13657708062743534,Sectoral,WhiteOak Capital Mutual Fund,Equity Scheme - Sectoral/ Thematic
152915,WhiteOak Capital Digital Bharat Fund Direct Plan Growth,2024-10-14,2026-08-14,453,0.03985517033841801,0.1933215212892086,-0.007372966865496715,-0.2554400923705481,Sectoral,WhiteOak Capital Mutual Fund,Equity Scheme - Sectoral/ Thematic
150587,WhiteOak Capital ELSS Tax Saver Fund Direct Plan Growth,2022-10-17,2026-08-14,942,0.18988646772169493,0.13245717594037243,0.9583254148143625,-0.1635902417962003,ELSS,WhiteOak Capital Mutual Fund,Equity Scheme - ELSS
152962,WhiteOak Capital ESG Best-In-Class Strategy Fund Direct Plan Growth,2024-10-31,2026-08-14,440,0.03962475182192371,0.13468629541417124,-0.08257929876617645,-0.17162554426705368,Sectoral,WhiteOak Capital Mutual Fund,Equity Scheme - Sectoral/ Thematic
153355,WhiteOak Capital Equity Savings Fund Direct Plan Growth,2025-03-13,2026-08-14,350,0.12643650044924537,0.0391634782092151,1.607365761229625,-0.037866944589195706,Equity Savings,WhiteOak Capital Mutual Fund,Hybrid Scheme - Equity Savings
150346,WhiteOak Capital Flexi Cap Fund Direct Plan-Growth,2022-08-03,2026-08-14,991,0.1789800422981651,0.12912210797466628,0.9085877927328356,-0.15589123867069477,Flexi Cap,WhiteOak Capital Mutual Fund,Equity Scheme - Flexi Cap Fund
150797,WhiteOak Capital Large Cap Fund Direct Plan Growth,2022-12-02,2026-08-14,911,0.13976237484140341,0.12700323469997898,0.6465786357542211,-0.15248745155346588,Large Cap,WhiteOak Capital Mutual Fund,Equity Scheme - Large Cap Fund
145971,WhiteOak Capital Liquid Fund- Direct plan-Growth Option,2019-01-17,2026-08-16,2131,0.05616216398138718,0.0020845304208037888,-5.277688801872703,-0.0004993645716322437,Liquid,WhiteOak Capital Mutual Fund,Debt Scheme - Liquid Fund
150584,WhiteOak Capital Mid Cap Fund Direct Plan Growth,2022-09-08,2026-08-14,968,0.2419526971626833,0.1482043138630552,1.1681142257381913,-0.1932992226704714,Mid Cap,WhiteOak Capital Mutual Fund,Equity Scheme - Mid Cap Fund
151745,WhiteOak Capital Multi Asset Allocation Fund Direct Plan Growth,2023-05-22,2026-08-14,784,0.17309283304944056,0.05616804335671414,1.9160761712642729,-0.06081373093782794,Multi Asset,WhiteOak Capital Mutual Fund,Hybrid Scheme - Multi Asset Allocation
152071,WhiteOak Capital Multi Cap Fund Direct Plan Growth,2023-09-25,2026-08-14,710,0.2042833560796713,0.14671442915718216,0.9646022869739853,-0.1692854833494989,Multi Cap,WhiteOak Capital Mutual Fund,Equity Scheme - Multi Cap Fund
152349,WhiteOak Capital Pharma and Heathcare Fund Direct Plan Growth,2024-02-07,2026-08-14,621,0.2464172924425656,0.14462245183013422,1.215750082635413,-0.15389522931877786,Sectoral,WhiteOak Capital Mutual Fund,Equity Scheme - Sectoral/ Thematic
153189,WhiteOak Capital Quality Equity Fund Direct Plan Growth,2025-01-30,2026-08-14,379,0.0533741875150886,0.12319337577423094,0.006685781745459777,-0.16382377086563893,Sectoral,WhiteOak Capital Mutual Fund,Equity Scheme - Sectoral/ Thematic
152644,WhiteOak Capital Special Opportunities Fund - Direct Growth,2024-06-05,2026-08-14,542,0.1961839085543471,0.14828263914319514,0.9024743645756834,-0.16965242688715354,Sectoral,WhiteOak Capital Mutual Fund,Equity Scheme - Sectoral/ Thematic
147311,WhiteOak Capital Ultra Short Duration Fund- Direct plan-Growth Option,2019-06-10,2026-08-14,1743,0.059123428503697895,0.005464365621051639,-0.05976050105179669,-0.001568875031212169,Ultra Short Duration,WhiteOak Capital Mutual Fund,Debt Scheme - Ultra Short Duration Fund
152226,Whiteoak Capital Large & Mid Cap Fund Direct Plan Growth,2023-12-26,2026-08-14,650,0.15548605909452906,0.14648333179667242,0.6731392460181997,-0.1601699336662442,Mid Cap,WhiteOak Capital Mutual Fund,Equity Scheme - Large & Mid Cap Fund
152157,Zerodha ELSS Tax Saver Nifty LargeMidcap 250 Index Fund - Direct Plan - Growth option,2023-11-10,2026-08-14,679,0.1481389045845518,0.15236739276604933,0.612874911604991,-0.18717801550366153,Index,Zerodha Mutual Fund,Other Scheme - Index Funds
153011,Zerodha Gold ETF FoF-Direct Plan - Growth Option,2024-11-19,2026-08-14,429,0.47462657996628344,0.25849341699420714,1.4326788326823963,-0.24278499589933955,Fund of Funds,Zerodha Mutual Fund,Other Scheme - FoF Domestic
154436,Zerodha Life Cycle Fund 2036 - Direct - Growth,2026-07-13,2026-08-14,25,0.1872603075754249,0.0613131627931583,1.6268952329100803,-0.012423354305662326,Solution Oriented,Zerodha Mutual Fund,Life Cycle Funds - Life Cycle Fund with Maturity of 10 Years
154437,Zerodha Life Cycle Fund 2041 - Direct - Growth,2026-07-13,2026-08-14,25,0.20291137279005977,0.07097622321465677,1.5838577010656152,-0.014872379580732953,Solution Oriented,Zerodha Mutual Fund,Life Cycle Funds - Life Cycle Fund with Maturity of 15 Years
153757,Zerodha Multi Asset Passive FoF - Direct - Growth,2025-08-20,2026-08-14,242,0.16249480957329676,0.1345216521306221,0.7719107782192106,-0.1266213712168004,Fund of Funds,Zerodha Mutual Fund,Other Scheme - FoF Domestic
153906,Zerodha Nifty 50 Index Fund - Direct Plan - Growth,2025-10-17,2026-08-14,203,-0.05501393648829134,0.14057809763585372,-0.7705982748457099,-0.1515064589847298,Index,Zerodha Mutual Fund,Other Scheme - Index Funds
152156,Zerodha Nifty LargeMidcap 250 Index Fund - Direct Plan - Growth option,2023-11-10,2026-08-14,679,0.14731113485273695,0.15238842594594132,0.6079542290174796,-0.18747578457962033,Index,Zerodha Mutual Fund,Other Scheme - Index Funds
154321,Zerodha Nifty LargeMidcap250 Plus 8-13 Yr G-Sec 70:30 Index Fund - Direct Plan - Growth Option,2026-04-22,2026-08-14,80,0.11114260113879659,0.09154669345191344,0.5361832397933392,-0.030870720218050374,Index,Zerodha Mutual Fund,Other Scheme - Index Funds
154306,Zerodha Nifty MidSmallcap400 50:50 Index Fund - Direct Plan - Growth Option,2026-04-13,2026-08-14,86,0.46280152943211705,0.1411750724442683,2.3366050236760203,-0.0449773345421578,Index,Zerodha Mutual Fund,Other Scheme - Index Funds
154109,Zerodha Nifty Short Duration G-Sec Index Fund - Direct Plan - Growth Option,2026-01-19,2026-08-14,139,0.04885815622978651,0.0154895434934696,-0.6784487973214804,-0.009582757137035935,Index,Zerodha Mutual Fund,Other Scheme - Index Funds
153436,Zerodha Overnight Fund - Direct Plan - Growth Option,2025-04-09,2026-08-16,421,0.0527111993021514,0.0009891414869426733,-18.51123388625986,0.0,Overnight,Zerodha Mutual Fund,Debt Scheme - Overnight Fund
153656,Zerodha Silver ETF FoF - Direct Growth,2025-07-11,2026-08-14,269,0.9365314735892138,0.5793344973998544,1.3716922062327388,-0.4616109652754533,Fund of Funds,Zerodha Mutual Fund,Other Scheme - FoF Domestic
120819,quant Aggressive Hybrid Fund-Growth Option-Direct Plan,2013-01-07,2026-08-14,3354,0.167051281795213,0.13065240783079815,0.8151243368411513,-0.2869079065299813,Aggressive Hybrid,quant Mutual Fund,Hybrid Scheme - Aggressive Hybrid Fund
153426,quant Arbitrage Fund - Growth Option - Direct Plan,2025-04-07,2026-08-14,334,0.07413671627114438,0.01073289816338697,1.2360911654355509,-0.00361197110423106,Arbitrage,quant Mutual Fund,Hybrid Scheme - Arbitrage Fund
151791,quant BFSI Fund - Growth Option - Direct Plan,2023-06-21,2026-08-14,775,0.27075140456642544,0.18760822349002523,1.0842303998328666,-0.22340728879920158,Sectoral,quant Mutual Fund,Equity Scheme - Sectoral/ Thematic
151757,quant Business Cycle Fund - Growth Option - Direct Plan,2023-05-31,2026-08-14,790,0.1884296801147829,0.17612826044333815,0.7517746549239341,-0.2924630109630766,Sectoral,quant Mutual Fund,Equity Scheme - Sectoral/ Thematic
152255,quant Commodities Fund - Growth Option - Direct Plan,2023-12-28,2026-08-14,648,0.17573672522292005,0.2222090942854848,0.5877689592204645,-0.2592542503863988,Sectoral,quant Mutual Fund,Equity Scheme - Sectoral/ Thematic
152336,quant Consumption Fund - Growth Option - Direct Plan,2024-01-25,2026-08-14,629,0.021346915673723155,0.1482850781794719,-0.1847337205043582,-0.30410943138753943,Sectoral,quant Mutual Fund,Equity Scheme - Sectoral/ Thematic
151713,quant Dynamic Asset Allocation Fund - Growth Option - Direct Plan,2023-04-13,2026-08-14,822,0.18001255876051858,0.13883371804573694,0.8591165482855313,-0.18433064569867397,Balanced Advantage,quant Mutual Fund,Hybrid Scheme - Dynamic Asset Allocation or Balanced Advantage
120847,quant ELSS Tax Saver Fund - Growth Option - Direct Plan,2013-01-07,2026-08-14,3354,0.20004581066239124,0.17004413023839157,0.8291219264446784,-0.3612016876628261,ELSS,quant Mutual Fund,Equity Scheme - ELSS
148564,quant ESG Integration Strategy Fund - Growth Option - Direct Plan,2020-11-06,2026-08-14,1421,0.2858678713860965,0.17390429730461543,1.2231054693591739,-0.2506421606523853,Sectoral,quant Mutual Fund,Equity Scheme - Sectoral/ Thematic
153705,quant Equity Savings Fund - Growth Option - Direct Plan,2025-07-25,2026-08-14,259,0.08512495879879967,0.05766279561333675,0.4470732423090713,-0.04960757178387909,Equity Savings,quant Mutual Fund,Hybrid Scheme - Equity Savings
120843,quant Flexi Cap Fund - Growth Option-Direct Plan,2013-01-07,2026-08-14,3354,0.1879177743104239,0.18124860282487382,0.7313254092911213,-0.4128467780653956,Flexi Cap,quant Mutual Fund,Equity Scheme - Flexi Cap Fund
120834,quant Focused Fund - Growth Option-Direct Plan,2013-01-07,2026-08-14,3355,0.1696208513115951,0.16673713542494015,0.6842910904674366,-0.3636301680380938,Focused,quant Mutual Fund,Equity Scheme - Focused Fund
151228,quant Gilt Fund - Growth Option - Direct Plan,2022-12-22,2026-08-14,883,0.06655104059801231,0.01997488737261345,0.3649816325413027,-0.022422697260900848,Gilt,quant Mutual Fund,Debt Scheme - Gilt Fund
151853,quant Healthcare Fund - Growth Option - Direct Plan,2023-07-18,2026-08-14,757,0.22534597927517486,0.17193349632194344,0.9490136742262202,-0.25207881115378183,Sectoral,quant Mutual Fund,Equity Scheme - Sectoral/ Thematic
120833,quant Infrastructure Fund - Growth Option-Direct Plan,2013-01-07,2026-08-14,3354,0.17298407150253636,0.2016421790996483,0.612812314696442,-0.4599148953172447,Sectoral,quant Mutual Fund,Equity Scheme - Sectoral/ Thematic
120826,quant Large & Mid Cap Fund - Growth Option-Direct Plan,2013-01-07,2026-08-14,3354,0.18144463548018597,0.2776234518801432,0.5259859765848903,-0.45681733449947126,Mid Cap,quant Mutual Fund,Equity Scheme - Large & Mid Cap Fund
150440,quant Large Cap Fund - Growth Option - Direct Plan,2022-08-12,2026-08-14,985,0.14370972229905732,0.1525449382228424,0.5861984870996388,-0.21107162432150495,Large Cap,quant Mutual Fund,Equity Scheme - Large Cap Fund
120837,quant Liquid Fund - Growth Option - Direct Plan,2013-01-04,2026-08-16,4204,0.06398104061057919,0.03951880854876888,-0.21722608734053878,-0.08958327984183645,Liquid,quant Mutual Fund,Debt Scheme - Liquid Fund
151916,quant Manufacturing Fund - Growth Option - Direct Plan,2023-08-16,2026-08-14,737,0.20626087433520546,0.19039738089160857,0.7908382479962259,-0.29646817610617515,Sectoral,quant Mutual Fund,Equity Scheme - Sectoral/ Thematic
120841,quant Mid Cap Fund - Growth Option - Direct Plan,2013-01-07,2026-08-14,3354,0.16777960154520977,0.15374083627307925,0.7184838034479173,-0.33429874666118753,Mid Cap,quant Mutual Fund,Equity Scheme - Mid Cap Fund
152189,quant Momentum Fund - Growth Option - Direct Plan,2023-11-21,2026-08-14,673,0.18568338044193422,0.17347054901898412,0.7465806032567549,-0.22666334140318023,Sectoral,quant Mutual Fund,Equity Scheme - Sectoral/ Thematic
120821,quant Multi Asset Allocation Fund-GROWTH OPTION-Direct Plan,2013-01-07,2026-08-14,3348,0.16020802036625126,0.2756926867719981,0.4542780273969246,-0.4480165122835279,Multi Asset,quant Mutual Fund,Hybrid Scheme - Multi Asset Allocation
120823,quant Multi Cap Fund-GROWTH OPTION-Direct Plan,2013-01-07,2026-08-14,3354,0.18353378472975113,0.17179441589191166,0.7399749198464722,-0.3625776267872567,Multi Cap,quant Mutual Fund,Equity Scheme - Multi Cap Fund
151190,quant Overnight Fund - Growth Option - Direct Plan,2022-12-05,2026-08-16,1045,0.06315829785348615,0.0018632118412801664,-2.87288111466357,-1.9585761151574843e-05,Overnight,quant Mutual Fund,Debt Scheme - Overnight Fund
152415,quant PSU Fund - Growth Option - Direct Plan,2024-02-21,2026-08-14,611,0.03862670239741228,0.22781177280716194,0.022387324231677493,-0.31060155544056667,Sectoral,quant Mutual Fund,Equity Scheme - Sectoral/ Thematic
148925,quant Quantamental Fund - Growth Option - Direct Plan,2021-05-03,2026-08-14,1304,0.2082861018808544,0.17467098639497505,0.8510161025971735,-0.2334426735899151,Sectoral,quant Mutual Fund,Equity Scheme - Sectoral/ Thematic
120828,quant Small Cap Fund - Growth Option - Direct Plan,2013-01-07,2026-08-14,3350,0.17711846498742112,0.20250243237988844,0.6274469525536265,-0.5159536556942357,Small Cap,quant Mutual Fund,Equity Scheme - Small Cap Fund
152067,quant Teck Fund - Growth Option - Direct Plan,2023-09-12,2026-08-14,718,0.061907846608021844,0.19670032540003557,0.10700099005779752,-0.41855380617761695,Sectoral,quant Mutual Fund,Equity Scheme - Sectoral/ Thematic
