amfi_code,scheme_name,fund_house,scheme_type,scheme_category,category,isin_growth
152076,360 ONE Balanced Hybrid Fund- Direct Plan - Growth,360 ONE Mutual Fund,Open Ended Schemes,Hybrid Scheme - Balanced Hybrid Fund,Balanced Hybrid,INF579M01AY9
122715,360 ONE Dynamic Bond Fund Direct Plan Growth,360 ONE Mutual Fund,Open Ended Schemes,Debt Scheme - Dynamic Bond,Dynamic Bond,INF579M01266
151165,360 ONE ELSS Tax Saver Nifty 50 Index Fund - Direct Plan - Growth,360 ONE Mutual Fund,Open Ended Schemes,Equity Scheme - ELSS,ELSS,INF579M01AN2
151796,360 ONE FLEXICAP FUND-DIRECT PLAN- GROWTH,360 ONE Mutual Fund,Open Ended Schemes,Equity Scheme - Flexi Cap Fund,Flexi Cap,INF579M01AS1
131580,360 ONE Focused Fund-Direct Plan-Growth,360 ONE Mutual Fund,Open Ended Schemes,Equity Scheme - Focused Fund,Focused,INF579M01902
125345,360 ONE LIQUID FUND DIRECT PLAN  GROWTH,360 ONE Mutual Fund,Open Ended Schemes,Debt Scheme - Liquid Fund,Liquid,INF579M01621
153774,360 ONE Multi Asset Allocation Fund - Direct Plan - Growth,360 ONE Mutual Fund,Open Ended Schemes,Hybrid Scheme - Multi Asset Allocation,Multi Asset,INF579M01BM2
153703,360 ONE Overnight Fund - Direct Plan - Growth,360 ONE Mutual Fund,Open Ended Schemes,Debt Scheme - Overnight Fund,Overnight,INF579M01BG4
149318,360 ONE QUANT FUND DIRECT GROWTH,360 ONE Mutual Fund,Open Ended Schemes,Equity Scheme - Sectoral/ Thematic,Sectoral,INF579M01AI2
146407,ADITYA BIRLA SUN LIFE BAL BHAVISHYA YOJNA DIRECT GROWTH,Aditya Birla Sun Life Mutual Fund,Open Ended Schemes,Solution Oriented Scheme - Children’s Fund,Children,INF209KB1E84
145486,ADITYA BIRLA SUN LIFE OVERNIGHT FUND-DIRECT PLAN-GROWTH,Aditya Birla Sun Life Mutual Fund,Open Ended Schemes,Debt Scheme - Overnight Fund,Overnight,INF209KB1ZH2
154438,ALPHAGREP MULTI ASSET ALLOCATION FUND-DIRECT-GROWTH,AlphaGrep Mutual Fund,Open Ended Schemes,Hybrid Schemes - Multi Asset Allocation Fund,Multi Asset,INF2VOA01012
153827,ANGEL ONE GOLD ETF FOF- DIRECT GROWTH,Angel One Mutual Fund,Open Ended Schemes,Other Scheme - FoF Domestic,Fund of Funds,INF1J2R01098
153529,ANGEL ONE NIFTY 50 INDEX FUND-DIRECT-GROWTH,Angel One Mutual Fund,Open Ended Schemes,Other Scheme - Index Funds,Index,INF1J2R01072
153330,ANGEL ONE NIFTY TOTAL MARKET INDEX FUND DIRECT PLAN GROWTH OPTION,Angel One Mutual Fund,Open Ended Schemes,Other Scheme - Index Funds,Index,INF1J2R01023
153956,ANGEL ONE NIFTY TOTAL MARKET MOMENTUM QUALITY 50 INDEX FUND - DIRECT GROWTH,Angel One Mutual Fund,Open Ended Schemes,Other Scheme - Index Funds,Index,INF1J2R01122
154206,ANGEL ONE SILVER ETF FOF -DIRECT GROWTH,Angel One Mutual Fund,Open Ended Schemes,Other Scheme - FoF Domestic,Fund of Funds,INF1J2R01155
151435,AXIS CRISIL IBX 50:50 Gilt Plus SDL September 2027 Index Fund- DIRECT PLAN-GROWTH,Axis Mutual Fund,Open Ended Schemes,Other Scheme - Index Funds,Index,INF846K012O1
154043,Abakkus Flexi Cap Fund - Direct - Growth,Abakkus Mutual Fund,Open Ended Schemes,Equity Scheme - Flexi Cap Fund,Flexi Cap,INF2JJD01136
154477,Abakkus Large & Mid Cap Fund - Direct  Plan - Growth,Abakkus Mutual Fund,Open Ended Schemes,Equity Scheme - Large & Mid Cap Fund,Mid Cap,INF2JJD01193
154051,Abakkus Liquid Fund - Direct Plan - Growth,Abakkus Mutual Fund,Open Ended Schemes,Income/Debt Oriented Schemes - Liquid Fund,Liquid,INF2JJD01029
154215,Abakkus Small Cap Fund - Direct Plan - Growth,Abakkus Mutual Fund,Open Ended Schemes,Equity Scheme - Small Cap Fund,Small Cap,INF2JJD01177
132185,Aditya Birla Sun Life Aggressive Hybrid Omni FOF- Direct Plan - Growth Option,Aditya Birla Sun Life Mutual Fund,Open Ended Schemes,Other Scheme - FoF Domestic,Fund of Funds,INF084M01ET2
119526,Aditya Birla Sun Life Arbitrage Fund - Growth - Direct Plan,Aditya Birla Sun Life Mutual Fund,Open Ended Schemes,Hybrid Scheme - Arbitrage Fund,Arbitrage,INF209K01VP1
153736,Aditya Birla Sun Life BSE 500 Momentum 50 Index Fund-Direct Growth,Aditya Birla Sun Life Mutual Fund,Open Ended Schemes,Index Funds - Equity Funds,Index,INF209KC1589
153740,Aditya Birla Sun Life BSE 500 Quality 50 Index Fund - Direct Growth,Aditya Birla Sun Life Mutual Fund,Open Ended Schemes,Index Funds - Equity Funds,Index,INF209KC1613
153081,Aditya Birla Sun Life BSE India Infrastructure Index Fund-Direct Growth,Aditya Birla Sun Life Mutual Fund,Open Ended Schemes,Index Funds - Equity Funds,Index,INF209KC1332
131670,Aditya Birla Sun Life Balanced Advantage Fund - Direct Plan - Growth Option,Aditya Birla Sun Life Mutual Fund,Open Ended Schemes,Hybrid Scheme - Dynamic Asset Allocation or Balanced Advantage,Balanced Advantage,INF084M01DJ5
119550,Aditya Birla Sun Life Banking & PSU Debt Fund- Direct Plan-Growth,Aditya Birla Sun Life Mutual Fund,Open Ended Schemes,Debt Scheme - Banking and PSU Fund,Banking & PSU,INF209K01YN0
125597,Aditya Birla Sun Life Banking and Financial Services Fund - Direct Plan - Growth,Aditya Birla Sun Life Mutual Fund,Open Ended Schemes,Equity Scheme - Sectoral/ Thematic,Sectoral,INF209K014W1
149295,Aditya Birla Sun Life Business Cycle Fund-Direct Growth,Aditya Birla Sun Life Mutual Fund,Open Ended Schemes,Equity Scheme - Sectoral/ Thematic,Sectoral,INF209KB14D2
151427,Aditya Birla Sun Life CRISIL IBX SDL Jun 2032 INDEX FUND - Direct Growth,Aditya Birla Sun Life Mutual Fund,Open Ended Schemes,Other Scheme - Index Funds,Index,INF209KB14S0
153124,Aditya Birla Sun Life Conglomerate Fund-Direct Growth,Aditya Birla Sun Life Mutual Fund,Open Ended Schemes,Equity Scheme - Sectoral/ Thematic,Sectoral,INF209KC1373
132183,Aditya Birla Sun Life Conservative Hybrid Active FOF- Direct Plan - Growth Option,Aditya Birla Sun Life Mutual Fund,Open Ended Schemes,Other Scheme - FoF Domestic,Fund of Funds,INF084M01EQ8
119591,Aditya Birla Sun Life Consumption Fund - Growth - Direct Plan,Aditya Birla Sun Life Mutual Fund,Open Ended Schemes,Equity Scheme - Sectoral/ Thematic,Sectoral,INF209K01WC7
119533,Aditya Birla Sun Life Corporate Bond Fund - Growth - Direct Plan,Aditya Birla Sun Life Mutual Fund,Open Ended Schemes,Debt Scheme - Corporate Bond Fund,Corporate Bond,INF209K01S38
134387,Aditya Birla Sun Life Credit Risk Fund - Direct Plan - Growth,Aditya Birla Sun Life Mutual Fund,Open Ended Schemes,Debt Scheme - Credit Risk Fund,Credit Risk,INF209KA1K88
150702,Aditya Birla Sun Life Crisil IBX 50:50 Gilt Plus SDL Apr 2028 Index Fund-Direct Growth,Aditya Birla Sun Life Mutual Fund,Open Ended Schemes,Other Scheme - Index Funds,Index,INF209KB14N1
150938,Aditya Birla Sun Life Crisil IBX 60:40 SDL + AAA PSU APR 2026 Index Fund-Direct Growth,Aditya Birla Sun Life Mutual Fund,Open Ended Schemes,Other Scheme - Index Funds,Index,INF209KB10P4
150353,Aditya Birla Sun Life Crisil IBX 60:40 SDL+AAA PSU-Apr 2027 Index Fund-Direct Growth,Aditya Birla Sun Life Mutual Fund,Open Ended Schemes,Other Scheme - Index Funds,Index,INF209KB19H2
151577,Aditya Birla Sun Life Crisil IBX Gilt Apr 2028 Index Fund-Direct Growth,Aditya Birla Sun Life Mutual Fund,Open Ended Schemes,Other Scheme - Index Funds,Index,INF209KB11U2
152267,Aditya Birla Sun Life Crisil IBX Gilt Apr 2033 Index Fund-Direct Growth,Aditya Birla Sun Life Mutual Fund,Open Ended Schemes,Other Scheme - Index Funds,Index,INF209KB19Y7
152659,Aditya Birla Sun Life Crisil IBX Gilt June 2027 Index Fund-Direct Growth,Aditya Birla Sun Life Mutual Fund,Open Ended Schemes,Other Scheme - Index Funds,Index,INF209KC1076
150778,Aditya Birla Sun Life Crisil IBX Gilt-Apr-2029 Index Fund-Direct Growth,Aditya Birla Sun Life Mutual Fund,Open Ended Schemes,Other Scheme - Index Funds,Index,INF209KB12O3
150698,Aditya Birla Sun Life Crisil IBX Gilt-April 2026 Index Fund-Direct Growth,Aditya Birla Sun Life Mutual Fund,Open Ended Schemes,Other Scheme - Index Funds,Index,INF209KB10N9
153030,Aditya Birla Sun Life Crisil-IBX AAA Financial Services Index-Sep 2027 Fund-Direct Growth,Aditya Birla Sun Life Mutual Fund,Open Ended Schemes,Other Scheme - Index Funds,Index,INF209KC1290
152947,Aditya Birla Sun Life Crisil-IBX AAA NBFC-HFC Index-Sep 2026 Fund-Direct Growth,Aditya Birla Sun Life Mutual Fund,Open Ended Schemes,Other Scheme - Index Funds,Index,INF209KC1217
153443,Aditya Birla Sun Life Crisil-IBX Financial Services 9-12 Months Debt Index Fund-Direct Growth,Aditya Birla Sun Life Mutual Fund,Open Ended Schemes,Other Scheme - Index Funds,Index,INF209KC1498
153179,Aditya Birla Sun Life Crisil-IBX financial Services 3 to 6 months Debt Index Fund-Direct Growth,Aditya Birla Sun Life Mutual Fund,Open Ended Schemes,Other Scheme - Index Funds,Index,INF209KC1456
120539,Aditya Birla Sun Life Digital India Fund - Growth - Direct Plan,Aditya Birla Sun Life Mutual Fund,Open Ended Schemes,Equity Scheme - Sectoral/ Thematic,Sectoral,INF209K01VF2
132186,Aditya Birla Sun Life Dynamic Asset Allocation Omni FOF- Direct Plan - Growth Option,Aditya Birla Sun Life Mutual Fund,Open Ended Schemes,Other Scheme - FoF Domestic,Fund of Funds,INF084M01EW6
119505,Aditya Birla Sun Life Dynamic Bond Fund - Growth - Direct Plan,Aditya Birla Sun Life Mutual Fund,Open Ended Schemes,Debt Scheme - Dynamic Bond,Dynamic Bond,INF209K01N82
119544,Aditya Birla Sun Life ELSS Tax Saver Fund - Growth - Direct Plan,Aditya Birla Sun Life Mutual Fund,Open Ended Schemes,Equity Scheme - ELSS,ELSS,INF209K01UN8
148637,Aditya Birla Sun Life ESG Integration Strategy Fund-Direct Plan-Growth,Aditya Birla Sun Life Mutual Fund,Open Ended Schemes,Equity Scheme - Sectoral/ Thematic,Sectoral,INF209KB1U76
120517,Aditya Birla Sun Life Equity Hybrid'95 Fund - Direct Plan-Growth,Aditya Birla Sun Life Mutual Fund,Open Ended Schemes,Hybrid Scheme - Aggressive Hybrid Fund,Aggressive Hybrid,INF209K01ZC0
132995,Aditya Birla Sun Life Equity Savings Fund - Direct Plan - Growth,Aditya Birla Sun Life Mutual Fund,Open Ended Schemes,Hybrid Scheme - Equity Savings,Equity Savings,INF209KA1TP9
120564,Aditya Birla Sun Life Flexi Cap Fund - Growth - Direct Plan,Aditya Birla Sun Life Mutual Fund,Open Ended Schemes,Equity Scheme - Flexi Cap Fund,Flexi Cap,INF209K01XX1
122646,Aditya Birla Sun Life Floating Rate Fund-Direct Plan-Growth,Aditya Birla Sun Life Mutual Fund,Open Ended Schemes,Debt Scheme - Floater Fund,Floating Rate,INF209K01UX7
119564,Aditya Birla Sun Life Focused Fund - Growth - Direct Plan,Aditya Birla Sun Life Mutual Fund,Open Ended Schemes,Equity Scheme - Focused Fund,Focused,INF209K01WE3
132140,Aditya Birla Sun Life Global Emerging Opportunities Fund - Direct plan - Growth Option,Aditya Birla Sun Life Mutual Fund,Open Ended Schemes,Other Scheme - FoF Overseas,Fund of Funds,INF084M01EB0
132009,Aditya Birla Sun Life Global Excellence Equity Fund Of Fund - Retail Plan - Direct Plan - Growth Option,Aditya Birla Sun Life Mutual Fund,Open Ended Schemes,Other Scheme - FoF Overseas,Fund of Funds,INF084M01EH7
120546,Aditya Birla Sun Life Gold Fund - Growth - Direct Plan,Aditya Birla Sun Life Mutual Fund,Open Ended Schemes,Other Scheme - FoF Domestic,Fund of Funds,INF209K01YU5
119605,Aditya Birla Sun Life Government Securities Fund - Growth - Direct Plan,Aditya Birla Sun Life Mutual Fund,Open Ended Schemes,Debt Scheme - Gilt Fund,Gilt,INF209K01XP7
119657,Aditya Birla Sun Life Income Fund - Growth - Direct Plan,Aditya Birla Sun Life Mutual Fund,Open Ended Schemes,Debt Scheme - Medium to Long Duration Fund,Long Duration,INF209K01WY1
131898,Aditya Birla Sun Life Income Plus Arbitrage Active FOF- Direct Plan - Growth Option,Aditya Birla Sun Life Mutual Fund,Open Ended Schemes,Other Scheme - FoF Domestic,Fund of Funds,INF084M01DP2
119514,Aditya Birla Sun Life Infrastructure Fund - Growth - Direct Plan,Aditya Birla Sun Life Mutual Fund,Open Ended Schemes,Equity Scheme - Sectoral/ Thematic,Sectoral,INF209K01WH6
119517,Aditya Birla Sun Life International Equity Fund - Growth - Direct Plan,Aditya Birla Sun Life Mutual Fund,Open Ended Schemes,Equity Scheme - Sectoral/ Thematic,Sectoral,INF209K01WS3
119436,Aditya Birla Sun Life Large & Mid Cap Fund - Growth - Direct Plan,Aditya Birla Sun Life Mutual Fund,Open Ended Schemes,Equity Scheme - Large & Mid Cap Fund,Mid Cap,INF209K01VH8
119528,Aditya Birla Sun Life Large Cap Fund - Growth - Direct Plan,Aditya Birla Sun Life Mutual Fund,Open Ended Schemes,Equity Scheme - Large Cap Fund,Large Cap,INF209K01YY7
119568,Aditya Birla Sun Life Liquid Fund - Growth - Direct Plan,Aditya Birla Sun Life Mutual Fund,Open Ended Schemes,Debt Scheme - Liquid Fund,Liquid,INF209K01VA3
150484,Aditya Birla Sun Life Long Duration Fund-Direct Growth,Aditya Birla Sun Life Mutual Fund,Open Ended Schemes,Debt Scheme - Long Duration Fund,Long Duration,INF209KB17J2
119523,Aditya Birla Sun Life Low duration Fund - Growth - Direct Plan,Aditya Birla Sun Life Mutual Fund,Open Ended Schemes,Debt Scheme - Low Duration Fund,Low Duration,INF209K01XU7
119646,Aditya Birla Sun Life MNC Fund - Growth - Direct Plan,Aditya Birla Sun Life Mutual Fund,Open Ended Schemes,Equity Scheme - Sectoral/ Thematic,Sectoral,INF209K01VT3
133516,Aditya Birla Sun Life Manufacturing Equity Fund - Direct Plan - Growth,Aditya Birla Sun Life Mutual Fund,Open Ended Schemes,Equity Scheme - Sectoral/ Thematic,Sectoral,INF209KA1YK0
119539,Aditya Birla Sun Life Medium Term Plan - Growth - Direct Plan,Aditya Birla Sun Life Mutual Fund,Open Ended Schemes,Debt Scheme - Medium Duration Fund,Medium Duration,INF209K01XA9
119620,Aditya Birla Sun Life Midcap Fund - Growth - Direct Plan,Aditya Birla Sun Life Mutual Fund,Open Ended Schemes,Equity Scheme - Mid Cap Fund,Mid Cap,INF209K01Q30
119511,Aditya Birla Sun Life Money Manager Fund - Growth - Direct Plan,Aditya Birla Sun Life Mutual Fund,Open Ended Schemes,Debt Scheme - Money Market Fund,Money Market,INF209K01UU3
151307,Aditya Birla Sun Life Multi Asset Allocation Fund-Direct Growth,Aditya Birla Sun Life Mutual Fund,Open Ended Schemes,Hybrid Scheme - Multi Asset Allocation,Multi Asset,INF209KB15R9
131865,Aditya Birla Sun Life Multi Asset Omni FoF- Direct Plan - Growth Option,Aditya Birla Sun Life Mutual Fund,Open Ended Schemes,Other Scheme - FoF Domestic,Fund of Funds,INF084M01DM9
150688,Aditya Birla Sun Life Multi-Asset Passive FOF-Direct Growth,Aditya Birla Sun Life Mutual Fund,Open Ended Schemes,Other Scheme - FoF Domestic,Fund of Funds,INF209KB15M0
148921,Aditya Birla Sun Life Multi-Cap Fund-Direct Growth,Aditya Birla Sun Life Mutual Fund,Open Ended Schemes,Equity Scheme - Multi Cap Fund,Multi Cap,INF209KB1Y49
148962,Aditya Birla Sun Life Nifty 50 Equal Weight Index Fund-Direct Growth,Aditya Birla Sun Life Mutual Fund,Open Ended Schemes,Index Funds - Equity Funds,Index,INF209KB1Z71
119648,Aditya Birla Sun Life Nifty 50 Index Fund - Growth - Direct Plan,Aditya Birla Sun Life Mutual Fund,Open Ended Schemes,Other Scheme - Index Funds,Index,INF209K01VY3
152798,Aditya Birla Sun Life Nifty India Defence Index Fund-Direct Growth,Aditya Birla Sun Life Mutual Fund,Open Ended Schemes,Index Funds - Equity Funds,Index,INF209KC1183
148807,Aditya Birla Sun Life Nifty Midcap 150 Index Fund-Direct Growth,Aditya Birla Sun Life Mutual Fund,Open Ended Schemes,Index Funds - Equity Funds,Index,INF209KB1W74
149838,Aditya Birla Sun Life Nifty Next 50 Index Fund-Direct Growth,Aditya Birla Sun Life Mutual Fund,Open Ended Schemes,Index Funds - Equity Funds,Index,INF209KB10G3
149794,Aditya Birla Sun Life Nifty SDL Apr 2027 Index Fund-Direct Growth,Aditya Birla Sun Life Mutual Fund,Open Ended Schemes,Other Scheme - Index Funds,Index,INF209KB11F3
149199,Aditya Birla Sun Life Nifty SDL Plus PSU Bond SEP 2026 60:40 Index Fund-Direct Growth,Aditya Birla Sun Life Mutual Fund,Open Ended Schemes,Other Scheme - Index Funds,Index,INF209KB18B7
151562,Aditya Birla Sun Life Nifty SDL SEP 2027 Index Fund-Direct Growth,Aditya Birla Sun Life Mutual Fund,Open Ended Schemes,Other Scheme - Index Funds,Index,INF209KB16T3
150663,Aditya Birla Sun Life Nifty SDL Sep 2025 Index Fund-Direct Growth,Aditya Birla Sun Life Mutual Fund,Open Ended Schemes,Other Scheme - Index Funds,Index,INF209KB10M1
148815,Aditya Birla Sun Life Nifty Smallcap 50 Index Fund-Direct Growth,Aditya Birla Sun Life Mutual Fund,Open Ended Schemes,Index Funds - Equity Funds,Index,INF209KB1W17
147844,Aditya Birla Sun Life PSU Equity Fund-Direct Plan-Growth,Aditya Birla Sun Life Mutual Fund,Open Ended Schemes,Equity Scheme - Sectoral/ Thematic,Sectoral,INF209KB1O82
147409,Aditya Birla Sun Life Pharma and Healthcare Fund-Direct-Growth,Aditya Birla Sun Life Mutual Fund,Open Ended Schemes,Equity Scheme - Sectoral/ Thematic,Sectoral,INF209KB1O25
152684,Aditya Birla Sun Life Quant Fund - Direct Growth,Aditya Birla Sun Life Mutual Fund,Open Ended Schemes,Equity Scheme - Sectoral/ Thematic,Sectoral,INF209KC1118
120705,Aditya Birla Sun Life Regular Savings Fund - Growth / Payment - Direct Plan,Aditya Birla Sun Life Mutual Fund,Open Ended Schemes,Hybrid Scheme - Conservative Hybrid Fund,Conservative Hybrid,INF209K01XH4
146575,Aditya Birla Sun Life Retirement Fund-The 30s Plan-Direct Growth,Aditya Birla Sun Life Mutual Fund,Open Ended Schemes,Solution Oriented Scheme - Retirement Fund,Retirement,INF209KB1I23
146930,Aditya Birla Sun Life Retirement Fund-The 40s Plan-Direct Plan-Growth,Aditya Birla Sun Life Mutual Fund,Open Ended Schemes,Solution Oriented Scheme - Retirement Fund,Retirement,INF209KB1I80
146940,Aditya Birla Sun Life Retirement Fund-The 50s Plan-Direct Plan-Growth,Aditya Birla Sun Life Mutual Fund,Open Ended Schemes,Solution Oriented Scheme - Retirement Fund,Retirement,INF209KB1J48
146943,Aditya Birla Sun Life Retirement Fund-The 50s Plus-Debt Plan-Direct Plan-Growth,Aditya Birla Sun Life Mutual Fund,Open Ended Schemes,Solution Oriented Scheme - Retirement Fund,Retirement,INF209KB1K03
119501,Aditya Birla Sun Life Savings Fund - Growth - Direct Plan,Aditya Birla Sun Life Mutual Fund,Open Ended Schemes,Debt Scheme - Ultra Short Duration Fund,Ultra Short Duration,INF209K01UR9
119498,Aditya Birla Sun Life Short Term Fund - Growth - Direct Plan,Aditya Birla Sun Life Mutual Fund,Open Ended Schemes,Debt Scheme - Short Duration Fund,Short Duration,INF209K01XK8
149780,Aditya Birla Sun Life Silver ETF FOF-Direct Growth,Aditya Birla Sun Life Mutual Fund,Open Ended Schemes,Equity Schemes - Value Fund,Value,INF209KB16F2
119556,Aditya Birla Sun Life Small Cap Fund - Growth - Direct Plan,Aditya Birla Sun Life Mutual Fund,Open Ended Schemes,Equity Scheme - Small Cap Fund,Small Cap,INF209K01WN4
148539,Aditya Birla Sun Life Special Opportunities Fund-Direct-Growth,Aditya Birla Sun Life Mutual Fund,Open Ended Schemes,Equity Scheme - Sectoral/ Thematic,Sectoral,INF209KB1T79
152158,Aditya Birla Sun Life Transportation and Logistics Fund-Direct Growth,Aditya Birla Sun Life Mutual Fund,Open Ended Schemes,Equity Scheme - Sectoral/ Thematic,Sectoral,INF209KB15X7
149291,Aditya Birla Sun Life US Equity Passive FOF-Direct-Growth,Aditya Birla Sun Life Mutual Fund,Open Ended Schemes,Overseas Fund of Funds - Fund of Funds investing overseas,Fund of Funds,INF209KB18C5
152140,Aditya Birla Sun Life US Treasury 1-3 Year Bond ETFs Fund Of Funds-Direct Growth,Aditya Birla Sun Life Mutual Fund,Open Ended Schemes,Other Scheme - FoF Overseas,Fund of Funds,INF209KB16W7
152150,Aditya Birla Sun Life US Treasury 3-10 Year Bond ETFs Fund Of Funds-Direct Growth,Aditya Birla Sun Life Mutual Fund,Open Ended Schemes,Other Scheme - FoF Overseas,Fund of Funds,INF209KB12X4
119659,Aditya Birla Sun Life Value Fund - Growth - Direct Plan,Aditya Birla Sun Life Mutual Fund,Open Ended Schemes,Equity Scheme - Value Fund,Value,INF209K01WQ7
154518,AlphaGrep Flexi Cap Fund - Direct - Growth,AlphaGrep Mutual Fund,Open Ended Schemes,Equity Schemes - Flexi Cap Fund,Flexi Cap,INF2VOA01079
154565,AlphaGrep Liquid Omni FoF- Direct Growth,AlphaGrep Mutual Fund,Open Ended Schemes,Equity Schemes - Value Fund,Value,INF2VOA01137
144394,Axis Aggressive Hybrid Fund - Direct Plan - Growth Option,Axis Mutual Fund,Open Ended Schemes,Hybrid Scheme - Aggressive Hybrid Fund,Aggressive Hybrid,INF846K01E25
130773,Axis Arbitrage Fund - Direct Plan - Growth,Axis Mutual Fund,Open Ended Schemes,Hybrid Scheme - Arbitrage Fund,Arbitrage,INF846K01PZ1
154171,Axis BSE India Sectors Leaders Index Fund- Direct Plan- Growth Option,Axis Mutual Fund,Open Ended Schemes,Other Scheme - Index Funds,Index,INF846KA1424
152422,Axis BSE Sensex Index Fund - Direct Plan - Growth,Axis Mutual Fund,Open Ended Schemes,Other Scheme - Index Funds,Index,INF846K012V6
141642,Axis Balanced Advantage Fund - Direct Plan - Growth,Axis Mutual Fund,Open Ended Schemes,Hybrid Scheme - Dynamic Asset Allocation or Balanced Advantage,Balanced Advantage,INF846K01A29
120438,Axis Banking & PSU Debt Fund - Direct Plan - Growth Option,Axis Mutual Fund,Open Ended Schemes,Debt Scheme - Banking and PSU Fund,Banking & PSU,INF846K01CR6
151368,Axis Business Cycles Fund - Direct Plan - Growth,Axis Mutual Fund,Open Ended Schemes,Equity Scheme - Sectoral/ Thematic,Sectoral,INF846K016N4
151300,Axis CRISIL IBX 50:50 Gilt Plus SDL June 2028 Index Fund - Direct Plan - Growth,Axis Mutual Fund,Open Ended Schemes,Other Scheme - Index Funds,Index,INF846K010N7
149873,Axis CRISIL IBX SDL May 2027 Index Fund - Direct Plan - Growth,Axis Mutual Fund,Open Ended Schemes,Other Scheme - Index Funds,Index,INF846K017G6
153051,Axis CRISIL-IBX AAA Bond Financial Services - Sep 2027 Index Fund - Direct Plan - Growth Option,Axis Mutual Fund,Open Ended Schemes,Other Scheme - Index Funds,Index,INF846K015Y3
152887,Axis CRISIL-IBX AAA Bond NBFC - Jun 2027 Index Fund - Direct Plan - Growth Option,Axis Mutual Fund,Open Ended Schemes,Other Scheme - Index Funds,Index,INF846K017X1
153172,Axis CRISIL-IBX AAA Bond NBFC-HFC - Jun 2027 Index Fund - Direct Plan - Growth option,Axis Mutual Fund,Open Ended Schemes,Other Scheme - Index Funds,Index,INF846KA1028
153879,Axis CRISIL-IBX Financial Services 3-6 Months Debt Index Fund - Direct Plan - Growth option,Axis Mutual Fund,Open Ended Schemes,Other Scheme - Index Funds,Index,INF846KA1226
135762,Axis Children's Fund - Lock in - Direct Growth,Axis Mutual Fund,Open Ended Schemes,Solution Oriented Scheme - Children’s Fund,Children,INF846K01WO1
135764,Axis Children's Fund - No Lock in - Direct Growth,Axis Mutual Fund,Open Ended Schemes,Solution Oriented Scheme - Children’s Fund,Children,INF846K01WR4
120480,Axis Conservative Hybrid Fund - Direct Plan - Growth Option,Axis Mutual Fund,Open Ended Schemes,Hybrid Scheme - Conservative Hybrid Fund,Conservative Hybrid,INF846K01EA8
152805,Axis Consumption Fund Direct Plan - Growth,Axis Mutual Fund,Open Ended Schemes,Equity Scheme - Sectoral/ Thematic,Sectoral,INF846K013X0
141588,Axis Corporate Bond Fund - Direct Plan Growth,Axis Mutual Fund,Open Ended Schemes,Debt Scheme - Corporate Bond Fund,Corporate Bond,INF846K01ZM8
130314,Axis Credit Risk Fund - Direct Plan - Growth,Axis Mutual Fund,Open Ended Schemes,Debt Scheme - Credit Risk Fund,Credit Risk,INF846K01PJ5
120451,Axis Dynamic Bond Fund - Direct Plan - Growth Option,Axis Mutual Fund,Open Ended Schemes,Debt Scheme - Dynamic Bond,Dynamic Bond,INF846K01DI3
120503,Axis ELSS Tax Saver Fund - Direct Plan - Growth Option,Axis Mutual Fund,Open Ended Schemes,Equity Scheme - ELSS,ELSS,INF846K01EW2
147928,Axis ESG Integration Strategy Fund - Direct Plan - Growth Option,Axis Mutual Fund,Open Ended Schemes,Equity Scheme - Sectoral/ Thematic,Sectoral,INF846K01W23
135120,Axis Equity Savings Fund - Direct Plan - Growth,Axis Mutual Fund,Open Ended Schemes,Hybrid Scheme - Equity Savings,Equity Savings,INF846K01VJ3
141925,Axis Flexi Cap Fund - Direct Plan - Growth,Axis Mutual Fund,Open Ended Schemes,Equity Scheme - Flexi Cap Fund,Flexi Cap,INF846K01B28
149049,Axis Floater Fund - Direct Plan - Growth,Axis Mutual Fund,Open Ended Schemes,Debt Scheme - Floater Fund,Floating Rate,INF846K014A6
120468,Axis Focused Fund - Direct Plan - Growth Option,Axis Mutual Fund,Open Ended Schemes,Equity Scheme - Focused Fund,Focused,INF846K01CQ8
120447,Axis Gilt Fund - Direct Plan - Growth Option,Axis Mutual Fund,Open Ended Schemes,Debt Scheme - Gilt Fund,Gilt,INF846K01DD4
148485,Axis Global Equity Alpha Fund of Fund - Direct Plan - Growth Option,Axis Mutual Fund,Open Ended Schemes,Other Scheme - FoF Overseas,Fund of Funds,INF846K01X06
148954,Axis Global Innovation Fund of Fund - Direct Plan - Growth,Axis Mutual Fund,Open Ended Schemes,Other Scheme - FoF Overseas,Fund of Funds,INF846K01Z20
120473,Axis Gold Fund - Direct Plan - Growth option,Axis Mutual Fund,Open Ended Schemes,Other Scheme - FoF Domestic,Fund of Funds,INF846K01DS2
154078,Axis Gold and Silver Passive FOF - Direct Plan - Growth,Axis Mutual Fund,Open Ended Schemes,Other Scheme - FoF Domestic,Fund of Funds,INF846KA1408
148699,Axis Greater China Equity Fund of Fund - Direct Plan - Growth Option,Axis Mutual Fund,Open Ended Schemes,Other Scheme - FoF Overseas,Fund of Funds,INF846K01Y39
147889,Axis Income Plus Arbitrage Omni FOF - Direct Plan - Growth Option,Axis Mutual Fund,Open Ended Schemes,Equity Schemes - Value Fund,Value,INF846K01U09
153924,Axis Income Plus Arbitrage Passive FOF - Direct Plan - Growth Option,Axis Mutual Fund,Open Ended Schemes,Other Scheme - FoF Domestic,Fund of Funds,INF846KA1283
152202,Axis India Manufacturing Fund - Direct Plan - Growth,Axis Mutual Fund,Open Ended Schemes,Equity Scheme - Sectoral/ Thematic,Sectoral,INF846K016S3
148634,Axis Innovation Fund - Direct Plan - Growth Option,Axis Mutual Fund,Open Ended Schemes,Equity Scheme - Sectoral/ Thematic,Sectoral,INF846K01X71
145110,Axis Large & Mid Cap Fund - Direct Plan - Growth,Axis Mutual Fund,Open Ended Schemes,Equity Scheme - Large & Mid Cap Fund,Mid Cap,INF846K01J46
120465,Axis Large Cap Fund - Direct Plan - Growth,Axis Mutual Fund,Open Ended Schemes,Equity Scheme - Large Cap Fund,Large Cap,INF846K01DP8
120389,Axis Liquid Fund - Direct Plan - Growth Option,Axis Mutual Fund,Open Ended Schemes,Debt Scheme - Liquid Fund,Liquid,INF846K01CX4
151179,Axis Long Duration Fund - Direct Plan - Growth,Axis Mutual Fund,Open Ended Schemes,Debt Scheme - Long Duration Fund,Long Duration,INF846K014L3
120505,Axis Midcap Fund - Direct Plan - Growth,Axis Mutual Fund,Open Ended Schemes,Equity Scheme - Mid Cap Fund,Mid Cap,INF846K01EH3
153083,Axis Momentum Fund - Direct Plan - Growth Option,Axis Mutual Fund,Open Ended Schemes,Equity Scheme - Sectoral/ Thematic,Sectoral,INF846K011Z9
147567,Axis Money Market Fund - Direct Plan - Growth Option,Axis Mutual Fund,Open Ended Schemes,Debt Scheme - Money Market Fund,Money Market,INF846K01Q62
120524,Axis Multi Asset Allocation Fund - Direct Plan - Growth Option,Axis Mutual Fund,Open Ended Schemes,Hybrid Scheme - Multi Asset Allocation,Multi Asset,INF846K01EV4
149847,Axis Multi Factor Passive FoF - Direct Plan - Growth Option,Axis Mutual Fund,Open Ended Schemes,Other Scheme - FoF Domestic,Fund of Funds,INF846K011G9
153960,Axis Multi-Asset Omni FoF - Direct Plan - Growth,Axis Mutual Fund,Open Ended Schemes,Equity Schemes - Value Fund,Value,INF846KA1366
149383,Axis Multicap Fund - Direct Growth,Axis Mutual Fund,Open Ended Schemes,Equity Scheme - Multi Cap Fund,Multi Cap,INF846K013E0
150751,Axis NASDAQ 100 US Specific Equity Passive FOF - Direct Plan - Growth,Axis Mutual Fund,Open Ended Schemes,Other Scheme - FoF Overseas,Fund of Funds,INF846K012K9
147666,Axis Nifty 100 Index Fund - Direct Plan - Growth Option,Axis Mutual Fund,Open Ended Schemes,Other Scheme - Index Funds,Index,INF846K01S29
149373,Axis Nifty 50 Index Fund - Direct Plan - Growth,Axis Mutual Fund,Open Ended Schemes,Other Scheme - Index Funds,Index,INF846K013D2
152731,Axis Nifty 500 Index Fund - Direct Plan - Growth Option,Axis Mutual Fund,Open Ended Schemes,Other Scheme - Index Funds,Index,INF846K019W9
152629,Axis Nifty Bank Index Fund - Direct Plan - Growth Option,Axis Mutual Fund,Open Ended Schemes,Other Scheme - Index Funds,Index,INF846K015W7
151785,Axis Nifty IT Index Fund - Direct Plan - Growth,Axis Mutual Fund,Open Ended Schemes,Other Scheme - Index Funds,Index,INF846K017R3
154326,Axis Nifty India Defence Index Fund - Direct Plan - Growth,Axis Mutual Fund,Open Ended Schemes,Other Scheme - Index Funds,Index,INF846KA1523
149936,Axis Nifty Midcap 50 Index Fund - Direct Plan - Growth Option,Axis Mutual Fund,Open Ended Schemes,Other Scheme - Index Funds,Index,INF846K019H0
149466,Axis Nifty Next 50 Index Fund - Direct Plan - Growth,Axis Mutual Fund,Open Ended Schemes,Other Scheme - Index Funds,Index,INF846K019E7
150854,Axis Nifty SDL September 2026 Debt Index Fund - Direct Plan - Growth,Axis Mutual Fund,Open Ended Schemes,Other Scheme - Index Funds,Index,INF846K018K6
149894,Axis Nifty Smallcap 50 Index Fund - Direct Plan - Growth Option,Axis Mutual Fund,Open Ended Schemes,Other Scheme - Index Funds,Index,INF846K013H3
154460,Axis Nifty50 Equal Weight Index Fund-Direct Plan- Growth Option,Axis Mutual Fund,Open Ended Schemes,Other Scheme - Index Funds,Index,INF846KA1564
153244,Axis Nifty500 Momentum 50 Index Fund - Direct Plan - Growth Option,Axis Mutual Fund,Open Ended Schemes,Other Scheme - Index Funds,Index,INF846KA1044
153829,Axis Nifty500 Quality 50 Index Fund - Direct Plan - Growth Option,Axis Mutual Fund,Open Ended Schemes,Other Scheme - Index Funds,Index,INF846KA1200
152949,Axis Nifty500 Value 50 Index Fund - Direct Plan - Growth Option,Axis Mutual Fund,Open Ended Schemes,Other Scheme - Index Funds,Index,INF846K013Y8
146675,Axis Overnight Fund - Direct Plan - Growth Option,Axis Mutual Fund,Open Ended Schemes,Debt Scheme - Overnight Fund,Overnight,INF846K01N65
148993,Axis Quant Fund - Direct Plan - Growth,Axis Mutual Fund,Open Ended Schemes,Equity Scheme - Sectoral/ Thematic,Sectoral,INF846K01Z87
147825,Axis Retirement Fund - Aggressive Plan - Direct Growth,Axis Mutual Fund,Open Ended Schemes,Solution Oriented Scheme - Retirement Fund,Retirement,INF846K01S86
147830,Axis Retirement Fund - Conservative Plan - Direct Growth,Axis Mutual Fund,Open Ended Schemes,Solution Oriented Scheme - Retirement Fund,Retirement,INF846K01T69
147826,Axis Retirement Fund - Dynamic Plan - Direct Growth,Axis Mutual Fund,Open Ended Schemes,Solution Oriented Scheme - Retirement Fund,Retirement,INF846K01T28
153624,Axis Services Opportunities Fund - Direct Plan - Growth Option,Axis Mutual Fund,Open Ended Schemes,Equity Scheme - Sectoral/ Thematic,Sectoral,INF846KA1168
120510,Axis Short Duration Fund - Direct Plan - Growth Option,Axis Mutual Fund,Open Ended Schemes,Debt Scheme - Short Duration Fund,Short Duration,INF846K01EI1
150615,Axis Silver Fund of Fund- Direct Plan-Growth Option,Axis Mutual Fund,Open Ended Schemes,Other Scheme - FoF Domestic,Fund of Funds,INF846K015J4
125354,Axis Small Cap Fund - Direct Plan - Growth,Axis Mutual Fund,Open Ended Schemes,Equity Scheme - Small Cap Fund,Small Cap,INF846K01K35
120475,Axis Strategic Bond Fund - Direct Plan - Growth Option,Axis Mutual Fund,Open Ended Schemes,Debt Scheme - Medium Duration Fund,Medium Duration,INF846K01DT0
120513,Axis Treasury Advantage Fund - Direct Plan - Growth Option,Axis Mutual Fund,Open Ended Schemes,Debt Scheme - Low Duration Fund,Low Duration,INF846K01EN1
152240,Axis US Specific Treasury Dynamic Debt Passive FOF - Direct Plan - Growth Option,Axis Mutual Fund,Open Ended Schemes,Other Scheme - FoF Overseas,Fund of Funds,INF846K017T9
144754,Axis Ultra Short Duration Fund - Direct Plan Growth,Axis Mutual Fund,Open Ended Schemes,Debt Scheme - Ultra Short Duration Fund,Ultra Short Duration,INF846K01F40
149166,Axis Value Fund - Direct Plan - Growth,Axis Mutual Fund,Open Ended Schemes,Equity Scheme - Value Fund,Value,INF846K010C0
153075,BAJAJ FINSERV CONSUMPTION FUND - DIRECT - GROWTH,Bajaj Finserv Mutual Fund,Open Ended Schemes,Equity Scheme - Sectoral/ Thematic,Sectoral,INF0QA701946
153201,BAJAJ FINSERV ELSS TAX SAVER FUND - DIRECT - GROWTH,Bajaj Finserv Mutual Fund,Open Ended Schemes,Equity Scheme - ELSS,ELSS,INF0QA701AK0
153758,BAJAJ FINSERV EQUITY SAVINGS FUND - DIRECT - GROWTH,Bajaj Finserv Mutual Fund,Open Ended Schemes,Hybrid Scheme - Equity Savings,Equity Savings,INF0QA701BT9
153157,BAJAJ FINSERV HEALTHCARE FUND - DIRECT - GROWTH,Bajaj Finserv Mutual Fund,Open Ended Schemes,Equity Scheme - Sectoral/ Thematic,Sectoral,INF0QA701AB9
152783,BAJAJ FINSERV LARGE CAP FUND - DIRECT PLAN - GROWTH,Bajaj Finserv Mutual Fund,Open Ended Schemes,Equity Scheme - Large Cap Fund,Large Cap,INF0QA701896
153309,BAJAJ FINSERV MULTI CAP FUND - DIRECT - GROWTH,Bajaj Finserv Mutual Fund,Open Ended Schemes,Equity Scheme - Multi Cap Fund,Multi Cap,INF0QA701AV7
153612,BAJAJ FINSERV SMALL CAP FUND - DIRECT - GROWTH,Bajaj Finserv Mutual Fund,Open Ended Schemes,Equity Scheme - Small Cap Fund,Small Cap,INF0QA701BN2
118474,BANDHAN Arbitrage Fund-Direct Plan- Growth,Bandhan Mutual Fund,Open Ended Schemes,Hybrid Scheme - Arbitrage Fund,Arbitrage,INF194K01Y60
131355,BANDHAN Balanced Advantage Fund Direct Plan Growth,Bandhan Mutual Fund,Open Ended Schemes,Hybrid Scheme - Dynamic Asset Allocation or Balanced Advantage,Balanced Advantage,INF194KA1UH1
150868,BANDHAN CRISIL IBX 90:10 SDL PLUS GILT - NOV 2026 INDEX FUND - DIRECT GROWTH,Bandhan Mutual Fund,Open Ended Schemes,Other Scheme - Index Funds,Index,INF194KB1ET9
150888,BANDHAN CRISIL IBX 90:10 SDL PLUS GILT - SEP27 INDEX FUND - DIRECT GROWTH,Bandhan Mutual Fund,Open Ended Schemes,Other Scheme - Index Funds,Index,INF194KB1EZ6
150871,BANDHAN CRISIL IBX 90:10 SDL PLUS GILT APRIL 2032 INDEX FUND - DIRECT GROWTH,Bandhan Mutual Fund,Open Ended Schemes,Other Scheme - Index Funds,Index,INF194KB1EN2
150746,BANDHAN CRISIL IBX GILT APRIL 2026 INDEX FUND - DIRECT PLAN - GROWTH,Bandhan Mutual Fund,Open Ended Schemes,Other Scheme - Index Funds,Index,INF194KB1EH4
151408,BANDHAN CRISIL IBX GILT APRIL 2032 INDEX FUND - DIRECT GROWTH,Bandhan Mutual Fund,Open Ended Schemes,Other Scheme - Index Funds,Index,INF194KB1FF5
148792,BANDHAN CRISIL IBX Gilt April 2028 Index Fund Direct Plan-Growth,Bandhan Mutual Fund,Open Ended Schemes,Other Scheme - Index Funds,Index,INF194KB1BV1
148789,BANDHAN CRISIL IBX Gilt June 2027 Index Fund Direct Plan-Growth,Bandhan Mutual Fund,Open Ended Schemes,Other Scheme - Index Funds,Index,INF194KB1BP3
118491,BANDHAN Conservative Hybrid Fund-Direct Plan-Growth,Bandhan Mutual Fund,Open Ended Schemes,Hybrid Scheme - Conservative Hybrid Fund,Conservative Hybrid,INF194K015B9
135916,BANDHAN Corporate Bond Fund - Direct Growth,Bandhan Mutual Fund,Open Ended Schemes,Debt Scheme - Corporate Bond Fund,Corporate Bond,INF194KA1M23
140603,BANDHAN Credit Risk Fund-Direct Plan-Growth,Bandhan Mutual Fund,Open Ended Schemes,Debt Scheme - Credit Risk Fund,Credit Risk,INF194KA1X61
118416,BANDHAN Dynamic Bond Fund-Direct Plan-Growth,Bandhan Mutual Fund,Open Ended Schemes,Debt Scheme - Dynamic Bond,Dynamic Bond,INF194K01N63
118473,BANDHAN ELSS Tax Saver Fund - Direct Plan - Growth,Bandhan Mutual Fund,Open Ended Schemes,Equity Scheme - ELSS,ELSS,INF194K01Y29
118477,BANDHAN Equity Savings Fund-Direct Plan-Growth,Bandhan Mutual Fund,Open Ended Schemes,Hybrid Scheme - Equity Savings,Equity Savings,INF194K01Z02
151816,BANDHAN FINANCIAL SERVICES FUND - DIRECT PLAN - GROWTH,Bandhan Mutual Fund,Open Ended Schemes,Equity Scheme - Sectoral/ Thematic,Sectoral,INF194KB1GB2
148711,BANDHAN FLOATER FUND  - DIRECT PLAN GROWTH,Bandhan Mutual Fund,Open Ended Schemes,Debt Scheme - Floater Fund,Floating Rate,INF194KB1BA5
118424,BANDHAN Flexi Cap Fund-Direct Plan-Growth,Bandhan Mutual Fund,Open Ended Schemes,Equity Scheme - Flexi Cap Fund,Flexi Cap,INF194K01W62
118469,BANDHAN Infrastructure Fund-Direct Plan-Growth,Bandhan Mutual Fund,Open Ended Schemes,Equity Scheme - Sectoral/ Thematic,Sectoral,INF194K01X46
118364,BANDHAN LIQUID Fund -Direct Plan-Growth,Bandhan Mutual Fund,Open Ended Schemes,Debt Scheme - Liquid Fund,Liquid,INF194K01I60
118479,BANDHAN Large Cap Fund-Direct Plan-Growth,Bandhan Mutual Fund,Open Ended Schemes,Equity Scheme - Large Cap Fund,Large Cap,INF194K01Z44
118371,BANDHAN Low Duration Fund-Direct Plan-Growth,Bandhan Mutual Fund,Open Ended Schemes,Debt Scheme - Low Duration Fund,Low Duration,INF194K01J77
150404,BANDHAN MIDCAP FUND - GROWTH - DIRECT PLAN,Bandhan Mutual Fund,Open Ended Schemes,Equity Scheme - Mid Cap Fund,Mid Cap,INF194KB1DJ2
149303,BANDHAN MULTI CAP FUND - GROWTH - DIRECT PLAN,Bandhan Mutual Fund,Open Ended Schemes,Equity Scheme - Multi Cap Fund,Multi Cap,INF194KB1CL0
149832,BANDHAN NIFTY 100 INDEX FUND - DIRECT PLAN - GROWTH,Bandhan Mutual Fund,Open Ended Schemes,Other Scheme - Index Funds,Index,INF194KB1CR7
150636,BANDHAN NIFTY100 LOW VOLATILITY 30 INDEX FUND - GROWTH - DIRECT PLAN,Bandhan Mutual Fund,Open Ended Schemes,Other Scheme - Index Funds,Index,INF194KB1DV7
150591,BANDHAN NIFTY200 MOMENTUM 30 INDEX FUND - GROWTH - DIRECT PLAN,Bandhan Mutual Fund,Open Ended Schemes,Other Scheme - Index Funds,Index,INF194KB1DP9
118482,BANDHAN Nifty 50 Index Fund-Direct Plan-Growth,Bandhan Mutual Fund,Open Ended Schemes,Other Scheme - Index Funds,Index,INF194K012A8
152264,BANDHAN Nifty Smallcap 250 Index Fund - Direct Plan - Growth,Bandhan Mutual Fund,Open Ended Schemes,Other Scheme - Index Funds,Index,INF194KB1HG9
146191,BANDHAN Overnight Fund - Direct Plan - Growth,Bandhan Mutual Fund,Open Ended Schemes,Debt Scheme - Overnight Fund,Overnight,INF194KB1447
147946,BANDHAN SMALL CAP FUND - DIRECT PLAN GROWTH,Bandhan Mutual Fund,Open Ended Schemes,Equity Scheme - Small Cap Fund,Small Cap,INF194KB1AL4
150716,BANDHAN TRANSPORTATION AND LOGISTICS FUND - GROWTH - DIRECT PLAN,Bandhan Mutual Fund,Open Ended Schemes,Equity Scheme - Sectoral/ Thematic,Sectoral,INF194KB1EB7
144173,BANDHAN ULTRA SHORT DURATION FUND - DIRECT PLAN GROWTH,Bandhan Mutual Fund,Open Ended Schemes,Debt Scheme - Ultra Short Duration Fund,Ultra Short Duration,INF194KA16R3
143614,BANK OF INDIA Arbitrage Fund Direct Plan Growth,Bank of India Mutual Fund,Open Ended Schemes,Hybrid Scheme - Arbitrage Fund,Arbitrage,INF761K01ED3
127850,BANK OF INDIA BALANCED ADVANTAGE FUND DIRECT PLAN  GROWTH,Bank of India Mutual Fund,Open Ended Schemes,Hybrid Scheme - Dynamic Asset Allocation or Balanced Advantage,Balanced Advantage,INF761K01BO6
119393,BANK OF INDIA Conservative Hybrid Fund Fund-Direct Plan-Growth,Bank of India Mutual Fund,Open Ended Schemes,Debt Scheme - Medium to Long Duration Fund,Long Duration,INF761K01819
119351,BANK OF INDIA ELSS Tax Saver -Direct Plan- Growth,Bank of India Mutual Fund,Open Ended Schemes,Equity Scheme - ELSS,ELSS,INF761K01884
148404,BANK OF INDIA Flexi Cap Fund Direct Plan -Growth,Bank of India Mutual Fund,Open Ended Schemes,Equity Scheme - Flexi Cap Fund,Flexi Cap,INF761K01FF5
119350,BANK OF INDIA Large & Mid Cap Fund Direct Plan-Growth,Bank of India Mutual Fund,Open Ended Schemes,Equity Scheme - Large & Mid Cap Fund,Mid Cap,INF761K01652
148980,BANK OF INDIA Large Cap Fund Direct Plan Growth,Bank of India Mutual Fund,Open Ended Schemes,Equity Scheme - Large Cap Fund,Large Cap,INF761K01FL3
119369,BANK OF INDIA Liquid Fund- Direct Plan- Growth,Bank of India Mutual Fund,Open Ended Schemes,Debt Scheme - Liquid Fund,Liquid,INF761K01785
139527,BANK OF INDIA MID & SMALL CAP EQUITY & DEBT FUND - DIRECT PLAN GROWTH,Bank of India Mutual Fund,Open Ended Schemes,Hybrid Scheme - Aggressive Hybrid Fund,Aggressive Hybrid,INF761K01DM6
119364,BANK OF INDIA Manufacturing & Infrastructure Fund-Direct Plan-Growth,Bank of India Mutual Fund,Open Ended Schemes,Equity Scheme - Sectoral/ Thematic,Sectoral,INF761K01702
147951,BANK OF INDIA Overnight Fund Direct Plan Growth,Bank of India Mutual Fund,Open Ended Schemes,Debt Scheme - Overnight Fund,Overnight,INF761K01EU7
119382,BANK OF INDIA Short Term Income Fund-Direct Plan- Growth,Bank of India Mutual Fund,Open Ended Schemes,Debt Scheme - Short Duration Fund,Short Duration,INF761K01736
145678,BANK OF INDIA Small Cap Fund Direct Plan Growth,Bank of India Mutual Fund,Open Ended Schemes,Equity Scheme - Small Cap Fund,Small Cap,INF761K01EP7
119379,BANK OF INDIA Ultra Short Duration Fund- Direct Plan- Growth,Bank of India Mutual Fund,Open Ended Schemes,Debt Scheme - Ultra Short Duration Fund,Ultra Short Duration,INF761K01892
150251,BARODA BNP PARIBAS ARBITRAGE FUND-DIRECT PLAN-GROWTH OPTION,Baroda BNP Paribas Mutual Fund,Open Ended Schemes,Hybrid Scheme - Arbitrage Fund,Arbitrage,INF251K01OT0
150206,BARODA BNP PARIBAS Conservative Hybrid Fund - Direct Plan - Growth Option,Baroda BNP Paribas Mutual Fund,Open Ended Schemes,Hybrid Scheme - Conservative Hybrid Fund,Conservative Hybrid,INF251K01HR8
150237,BARODA BNP PARIBAS Corporate Bond Fund - Direct Plan - Growth Option,Baroda BNP Paribas Mutual Fund,Open Ended Schemes,Debt Scheme - Corporate Bond Fund,Corporate Bond,INF251K01GP4
150159,BARODA BNP PARIBAS ELSS Tax Saver Fund - Direct Plan - Growth Option,Baroda BNP Paribas Mutual Fund,Open Ended Schemes,Equity Scheme - ELSS,ELSS,INF251K01HF3
150264,BARODA BNP PARIBAS Focused Fund - Direct Plan - Growth Option,Baroda BNP Paribas Mutual Fund,Open Ended Schemes,Equity Scheme - Focused Fund,Focused,INF251K01PN0
150266,BARODA BNP PARIBAS India Consumption Fund - Direct Plan - Growth Option,Baroda BNP Paribas Mutual Fund,Open Ended Schemes,Equity Scheme - Sectoral/ Thematic,Sectoral,INF251K01PT7
150187,BARODA BNP PARIBAS LARGE CAP Fund - Direct Plan - Growth Option,Baroda BNP Paribas Mutual Fund,Open Ended Schemes,Equity Scheme - Large Cap Fund,Large Cap,INF251K01HN7
150169,BARODA BNP PARIBAS LOW DURATION Fund - Direct Plan - Growth Option,Baroda BNP Paribas Mutual Fund,Open Ended Schemes,Debt Scheme - Low Duration Fund,Low Duration,INF251K01GJ7
150212,BARODA BNP PARIBAS Mid Cap Fund - Direct Plan - Growth Option,Baroda BNP Paribas Mutual Fund,Open Ended Schemes,Equity Scheme - Mid Cap Fund,Mid Cap,INF251K01HQ0
149401,BHARAT Bond ETF FOF - April 2032 Direct Growth,Edelweiss Mutual Fund,Open Ended Schemes,Other Scheme - FoF Domestic,Fund of Funds,INF754K01NY5
150989,BHARAT Bond ETF FOF - April 2033 - Direct Plan - Growth,Edelweiss Mutual Fund,Open Ended Schemes,Other Scheme - FoF Domestic,Fund of Funds,INF754K01RC2
148446,BHARAT Bond FOF- April 2025- Direct Pan- Growth Option,Edelweiss Mutual Fund,Open Ended Schemes,Other Scheme - FoF Domestic,Fund of Funds,INF754K01LI2
148450,BHARAT Bond FOF- April 2031- Direct Plan- Growth Option,Edelweiss Mutual Fund,Open Ended Schemes,Other Scheme - FoF Domestic,Fund of Funds,INF754K01LO0
152077,Bajaj Finserv Arbitrage Fund-Direct Plan-Growth,Bajaj Finserv Mutual Fund,Open Ended Schemes,Hybrid Scheme - Arbitrage Fund,Arbitrage,INF0QA701524
152194,Bajaj Finserv Balanced Advantage Fund-Direct Plan-Growth,Bajaj Finserv Mutual Fund,Open Ended Schemes,Hybrid Scheme - Dynamic Asset Allocation or Balanced Advantage,Balanced Advantage,INF0QA701656
153937,Bajaj Finserv Banking and Financial Services Fund - Direct - Growth,Bajaj Finserv Mutual Fund,Open Ended Schemes,Equity Scheme - Sectoral/ Thematic,Sectoral,INF0QA701BZ6
152162,Bajaj Finserv Banking and PSU Fund-Direct Plan- Growth,Bajaj Finserv Mutual Fund,Open Ended Schemes,Debt Scheme - Banking and PSU Fund,Banking & PSU,INF0QA701607
151895,Bajaj Finserv Flexi Cap Fund-Direct Plan-Growth,Bajaj Finserv Mutual Fund,Open Ended Schemes,Equity Scheme - Flexi Cap Fund,Flexi Cap,INF0QA701342
153206,Bajaj Finserv Gilt Fund - Direct - Growth,Bajaj Finserv Mutual Fund,Open Ended Schemes,Debt Scheme - Gilt Fund,Gilt,INF0QA701AP9
152408,Bajaj Finserv Large and Mid Cap Fund- Direct Plan- Growth,Bajaj Finserv Mutual Fund,Open Ended Schemes,Equity Scheme - Large & Mid Cap Fund,Mid Cap,INF0QA701763
151833,Bajaj Finserv Liquid Fund - Direct Plan - Growth,Bajaj Finserv Mutual Fund,Open Ended Schemes,Debt Scheme - Liquid Fund,Liquid,INF0QA701011
154204,Bajaj Finserv Low Duration Fund - Direct - Growth,Bajaj Finserv Mutual Fund,Open Ended Schemes,Debt Scheme - Low Duration Fund,Low Duration,INF0QA701CF6
151889,Bajaj Finserv Money Market Fund-Direct Plan-Growth,Bajaj Finserv Mutual Fund,Open Ended Schemes,Income/Debt Oriented Schemes - Money Market Fund,Money Market,INF0QA701334
152639,Bajaj Finserv Multi Asset Allocation Fund - Direct Growth,Bajaj Finserv Mutual Fund,Open Ended Schemes,Hybrid Scheme - Multi Asset Allocation,Multi Asset,INF0QA701821
153506,Bajaj Finserv Nifty 50 Index Fund - Direct - Growth,Bajaj Finserv Mutual Fund,Open Ended Schemes,Other Scheme - Index Funds,Index,INF0QA701BA9
153479,Bajaj Finserv Nifty Next 50 Index Fund - Direct - Growth,Bajaj Finserv Mutual Fund,Open Ended Schemes,Other Scheme - Index Funds,Index,INF0QA701BG6
151849,Bajaj Finserv Overnight Fund - Direct Plan - Growth,Bajaj Finserv Mutual Fund,Open Ended Schemes,Debt Scheme - Overnight Fund,Overnight,INF0QA701177
140382,Bandhan Aggressive Hybrid Fund-Direct Plan Growth,Bandhan Mutual Fund,Open Ended Schemes,Hybrid Scheme - Aggressive Hybrid Fund,Aggressive Hybrid,INF194KA1U56
118485,Bandhan Aggressive Hybrid Passive FOF - Direct Plan - Growth,Bandhan Mutual Fund,Open Ended Schemes,Other Scheme - FoF Domestic,Fund of Funds,INF194K012B6
152844,Bandhan BSE Healthcare Index Fund Direct Plan - Growth,Bandhan Mutual Fund,Open Ended Schemes,Other Scheme - Index Funds,Index,INF194KB1IS2
153838,Bandhan BSE India Sector Leaders Index Fund - Direct Plan - Growth,Bandhan Mutual Fund,Open Ended Schemes,Other Scheme - Index Funds,Index,INF194KB1KB4
121279,Bandhan Banking and PSU Fund - Direct Growth,Bandhan Mutual Fund,Open Ended Schemes,Debt Scheme - Banking and PSU Fund,Banking & PSU,INF194K015G8
152878,Bandhan Business Cycle Fund - Direct Plan - Growth,Bandhan Mutual Fund,Open Ended Schemes,Equity Scheme - Sectoral/ Thematic,Sectoral,INF194KB1IQ6
153389,Bandhan CRISIL-IBX 10:90 Gilt Plus SDL Index - Dec 2029 Fund-Direct Plan-Growth,Bandhan Mutual Fund,Open Ended Schemes,Other Scheme - Index Funds,Index,INF194KB1JL5
153407,Bandhan CRISIL-IBX Financial Services 3-6 Months Debt Index Fund - Direct Plan - Growth,Bandhan Mutual Fund,Open Ended Schemes,Other Scheme - Index Funds,Index,INF194KB1JR2
118486,Bandhan Conservative Hybrid Passive FOF - Direct Plan - Growth,Bandhan Mutual Fund,Open Ended Schemes,Other Scheme - FoF Domestic,Fund of Funds,INF194K016A9
118421,Bandhan Focused Fund - Direct Plan - Growth,Bandhan Mutual Fund,Open Ended Schemes,Equity Scheme - Focused Fund,Focused,INF194K01W21
118464,Bandhan Gilt Fund - Direct Plan - Growth,Bandhan Mutual Fund,Open Ended Schemes,Debt Scheme - Gilt Fund,Gilt,INF194K01Q29
118387,Bandhan Gilt Fund with 10 year constant duration Fund - Direct Plan - Growth,Bandhan Mutual Fund,Open Ended Schemes,Debt Scheme - Gilt Fund with 10 year constant duration,Gilt,INF194K01P38
154129,Bandhan Gold ETF FOF-Direct-Growth,Bandhan Mutual Fund,Open Ended Schemes,Other Scheme - FoF Domestic,Fund of Funds,INF194KB1KL3
153972,Bandhan Healthcare Fund - Direct Plan - Growth,Bandhan Mutual Fund,Open Ended Schemes,Equity Scheme - Sectoral/ Thematic,Sectoral,INF194KB1KF5
118410,Bandhan Income Plus Arbitrage Active FOF - Direct Plan - Growth,Bandhan Mutual Fund,Open Ended Schemes,Other Scheme - FoF Domestic,Fund of Funds,INF194K01U72
152607,Bandhan Innovation Fund - Direct Plan - Growth,Bandhan Mutual Fund,Open Ended Schemes,Equity Scheme - Sectoral/ Thematic,Sectoral,INF194KB1IE2
118419,Bandhan Large & Mid Cap Fund - Direct Plan - Growth,Bandhan Mutual Fund,Open Ended Schemes,Equity Scheme - Large & Mid Cap Fund,Mid Cap,INF194K01V89
152520,Bandhan Long Duration Fund - Direct Plan - Growth,Bandhan Mutual Fund,Open Ended Schemes,Debt Scheme - Long Duration Fund,Long Duration,INF194KB1HY2
118401,Bandhan Medium Duration Fund - Direct Plan - Growth,Bandhan Mutual Fund,Open Ended Schemes,Debt Scheme - Medium Duration Fund,Medium Duration,INF194K01S50
118394,Bandhan Medium to Long Duration Fund - Direct Plan - Growth,Bandhan Mutual Fund,Open Ended Schemes,Debt Scheme - Medium to Long Duration Fund,Long Duration,INF194K01R51
118384,Bandhan Money Market Fund -Direct Plan-Growth,Bandhan Mutual Fund,Open Ended Schemes,Debt Scheme - Money Market Fund,Money Market,INF194K01M80
152324,Bandhan Multi Asset Allocation Fund - Direct Plan - Growth,Bandhan Mutual Fund,Open Ended Schemes,Hybrid Scheme - Multi Asset Allocation,Multi Asset,INF194KB1HM7
118489,Bandhan Multi-Asset Passive FOF - Direct Plan - Growth,Bandhan Mutual Fund,Open Ended Schemes,Other Scheme - FoF Domestic,Fund of Funds,INF194K019A3
153722,Bandhan Multi-Factor Fund - Direct Plan - Growth,Bandhan Mutual Fund,Open Ended Schemes,Equity Scheme - Sectoral/ Thematic,Sectoral,INF194KB1JX0
153114,Bandhan Nifty 200 Quality 30 Index Fund - Direct Plan - Growth,Bandhan Mutual Fund,Open Ended Schemes,Other Scheme - Index Funds,Index,INF194KB1JA8
153003,Bandhan Nifty 500 Momentum 50 Index Fund Direct Plan-Growth,Bandhan Mutual Fund,Open Ended Schemes,Other Scheme - Index Funds,Index,INF194KB1IY0
152990,Bandhan Nifty 500 Value 50 Index Fund Direct Plan - Growth,Bandhan Mutual Fund,Open Ended Schemes,Other Scheme - Index Funds,Index,INF194KB1IW4
152177,Bandhan Nifty Alpha 50 Index Fund - Direct Plan - Growth,Bandhan Mutual Fund,Open Ended Schemes,Other Scheme - Index Funds,Index,INF194KB1HA2
153213,Bandhan Nifty Alpha Low Volatility 30 Index Fund - Direct Plan - Growth,Bandhan Mutual Fund,Open Ended Schemes,Other Scheme - Index Funds,Index,INF194KB1JC4
152793,Bandhan Nifty Bank Index Fund - Direct Plan - Growth,Bandhan Mutual Fund,Open Ended Schemes,Other Scheme - Index Funds,Index,INF194KB1IO1
152041,Bandhan Nifty IT Index Fund - Direct Plan - Growth,Bandhan Mutual Fund,Open Ended Schemes,Other Scheme - Index Funds,Index,INF194KB1GK3
152855,Bandhan Nifty Midcap 150 Index Fund-Direct Plan-Growth,Bandhan Mutual Fund,Open Ended Schemes,Other Scheme - Index Funds,Index,INF194KB1IT0
153350,Bandhan Nifty Next 50 Index Fund - Direct Plan - Growth,Bandhan Mutual Fund,Open Ended Schemes,Other Scheme - Index Funds,Index,INF194KB1JK7
152716,Bandhan Nifty Total Market Index Fund - Direct Plan - Growth,Bandhan Mutual Fund,Open Ended Schemes,Other Scheme - Index Funds,Index,INF194KB1IK9
152102,Bandhan Retirement Fund - Direct Plan - Growth,Bandhan Mutual Fund,Open Ended Schemes,Solution Oriented Scheme - Retirement Fund,Retirement,INF194KB1GU2
118407,Bandhan Short Duration Fund - Direct Plan - Growth,Bandhan Mutual Fund,Open Ended Schemes,Debt Scheme - Short Duration Fund,Short Duration,INF194K01U07
154136,Bandhan Silver ETF FOF-Direct-Growth,Bandhan Mutual Fund,Open Ended Schemes,Other Scheme - FoF Domestic,Fund of Funds,INF194KB1KN9
151548,Bandhan US Treasury Bond 0-1 year specific Debt Passive FOF - DIRECT PLAN - GROWTH,Bandhan Mutual Fund,Open Ended Schemes,Other Scheme - FoF Overseas,Fund of Funds,INF194KB1FV2
149098,Bandhan US specific Equity Active FOF - GROWTH - DIRECT PLAN,Bandhan Mutual Fund,Open Ended Schemes,Other Scheme - FoF Overseas,Fund of Funds,INF194KB1CF2
118481,Bandhan Value Fund - Direct Plan - Growth,Bandhan Mutual Fund,Open Ended Schemes,Equity Scheme - Value Fund,Value,INF194K01Z85
154093,Bank of India Banking & Financial Services Fund - Direct Plan - Growth,Bank of India Mutual Fund,Open Ended Schemes,Equity Scheme - Sectoral/ Thematic,Sectoral,INF761K01HE4
152789,Bank of India Business Cycle Fund - Direct Plan - Growth,Bank of India Mutual Fund,Open Ended Schemes,Equity Scheme - Sectoral/ Thematic,Sectoral,INF761K01GF3
153139,Bank of India Consumption Fund - Direct - Growth,Bank of India Mutual Fund,Open Ended Schemes,Equity Scheme - Sectoral/ Thematic,Sectoral,INF761K01GI7
153728,Bank of India Mid Cap Fund - Direct Plan Growth,Bank of India Mutual Fund,Open Ended Schemes,Equity Scheme - Mid Cap Fund,Mid Cap,INF761K01GY4
153294,Bank of India Money Market Fund - Direct - Growth,Bank of India Mutual Fund,Open Ended Schemes,Debt Scheme - Money Market Fund,Money Market,INF761K01GO5
152396,Bank of India Multi Asset Allocation Fund-Direct Plan-Growth,Bank of India Mutual Fund,Open Ended Schemes,Hybrid Scheme - Multi Asset Allocation,Multi Asset,INF761K01FZ3
151443,Bank of India Multi Cap Fund Direct Plan - Growth,Bank of India Mutual Fund,Open Ended Schemes,Equity Scheme - Multi Cap Fund,Multi Cap,INF761K01FR0
150260,Baroda BNP Paribas Aggressive Hybrid Fund- DIRECT PLAN - GROWTH OPTION,Baroda BNP Paribas Mutual Fund,Open Ended Schemes,Hybrid Scheme - Aggressive Hybrid Fund,Aggressive Hybrid,INF251K01OZ7
150285,Baroda BNP Paribas Aqua Fund of Fund - Direct Plan - Growth Option,Baroda BNP Paribas Mutual Fund,Open Ended Schemes,Other Scheme - FoF Overseas,Fund of Funds,INF251K01QT5
145396,Baroda BNP Paribas Balanced Advantage Fund-Direct Plan-Growth Option,Baroda BNP Paribas Mutual Fund,Open Ended Schemes,Hybrid Scheme - Dynamic Asset Allocation or Balanced Advantage,Balanced Advantage,INF955L01HF7
119333,Baroda BNP Paribas Banking and Financial Services Fund - Direct - Growth Option,Baroda BNP Paribas Mutual Fund,Open Ended Schemes,Equity Scheme - Sectoral/ Thematic,Sectoral,INF955L01971
154195,Baroda BNP Paribas Best-in-Class Strategy Fund - Direct - Growth Option,Baroda BNP Paribas Mutual Fund,Open Ended Schemes,Equity Scheme - Sectoral/ Thematic,Sectoral,INF251K01VP3
153847,Baroda BNP Paribas Business Conglomerates Fund Direct Growth Option,Baroda BNP Paribas Mutual Fund,Open Ended Schemes,Equity Scheme - Sectoral/ Thematic,Sectoral,INF251K01VJ6
149141,Baroda BNP Paribas Business Cycle Fund - Direct Plan - Growth,Baroda BNP Paribas Mutual Fund,Open Ended Schemes,Equity Scheme - Sectoral/ Thematic,Sectoral,INF955L01KK1
153171,Baroda BNP Paribas Children's Fund - Direct Plan - Growth Option,Baroda BNP Paribas Mutual Fund,Open Ended Schemes,Solution Oriented Scheme - Children’s Fund,Children,INF251K01UE9
133488,Baroda BNP Paribas Credit Risk Fund -Direct-Growth Option,Baroda BNP Paribas Mutual Fund,Open Ended Schemes,Debt Scheme - Credit Risk Fund,Credit Risk,INF955L01FR6
152898,Baroda BNP Paribas Credit Risk fund -Direct - Growth option -Seg. Portfolio 2 (erstwhile BBNPP Medium Duration Fund Direct-Growth option Seg. Portfolio 1),Baroda BNP Paribas Mutual Fund,Open Ended Schemes,Debt Scheme - Credit Risk Fund,Credit Risk,INF955L01JF3
150180,Baroda BNP Paribas Dynamic Bond Fund - Direct Plan - Growth Option,Baroda BNP Paribas Mutual Fund,Open Ended Schemes,Debt Scheme - Dynamic Bond,Dynamic Bond,INF251K01GW0
153225,Baroda BNP Paribas Energy Opportunities Fund - Direct Plan - Growth Option,Baroda BNP Paribas Mutual Fund,Open Ended Schemes,Equity Scheme - Sectoral/ Thematic,Sectoral,INF251K01UJ8
147496,Baroda BNP Paribas Equity Savings Fund - Direct Plan - Growth,Baroda BNP Paribas Mutual Fund,Open Ended Schemes,Hybrid Scheme - Equity Savings,Equity Savings,INF955L01IL3
150387,Baroda BNP Paribas Flexi Cap Fund - Direct Plan - Growth Option,Baroda BNP Paribas Mutual Fund,Open Ended Schemes,Equity Scheme - Flexi Cap Fund,Flexi Cap,INF251K01QZ2
119341,Baroda BNP Paribas GILT FUND - Direct Plan - Growth Option,Baroda BNP Paribas Mutual Fund,Open Ended Schemes,Debt Scheme - Gilt Fund,Gilt,INF955L01AD7
153795,Baroda BNP Paribas Gold ETF Fund of Funds Direct Growth,Baroda BNP Paribas Mutual Fund,Open Ended Schemes,Other Scheme - FoF Domestic,Fund of Funds,INF251K01VF4
153604,Baroda BNP Paribas Health and Wellness Fund Direct Growth,Baroda BNP Paribas Mutual Fund,Open Ended Schemes,Equity Scheme - Sectoral/ Thematic,Sectoral,INF251K01VA5
153536,Baroda BNP Paribas Income Plus Arbitrage Active FOF Direct Growth,Baroda BNP Paribas Mutual Fund,Open Ended Schemes,Other Scheme - FoF Domestic,Fund of Funds,INF251K01UT7
152470,Baroda BNP Paribas Innovation Fund Direct plan - Growth Option,Baroda BNP Paribas Mutual Fund,Open Ended Schemes,Equity Scheme - Sectoral/ Thematic,Sectoral,INF251K01TE1
119415,Baroda BNP Paribas LIQUID FUND - DIRECT PLAN - GROWTH OPTION,Baroda BNP Paribas Mutual Fund,Open Ended Schemes,Debt Scheme - Liquid Fund,Liquid,INF955L01AL0
148474,Baroda BNP Paribas Large and Mid Cap Fund- Direct Plan -Growth Option,Baroda BNP Paribas Mutual Fund,Open Ended Schemes,Equity Scheme - Large & Mid Cap Fund,Mid Cap,INF955L01JU2
119354,Baroda BNP Paribas MULTI CAP FUND - Direct Plan - Growth Option,Baroda BNP Paribas Mutual Fund,Open Ended Schemes,Equity Scheme - Multi Cap Fund,Multi Cap,INF955L01AG0
152697,Baroda BNP Paribas Manufacturing Fund - Direct Plan - Growth Option,Baroda BNP Paribas Mutual Fund,Open Ended Schemes,Equity Scheme - Sectoral/ Thematic,Sectoral,INF251K01TP7
147377,Baroda BNP Paribas Money Market Fund- Direct Plan - Growth,Baroda BNP Paribas Mutual Fund,Open Ended Schemes,Debt Scheme - Money Market Fund,Money Market,INF955L01ID0
153552,Baroda BNP Paribas Multi Asset Active FOF Direct Growth,Baroda BNP Paribas Mutual Fund,Open Ended Schemes,Other Scheme - FoF Domestic,Fund of Funds,INF251K01UO8
150865,Baroda BNP Paribas Multi Asset Fund - Direct Plan - Growth Option,Baroda BNP Paribas Mutual Fund,Open Ended Schemes,Hybrid Scheme - Multi Asset Allocation,Multi Asset,INF251K01RF2
151574,Baroda BNP Paribas NIFTY SDL December 2028 Index Fund - Direct Plan - Growth Option,Baroda BNP Paribas Mutual Fund,Open Ended Schemes,Other Scheme - Index Funds,Index,INF251K01RR7
152329,Baroda BNP Paribas Nifty 50 Index Fund - Direct Plan - Growth option,Baroda BNP Paribas Mutual Fund,Open Ended Schemes,Other Scheme - Index Funds,Index,INF251K01SY1
153000,Baroda BNP Paribas Nifty Midcap 150 Index Fund - Direct Plan - Growth Option,Baroda BNP Paribas Mutual Fund,Open Ended Schemes,Other Scheme - Index Funds,Index,INF251K01UA7
151283,Baroda BNP Paribas Nifty SDL December 2026 Index Fund - Direct Plan - Growth Option,Baroda BNP Paribas Mutual Fund,Open Ended Schemes,Other Scheme - Index Funds,Index,INF251K01RL0
152931,Baroda BNP Paribas Nifty200 Momentum 30 Index Fund - Direct Plan - Growth Option,Baroda BNP Paribas Mutual Fund,Open Ended Schemes,Other Scheme - Index Funds,Index,INF251K01TY9
147196,Baroda BNP Paribas Overnight Fund - Direct Plan - Growth,Baroda BNP Paribas Mutual Fund,Open Ended Schemes,Debt Scheme - Overnight Fund,Overnight,INF955L01HV4
152628,Baroda BNP Paribas Retirement Fund - Direct plan - Growth option,Baroda BNP Paribas Mutual Fund,Open Ended Schemes,Solution Oriented Scheme - Retirement Fund,Retirement,INF251K01TJ0
154490,Baroda BNP Paribas Services Fund - Direct Growth Option,Baroda BNP Paribas Mutual Fund,Open Ended Schemes,Equity Schemes - Thematic Fund,Thematic,INF251K01VY5
119400,Baroda BNP Paribas Short Duration Fund - Direct Plan - Growth Option,Baroda BNP Paribas Mutual Fund,Open Ended Schemes,Debt Scheme - Short Duration Fund,Short Duration,INF955L01BD5
152128,Baroda BNP Paribas Small Cap Fund - Direct Plan - Growth option,Baroda BNP Paribas Mutual Fund,Open Ended Schemes,Equity Scheme - Small Cap Fund,Small Cap,INF251K01SR5
143508,Baroda BNP Paribas Ultra Short Duration Fund- Direct Plan- Growth,Baroda BNP Paribas Mutual Fund,Open Ended Schemes,Debt Scheme - Ultra Short Duration Fund,Ultra Short Duration,INF955L01HA8
151755,Baroda BNP Paribas Value Fund - Direct Plan - Growth option,Baroda BNP Paribas Mutual Fund,Open Ended Schemes,Equity Scheme - Value Fund,Value,INF251K01SD5
147857,Bharat Bond FOF - April 2030 - Direct Plan - Growth Option,Edelweiss Mutual Fund,Open Ended Schemes,Other Scheme - FoF Domestic,Fund of Funds,INF754K01KY1
118309,CANARA ROBECO CONSERVATIVE HYBRID FUND - DIRECT PLAN - GROWTH OPTION,Canara Robeco Mutual Fund,Open Ended Schemes,Hybrid Scheme - Conservative Hybrid Fund,Conservative Hybrid,INF760K01GB4
118273,CANARA ROBECO CONSUMPTION FUND - DIRECT PLAN - GROWTH OPTION,Canara Robeco Mutual Fund,Open Ended Schemes,Equity Scheme - Sectoral/ Thematic,Sectoral,INF760K01DU1
126685,CANARA ROBECO CORPORATE BOND FUND - DIRECT PLAN - GROWTH OPTION,Canara Robeco Mutual Fund,Open Ended Schemes,Debt Scheme - Corporate Bond Fund,Corporate Bond,INF760K01HB2
118284,CANARA ROBECO DYNAMIC BOND FUND - DIRECT PLAN - GROWTH OPTION,Canara Robeco Mutual Fund,Open Ended Schemes,Debt Scheme - Dynamic Bond,Dynamic Bond,INF760K01EC7
118285,CANARA ROBECO ELSS TAX SAVER - DIRECT PLAN - GROWTH OPTION,Canara Robeco Mutual Fund,Open Ended Schemes,Equity Scheme - ELSS,ELSS,INF760K01EL8
118272,CANARA ROBECO EQUITY HYBRID FUND - DIRECT PLAN - GROWTH OPTION,Canara Robeco Mutual Fund,Open Ended Schemes,Hybrid Scheme - Aggressive Hybrid Fund,Aggressive Hybrid,INF760K01EZ8
118275,CANARA ROBECO FLEXICAP FUND - DIRECT PLAN - GROWTH OPTION,Canara Robeco Mutual Fund,Open Ended Schemes,Equity Scheme - Flexi Cap Fund,Flexi Cap,INF760K01EF0
118299,CANARA ROBECO GILT FUND - DIRECT PLAN - GROWTH OPTION,Canara Robeco Mutual Fund,Open Ended Schemes,Debt Scheme - Gilt Fund,Gilt,INF760K01FC4
118282,CANARA ROBECO INCOME FUND - DIRECT PLAN - GROWTH OPTION,Canara Robeco Mutual Fund,Open Ended Schemes,Debt Scheme - Medium to Long Duration Fund,Long Duration,INF760K01FI1
118267,CANARA ROBECO INFRASTRUCTURE FUND - DIRECT PLAN - GROWTH OPTION,Canara Robeco Mutual Fund,Open Ended Schemes,Equity Scheme - Sectoral/ Thematic,Sectoral,INF760K01FO9
118278,CANARA ROBECO LARGE AND MID CAP FUND - DIRECT PLAN - GROWTH OPTION,Canara Robeco Mutual Fund,Open Ended Schemes,Equity Scheme - Large & Mid Cap Fund,Mid Cap,INF760K01EI4
118269,CANARA ROBECO LARGE CAP FUND - DIRECT PLAN - GROWTH OPTION,Canara Robeco Mutual Fund,Open Ended Schemes,Equity Scheme - Large Cap Fund,Large Cap,INF760K01FR2
118305,CANARA ROBECO LIQUID FUND - DIRECT PLAN - GROWTH OPTION,Canara Robeco Mutual Fund,Open Ended Schemes,Debt Scheme - Liquid Fund,Liquid,INF760K01FU6
147531,CANARA ROBECO OVERNIGHT FUND - DIRECT PLAN - GROWTH OPTION,Canara Robeco Mutual Fund,Open Ended Schemes,Debt Scheme - Overnight Fund,Overnight,INF760K01JM5
118291,CANARA ROBECO SAVINGS FUND - DIRECT PLAN - GROWTH OPTION,Canara Robeco Mutual Fund,Open Ended Schemes,Debt Scheme - Low Duration Fund,Low Duration,INF760K01ET1
118320,CANARA ROBECO SHORT DURATION FUND - DIRECT PLAN - GROWTH OPTION,Canara Robeco Mutual Fund,Open Ended Schemes,Debt Scheme - Short Duration Fund,Short Duration,INF760K01DX5
146130,CANARA ROBECO SMALL CAP FUND - DIRECT PLAN - GROWTH OPTION,Canara Robeco Mutual Fund,Open Ended Schemes,Equity Scheme - Small Cap Fund,Small Cap,INF760K01JC6
118317,CANARA ROBECO ULTRA SHORT TERM FUND - DIRECT PLAN - GROWTH OPTION,Canara Robeco Mutual Fund,Open Ended Schemes,Debt Scheme - Ultra Short Duration Fund,Ultra Short Duration,INF760K01GM1
153738,CAPITALMIND FLEXI CAP FUND DIRECT GROWTH,Capitalmind Mutual Fund,Open Ended Schemes,Equity Scheme - Flexi Cap Fund,Flexi Cap,INF226401018
152688,Canara Robeco Balanced Advantage Fund - Direct Plan - Growth Option,Canara Robeco Mutual Fund,Open Ended Schemes,Hybrid Scheme - Dynamic Asset Allocation or Balanced Advantage,Balanced Advantage,INF760K01LD0
154250,Canara Robeco Banking and Financials Services Fund - Direct Plan - Growth,Canara Robeco Mutual Fund,Open Ended Schemes,Equity Scheme - Sectoral/ Thematic,Sectoral,INF760K01LN9
150505,Canara Robeco Banking and PSU Debt Fund- Direct Plan- Growth Option,Canara Robeco Mutual Fund,Open Ended Schemes,Debt Scheme - Banking and PSU Fund,Banking & PSU,INF760K01KC4
148883,Canara Robeco Focused Fund - Direct Plan - Growth Option,Canara Robeco Mutual Fund,Open Ended Schemes,Equity Scheme - Focused Fund,Focused,INF760K01JQ6
152450,Canara Robeco Manufacturing Fund - Direct Plan - Growth Option,Canara Robeco Mutual Fund,Open Ended Schemes,Equity Scheme - Sectoral/ Thematic,Sectoral,INF760K01KZ5
150817,Canara Robeco Mid Cap Fund- Direct Plan- Growth Option,Canara Robeco Mutual Fund,Open Ended Schemes,Equity Scheme - Mid Cap Fund,Mid Cap,INF760K01KI1
153465,Canara Robeco Multi Asset Allocation Fund - Direct Plan - Growth,Canara Robeco Mutual Fund,Open Ended Schemes,Hybrid Scheme - Multi Asset Allocation,Multi Asset,INF760K01LH1
151824,Canara Robeco Multi Cap Fund - Direct Plan - Growth Option,Canara Robeco Mutual Fund,Open Ended Schemes,Equity Scheme - Multi Cap Fund,Multi Cap,INF760K01KO9
149085,Canara Robeco Value Fund - Direct Plan - Growth Option,Canara Robeco Mutual Fund,Open Ended Schemes,Equity Scheme - Value Fund,Value,INF760K01JW4
154236,Capitalmind Arbitrage Fund-Direct-Growth,Capitalmind Mutual Fund,Open Ended Schemes,Hybrid Scheme - Arbitrage Fund,Arbitrage,INF226401117
154011,Capitalmind Liquid Fund - Direct-Growth,Capitalmind Mutual Fund,Open Ended Schemes,Debt Scheme - Liquid Fund,Liquid,INF226401034
154232,Capitalmind Multi Asset Allocation Fund-Direct-Growth,Capitalmind Mutual Fund,Open Ended Schemes,Hybrid Scheme - Multi Asset Allocation,Multi Asset,INF226401059
154301,Choice Nifty 50 Index Fund - Direct Plan Growth,Choice Mutual Fund,Open Ended Schemes,Other Scheme - Index Funds,Index,INF2KCX01020
154304,Choice Nifty Next 50 Index Fund - Direct Plan Growth,Choice Mutual Fund,Open Ended Schemes,Other Scheme - Index Funds,Index,INF2KCX01046
154413,Choice Overnight Fund - Growth Option - Direct Plan,Choice Mutual Fund,Open Ended Schemes,Income/Debt Oriented Schemes - Overnight Fund,Overnight,INF2KCX01087
131301,DSP 10Y G-Sec Fund - Direct Plan - Growth,DSP Mutual Fund,Open Ended Schemes,Debt Scheme - Gilt Fund with 10 year constant duration,Gilt,INF740K019I5
119019,DSP Aggressive Hybrid Fund - Direct Plan - Growth,DSP Mutual Fund,Open Ended Schemes,Hybrid Scheme - Aggressive Hybrid Fund,Aggressive Hybrid,INF740K01NY4
142283,DSP Arbitrage Fund - Direct - Growth,DSP Mutual Fund,Open Ended Schemes,Hybrid Scheme - Arbitrage Fund,Arbitrage,INF740KA1DN4
153219,DSP BSE SENSEX Next 30 Index Fund - Direct - Growth,DSP Mutual Fund,Open Ended Schemes,Other Scheme - Index Funds,Index,INF740KA1VB1
152206,DSP Banking & Financial Services Fund - Direct - Growth,DSP Mutual Fund,Open Ended Schemes,Equity Scheme - Sectoral/ Thematic,Sectoral,INF740KA1TQ3
124175,DSP Banking & PSU Debt Fund - Direct Plan - Growth,DSP Mutual Fund,Open Ended Schemes,Debt Scheme - Banking and PSU Fund,Banking & PSU,INF740K01ZW2
118924,DSP Bond Fund - Direct Plan - Growth,DSP Mutual Fund,Open Ended Schemes,Debt Scheme - Medium Duration Fund,Medium Duration,INF740K01MZ3
153121,DSP Business Cycle Fund - Direct - Growth,DSP Mutual Fund,Open Ended Schemes,Equity Scheme - Sectoral/ Thematic,Sectoral,INF740KA1UX7
151329,DSP CRISIL-IBX 50:50 Gilt Plus SDL - April 2033 Index Fund - Direct - Growth,DSP Mutual Fund,Open Ended Schemes,Other Scheme - Index Funds,Index,INF740KA1SB7
144646,DSP Corporate Bond Fund - Direct - Growth,DSP Mutual Fund,Open Ended Schemes,Debt Scheme - Corporate Bond Fund,Corporate Bond,INF740KA1KE8
119082,DSP Credit Risk Fund - Direct Plan - Growth,DSP Mutual Fund,Open Ended Schemes,Debt Scheme - Credit Risk Fund,Credit Risk,INF740K01OS4
126393,DSP Dynamic Asset Allocation Fund - Direct Plan - Growth,DSP Mutual Fund,Open Ended Schemes,Hybrid Scheme - Dynamic Asset Allocation or Balanced Advantage,Balanced Advantage,INF740K01K81
119242,DSP ELSS Tax Saver Fund - Direct Plan - Growth,DSP Mutual Fund,Open Ended Schemes,Equity Scheme - ELSS,ELSS,INF740K01OK1
136567,DSP Equity Savings Fund - Direct Plan - Growth,DSP Mutual Fund,Open Ended Schemes,Hybrid Scheme - Equity Savings,Equity Savings,INF740KA1504
119076,DSP Flexi Cap Fund - Direct Plan - Growth,DSP Mutual Fund,Open Ended Schemes,Equity Scheme - Flexi Cap Fund,Flexi Cap,INF740K01PI2
148771,DSP Floater Fund - Direct Plan - Growth,DSP Mutual Fund,Open Ended Schemes,Debt Scheme - Floater Fund,Floating Rate,INF740KA1PV1
119096,DSP Focused Fund - Direct Plan - Growth,DSP Mutual Fund,Open Ended Schemes,Equity Scheme - Focused Fund,Focused,INF740K01OB0
119099,DSP Gilt Fund - Direct Plan - Growth,DSP Mutual Fund,Open Ended Schemes,Debt Scheme - Gilt Fund,Gilt,INF740K01NF3
119275,DSP Global Clean Energy Overseas Equity Omni FoF Direct Plan - Growth,DSP Mutual Fund,Open Ended Schemes,Other Scheme - FoF Overseas,Fund of Funds,INF740K01PC5
149816,DSP Global Innovation Overseas Equity Omni FoF - Direct - Growth,DSP Mutual Fund,Open Ended Schemes,Other Scheme - FoF Overseas,Fund of Funds,INF740KA1QP1
152183,DSP Gold ETF Fund of Fund - Direct - Growth,DSP Mutual Fund,Open Ended Schemes,Other Scheme - FoF Domestic,Fund of Funds,INF740KA1TK6
145454,DSP Healthcare Fund - Direct Plan - Growth,DSP Mutual Fund,Open Ended Schemes,Equity Scheme - Sectoral/ Thematic,Sectoral,INF740KA1LG1
130493,DSP Income Plus Arbitrage Omni FoF - Direct Plan - Growth,DSP Mutual Fund,Open Ended Schemes,Other Scheme - FoF Domestic,Fund of Funds,INF740K01Z50
119247,DSP India T.I.G.E.R. Fund - Direct Plan - Growth,DSP Mutual Fund,Open Ended Schemes,Equity Scheme - Sectoral/ Thematic,Sectoral,INF740K01PU7
119218,DSP Large & Mid Cap Fund - Direct Plan - Growth,DSP Mutual Fund,Open Ended Schemes,Equity Scheme - Large & Mid Cap Fund,Mid Cap,INF740K01PL6
119250,DSP Large Cap Fund - Direct Plan - Growth,DSP Mutual Fund,Open Ended Schemes,Equity Scheme - Large Cap Fund,Large Cap,INF740K01PR3
119125,DSP Liquidity Fund - Direct Plan - Growth,DSP Mutual Fund,Open Ended Schemes,Debt Scheme - Liquid Fund,Liquid,INF740K01QL4
133925,DSP Low Duration Fund - Direct Plan - Growth,DSP Mutual Fund,Open Ended Schemes,Debt Scheme - Low Duration Fund,Low Duration,INF740K013Q1
119071,DSP Midcap Fund - Direct Plan - Growth,DSP Mutual Fund,Open Ended Schemes,Equity Scheme - Mid Cap Fund,Mid Cap,INF740K01PX1
152056,DSP Multi Asset Allocation Fund - Direct - Growth,DSP Mutual Fund,Open Ended Schemes,Hybrid Scheme - Multi Asset Allocation,Multi Asset,INF740KA1TE9
154167,DSP Multi Asset Omni Fund of Funds - Direct - Growth,DSP Mutual Fund,Open Ended Schemes,Other Scheme - FoF Domestic,Fund of Funds,INF740KA1YE9
152310,DSP Multicap Fund - Direct - Growth,DSP Mutual Fund,Open Ended Schemes,Equity Scheme - Multi Cap Fund,Multi Cap,INF740KA1UC1
119028,DSP Natural Resources and New Energy Fund - Direct Plan - Growth,DSP Mutual Fund,Open Ended Schemes,Equity Scheme - Sectoral/ Thematic,Sectoral,INF740K01QA7
141877,DSP Nifty 50 Equal Weight Index Fund - Direct Plan - Growth,DSP Mutual Fund,Open Ended Schemes,Other Scheme - Index Funds,Index,INF740KA1CR7
146376,DSP Nifty 50 Index Fund - Direct Plan - Growth,DSP Mutual Fund,Open Ended Schemes,Other Scheme - Index Funds,Index,INF740KA1MM7
154088,DSP Nifty 500 Index Fund - Direct - Growth,DSP Mutual Fund,Open Ended Schemes,Other Scheme - Index Funds,Index,INF740KA1XY9
152654,DSP Nifty Bank Index Fund - Direct - Growth,DSP Mutual Fund,Open Ended Schemes,Other Scheme - Index Funds,Index,INF740KA1UO6
153594,DSP Nifty Healthcare Index Fund - Direct- Growth,DSP Mutual Fund,Open Ended Schemes,Other Scheme - Index Funds,Index,INF740KA1WF0
153590,DSP Nifty IT Index Fund - Direct - Growth,DSP Mutual Fund,Open Ended Schemes,Other Scheme - Index Funds,Index,INF740KA1WL8
154014,DSP Nifty Midcap 150 Index Fund - Direct - Growth,DSP Mutual Fund,Open Ended Schemes,Other Scheme - Index Funds,Index,INF740KA1XB7
150428,DSP Nifty Midcap 150 Quality 50 Index Fund - Direct - Growth,DSP Mutual Fund,Open Ended Schemes,Other Scheme - Index Funds,Index,INF740KA1RB9
146381,DSP Nifty Next 50 Index Fund - Direct Plan - Growth,DSP Mutual Fund,Open Ended Schemes,Other Scheme - Index Funds,Index,INF740KA1MG9
153348,DSP Nifty Private Bank Index Fund - Direct - Growth,DSP Mutual Fund,Open Ended Schemes,Other Scheme - Index Funds,Index,INF740KA1VN6
149970,DSP Nifty SDL Plus G-Sec Jun 2028 30:70 Index Fund - Direct - Growth,DSP Mutual Fund,Open Ended Schemes,Other Scheme - Index Funds,Index,INF740KA1QV9
151373,DSP Nifty SDL Plus G-Sec Sep 2027 50:50 Index Fund - Direct - Growth,DSP Mutual Fund,Open Ended Schemes,Other Scheme - Index Funds,Index,INF740KA1SH4
154018,DSP Nifty Smallcap 250 Index Fund - Direct - Growth,DSP Mutual Fund,Open Ended Schemes,Other Scheme - Index Funds,Index,INF740KA1XH4
152243,DSP Nifty Smallcap250 Quality 50 Index Fund - Direct - Growth,DSP Mutual Fund,Open Ended Schemes,Other Scheme - Index Funds,Index,INF740KA1TW1
152814,DSP Nifty Top 10 Equal Weight Index Fund - Direct - Growth,DSP Mutual Fund,Open Ended Schemes,Other Scheme - Index Funds,Index,INF740KA1UQ1
153801,DSP Nifty500 Flexicap Quality 30 Index Fund - Direct - Growth,DSP Mutual Fund,Open Ended Schemes,Other Scheme - Index Funds,Index,INF740KA1WR5
146062,DSP Overnight Fund - Direct Plan - Growth,DSP Mutual Fund,Open Ended Schemes,Debt Scheme - Overnight Fund,Overnight,INF740KA1MC8
147306,DSP Quant Fund - Direct Plan - Growth,DSP Mutual Fund,Open Ended Schemes,Equity Scheme - Sectoral/ Thematic,Sectoral,INF740KA1NQ6
118994,DSP Regular Savings Fund - Direct Plan - Growth,DSP Mutual Fund,Open Ended Schemes,Hybrid Scheme - Conservative Hybrid Fund,Conservative Hybrid,INF740K01NO5
119106,DSP Savings Fund - Direct Plan - Growth,DSP Mutual Fund,Open Ended Schemes,Debt Scheme - Money Market Fund,Money Market,INF740K01NU2
119226,DSP Short Term Fund - Direct Plan - Growth,DSP Mutual Fund,Open Ended Schemes,Debt Scheme - Short Duration Fund,Short Duration,INF740K01NJ5
153487,DSP Silver ETF Fund of Fund - Direct - Growth,DSP Mutual Fund,Open Ended Schemes,Other Scheme - FoF Domestic,Fund of Funds,INF740KA1VZ0
119212,DSP Small Cap Fund - Direct Plan - Growth,DSP Mutual Fund,Open Ended Schemes,Equity Scheme - Small Cap Fund,Small Cap,INF740K01QD1
119239,DSP Strategic Bond Fund - Direct Plan - Growth,DSP Mutual Fund,Open Ended Schemes,Debt Scheme - Dynamic Bond,Dynamic Bond,INF740K01QG4
152528,DSP US Specific Debt Passive FoF - Direct - Growth,DSP Mutual Fund,Open Ended Schemes,Other Scheme - FoF Overseas,Fund of Funds,INF740KA1UJ6
119252,DSP US Specific Equity Omni FoF - Direct Plan - Growth,DSP Mutual Fund,Open Ended Schemes,Other Scheme - FoF Overseas,Fund of Funds,INF740K01OH7
119205,DSP Ultra Short Fund - Direct Plan - Growth,DSP Mutual Fund,Open Ended Schemes,Debt Scheme - Ultra Short Duration Fund,Ultra Short Duration,INF740K01ON5
148595,DSP Value Fund - Direct Plan - Growth,DSP Mutual Fund,Open Ended Schemes,Equity Scheme - Value Fund,Value,INF740KA1PP3
119277,DSP World Gold Mining Overseas Equity Omni FoF - Direct Plan - Growth,DSP Mutual Fund,Open Ended Schemes,Other Scheme - FoF Overseas,Fund of Funds,INF740K01OZ9
119279,DSP World Mining Overseas Equity Omni FoF - Direct Plan - Growth,DSP Mutual Fund,Open Ended Schemes,Other Scheme - FoF Overseas,Fund of Funds,INF740K01PF8
140256,Edelweiss ASEAN Equity Off-shore Fund - Direct Plan - Growth Option,Edelweiss Mutual Fund,Open Ended Schemes,Other Scheme - FoF Overseas,Fund of Funds,INF843K01AW7
118624,Edelweiss Aggressive Hybrid Fund-Direct Plan-Growth Option,Edelweiss Mutual Fund,Open Ended Schemes,Hybrid Scheme - Aggressive Hybrid Fund,Aggressive Hybrid,INF754K01CE0
130206,Edelweiss Arbitrage Fund- Direct Plan- Growth Option,Edelweiss Mutual Fund,Open Ended Schemes,Hybrid Scheme - Arbitrage Fund,Arbitrage,INF754K01EA4
153497,Edelweiss BSE Internet Economy Index Fund - Direct Plan - Growth,Edelweiss Mutual Fund,Open Ended Schemes,Other Scheme - Index Funds,Index,INF754K01UX2
118615,Edelweiss Balanced Advantage Fund -Direct Plan-Growth Option,Edelweiss Mutual Fund,Open Ended Schemes,Hybrid Scheme - Dynamic Asset Allocation or Balanced Advantage,Balanced Advantage,INF754K01BS2
140286,Edelweiss Banking and PSU Debt Fund - Direct Plan - Growth Option,Edelweiss Mutual Fund,Open Ended Schemes,Debt Scheme - Banking and PSU Fund,Banking & PSU,INF843K01FC8
152710,Edelweiss Business Cycle Fund - Direct Plan - Growth,Edelweiss Mutual Fund,Open Ended Schemes,Equity Scheme - Sectoral/ Thematic,Sectoral,INF754K01TA2
150671,Edelweiss CRISIL IBX 50:50 Gilt Plus SDL April 2037 Index Fund - Direct Plan - Growth,Edelweiss Mutual Fund,Open Ended Schemes,Other Scheme - Index Funds,Index,INF754K01PF9
150727,Edelweiss CRISIL IBX 50:50 Gilt Plus SDL June 2027 Index Fund - Direct Plan - Growth,Edelweiss Mutual Fund,Open Ended Schemes,Other Scheme - Index Funds,Index,INF754K01PN3
150807,Edelweiss CRISIL IBX 50:50 Gilt Plus SDL Sep 2028 Index Fund - Direct Plan - Growth,Edelweiss Mutual Fund,Open Ended Schemes,Other Scheme - Index Funds,Index,INF754K01PV6
151365,Edelweiss CRISIL IBX 50:50 Gilt Plus SDL Short Duration Index fund - Direct Plan - Growth,Edelweiss Mutual Fund,Open Ended Schemes,Other Scheme - Index Funds,Index,INF754K01RK5
153335,Edelweiss CRISIL IBX AAA Bond NBFC HFC Jun 2027 Index Fund - Direct Plan - Growth Option,Edelweiss Mutual Fund,Open Ended Schemes,Other Scheme - Index Funds,Index,INF754K01UG7
153115,Edelweiss CRISIL IBX AAA Financial Services - Jan 2028 Index Fund - Direct - Growth,Edelweiss Mutual Fund,Open Ended Schemes,Other Scheme - Index Funds,Index,INF754K01TP0
149950,Edelweiss CRISIL PSU Plus SDL 50:50 Oct 2025 Index Fund - Direct Plan Growth,Edelweiss Mutual Fund,Open Ended Schemes,Other Scheme - Index Funds,Index,INF754K01OG0
153214,Edelweiss Consumption Fund - Direct - Growth,Edelweiss Mutual Fund,Open Ended Schemes,Equity Scheme - Sectoral/ Thematic,Sectoral,INF754K01TY2
118620,Edelweiss ELSS Tax Saver Fund - Direct Plan-Growth Option,Edelweiss Mutual Fund,Open Ended Schemes,Equity Scheme - ELSS,ELSS,INF754K01CA8
140327,Edelweiss Emerging Markets Opportunities Equity Offshore Fund - Direct Plan - Growth Option,Edelweiss Mutual Fund,Open Ended Schemes,Other Scheme - FoF Overseas,Fund of Funds,INF843K01IZ3
140347,Edelweiss Equity Savings Fund - Direct Plan - Growth Option,Edelweiss Mutual Fund,Open Ended Schemes,Hybrid Scheme - Equity Savings,Equity Savings,INF843K01KC8
140296,Edelweiss Europe Dynamic Equity Offshore Fund - Growth Option - Direct Plan,Edelweiss Mutual Fund,Open Ended Schemes,Other Scheme - FoF Overseas,Fund of Funds,INF843K01GI3
154108,Edelweiss Financial Services Fund - Direct Plan - Growth Option,Edelweiss Mutual Fund,Open Ended Schemes,Equity Scheme - Sectoral/ Thematic,Sectoral,INF754K01WH1
140353,Edelweiss Flexi Cap Fund - Direct Plan - Growth Option,Edelweiss Mutual Fund,Open Ended Schemes,Equity Scheme - Flexi Cap Fund,Flexi Cap,INF843K01KK1
150376,Edelweiss Focused Fund - Direct Plan - Growth,Edelweiss Mutual Fund,Open Ended Schemes,Equity Scheme - Focused Fund,Focused,INF754K01OP1
154208,Edelweiss Gold ETF Fund of Fund Direct Plan Growth Option,Edelweiss Mutual Fund,Open Ended Schemes,Other Scheme - FoF Domestic,Fund of Funds,INF754K01WP4
150581,Edelweiss Gold and Silver ETF FOF - Direct Plan - Growth,Edelweiss Mutual Fund,Open Ended Schemes,Other Scheme - FoF Domestic,Fund of Funds,INF754K01OX5
140298,Edelweiss Government Securities Fund - Direct Plan - Growth Option,Edelweiss Mutual Fund,Open Ended Schemes,Debt Scheme - Gilt Fund,Gilt,INF843K01GS2
140243,Edelweiss Greater China Equity Off-shore Fund - Direct Plan - Growth Option,Edelweiss Mutual Fund,Open Ended Schemes,Other Scheme - FoF Overseas,Fund of Funds,INF843K01AU1
153712,Edelweiss Income Plus Arbitrage Active Fund of Funds - Direct Plan Growth,Edelweiss Mutual Fund,Open Ended Schemes,Other Scheme - FoF Domestic,Fund of Funds,INF754K01VF7
140175,Edelweiss Large & Mid Cap Fund - Direct Plan - Growth Option,Edelweiss Mutual Fund,Open Ended Schemes,Equity Scheme - Large & Mid Cap Fund,Mid Cap,INF843K01AL0
118617,Edelweiss Large Cap Fund - Direct Plan-Growth option,Edelweiss Mutual Fund,Open Ended Schemes,Equity Scheme - Large Cap Fund,Large Cap,INF754K01BW4
140196,Edelweiss Liquid Fund - Direct Plan - Growth Option,Edelweiss Mutual Fund,Open Ended Schemes,Debt Scheme - Liquid Fund,Liquid,INF754K01GM4
153416,Edelweiss Low Duration Fund - Direct Plan Growth,Edelweiss Mutual Fund,Open Ended Schemes,Debt Scheme - Low Duration Fund,Low Duration,INF754K01UP8
148555,Edelweiss MSCI India Domestic & World Healthcare 45 Index Fund Direct Plan - Growth,Edelweiss Mutual Fund,Open Ended Schemes,Other Scheme - Index Funds,Index,INF754K01LV5
140228,Edelweiss Mid Cap Fund - Direct Plan - Growth Option,Edelweiss Mutual Fund,Open Ended Schemes,Equity Scheme - Mid Cap Fund,Mid Cap,INF843K01AO4
140237,Edelweiss Money Market Fund - Direct Plan - Growth Option,Edelweiss Mutual Fund,Open Ended Schemes,Debt Scheme - Money Market Fund,Money Market,INF843K01CE1
151792,Edelweiss Multi Asset Allocation Fund - Direct Plan - Growth,Edelweiss Mutual Fund,Open Ended Schemes,Hybrid Scheme - Multi Asset Allocation,Multi Asset,INF754K01RS8
153776,Edelweiss Multi Asset Omni Fund of Fund- Direct Plan - Growth,Edelweiss Mutual Fund,Open Ended Schemes,Other Scheme - FoF Domestic,Fund of Funds,INF754K01VN1
152094,Edelweiss Multi Cap Fund - Direct Plan - Growth,Edelweiss Mutual Fund,Open Ended Schemes,Equity Scheme - Multi Cap Fund,Multi Cap,INF754K01SD8
149343,Edelweiss NIFTY Large Midcap 250 Index Fund - Direct Plan Growth,Edelweiss Mutual Fund,Open Ended Schemes,Other Scheme - Index Funds,Index,INF754K01NR9
148795,Edelweiss NIFTY PSU Bond Plus SDL Apr 2026 50:50 Index Fund - Direct Plan - Growth,Edelweiss Mutual Fund,Open Ended Schemes,Other Scheme - Index Funds,Index,INF754K01MD1
149247,Edelweiss NIFTY PSU Bond Plus SDL Apr 2027 50:50 Index Fund - Direct Plan Growth,Edelweiss Mutual Fund,Open Ended Schemes,Other Scheme - Index Funds,Index,INF754K01MT7
149254,Edelweiss Nifty 100 Quality 30 Index Fund Direct Plan Growth,Edelweiss Mutual Fund,Open Ended Schemes,Other Scheme - Index Funds,Index,INF754K01NJ6
149250,Edelweiss Nifty 50 Index Fund Direct Plan Growth,Edelweiss Mutual Fund,Open Ended Schemes,Other Scheme - Index Funds,Index,INF754K01NB3
152616,Edelweiss Nifty Alpha Low Volatility 30 Index Fund - Direct Plan - Growth,Edelweiss Mutual Fund,Open Ended Schemes,Other Scheme - Index Funds,Index,INF754K01SS6
154310,Edelweiss Nifty LargeMidcap 250 Plus 8-13 yr G-Sec 70-30 Index Fund Direct Plan Growth,Edelweiss Mutual Fund,Open Ended Schemes,Other Scheme - Index Funds,Index,INF754K01WR0
150902,Edelweiss Nifty Midcap150 Momentum 50 Index Fund - Direct Plan - Growth,Edelweiss Mutual Fund,Open Ended Schemes,Other Scheme - Index Funds,Index,INF754K01QD2
150899,Edelweiss Nifty Next 50 Index Fund - Direct Plan - Growth,Edelweiss Mutual Fund,Open Ended Schemes,Other Scheme - Index Funds,Index,INF754K01QL5
150892,Edelweiss Nifty Smallcap 250 Index Fund - Direct Plan - Growth,Edelweiss Mutual Fund,Open Ended Schemes,Other Scheme - Index Funds,Index,INF754K01QT8
152985,Edelweiss Nifty500 Multicap Momentum Quality 50 Index Fund - Direct - Growth,Edelweiss Mutual Fund,Open Ended Schemes,Other Scheme - Index Funds,Index,INF754K01TN5
147570,Edelweiss Overnight Fund - Direct Plan - Growth,Edelweiss Mutual Fund,Open Ended Schemes,Debt Scheme - Overnight Fund,Overnight,INF754K01JV9
142388,Edelweiss Recently Listed IPO Fund Direct Plan Growth,Edelweiss Mutual Fund,Open Ended Schemes,Equity Scheme - Sectoral/ Thematic,Sectoral,INF754K01ML4
154072,Edelweiss Silver ETF Fund of Fund - Direct Plan Growth Option,Edelweiss Mutual Fund,Open Ended Schemes,Other Scheme - FoF Domestic,Fund of Funds,INF754K01VZ5
146196,Edelweiss Small Cap Fund - Direct Plan - Growth,Edelweiss Mutual Fund,Open Ended Schemes,Equity Scheme - Small Cap Fund,Small Cap,INF754K01JN6
152437,Edelweiss Technology Fund - Direct Plan - Growth,Edelweiss Mutual Fund,Open Ended Schemes,Equity Scheme - Sectoral/ Thematic,Sectoral,INF754K01SK3
148063,Edelweiss US Technology Equity Fund of Fund- Direct Plan- Growth,Edelweiss Mutual Fund,Open Ended Schemes,Other Scheme - FoF Overseas,Fund of Funds,INF754K01LB7
140274,Edelweiss US Value Equity Offshore Fund - Direct Plan - Growth Option,Edelweiss Mutual Fund,Open Ended Schemes,Other Scheme - FoF Overseas,Fund of Funds,INF843K01EC1
118559,Franklin Asian Equity Fund - Direct - Growth,Franklin Templeton Mutual Fund,Open Ended Schemes,Equity Scheme - Sectoral/ Thematic,Sectoral,INF090I01IZ5
118557,Franklin Build India Fund - Direct - Growth,Franklin Templeton Mutual Fund,Open Ended Schemes,Equity Scheme - Sectoral/ Thematic,Sectoral,INF090I01JF5
118546,Franklin India Aggressive Hybrid Fund - Direct - Growth,Franklin Templeton Mutual Fund,Open Ended Schemes,Hybrid Scheme - Aggressive Hybrid Fund,Aggressive Hybrid,INF090I01FZ1
153043,Franklin India Arbitrage Fund - Direct - Growth,Franklin Templeton Mutual Fund,Open Ended Schemes,Hybrid Scheme - Arbitrage Fund,Arbitrage,INF090I01XS9
150481,Franklin India Balanced Advantage Fund- Growth- Direct,Franklin Templeton Mutual Fund,Open Ended Schemes,Hybrid Scheme - Dynamic Asset Allocation or Balanced Advantage,Balanced Advantage,INF090I01WQ5
129008,Franklin India Banking & PSU Debt Fund - Direct - Growth,Franklin Templeton Mutual Fund,Open Ended Schemes,Debt Scheme - Banking and PSU Fund,Banking & PSU,INF090I01KR8
118574,Franklin India Conservative Hybrid Fund - Direct - GROWTH,Franklin Templeton Mutual Fund,Open Ended Schemes,Hybrid Scheme - Conservative Hybrid Fund,Conservative Hybrid,INF090I01GF1
118569,Franklin India Corporate Debt Fund - Direct - GROWTH,Franklin Templeton Mutual Fund,Open Ended Schemes,Debt Scheme - Corporate Bond Fund,Corporate Bond,INF090I01FW8
118553,Franklin India Credit Risk Fund - Direct - Growth,Franklin Templeton Mutual Fund,Open Ended Schemes,Debt Scheme - Credit Risk Fund,Credit Risk,
118495,Franklin India Dynamic Accrual Fund - Direct - Growth,Franklin Templeton Mutual Fund,Open Ended Schemes,Debt Scheme - Dynamic Bond,Dynamic Bond,
118543,Franklin India Dynamic Asset Allocation Active Fund Of Funds - Direct - Growth,Franklin Templeton Mutual Fund,Open Ended Schemes,Other Scheme - FoF Domestic,Fund of Funds,INF090I01HV6
118540,Franklin India ELSS Tax Saver Fund - Direct - Growth,Franklin Templeton Mutual Fund,Open Ended Schemes,Equity Scheme - ELSS,ELSS,INF090I01JS8
144466,Franklin India Equity Savings Fund- Growth Direct,Franklin Templeton Mutual Fund,Open Ended Schemes,Hybrid Scheme - Equity Savings,Equity Savings,INF090I01PD7
118535,Franklin India Flexi Cap Fund - Direct - Growth,Franklin Templeton Mutual Fund,Open Ended Schemes,Equity Scheme - Flexi Cap Fund,Flexi Cap,INF090I01FK3
118508,Franklin India Floating Rate Fund - Direct - Growth,Franklin Templeton Mutual Fund,Open Ended Schemes,Debt Scheme - Floater Fund,Floating Rate,INF090I01LK1
118564,Franklin India Focused Equity Fund - Direct - Growth,Franklin Templeton Mutual Fund,Open Ended Schemes,Equity Scheme - Focused Fund,Focused,INF090I01IW2
118498,Franklin India Government Securities Fund - Direct - Growth,Franklin Templeton Mutual Fund,Open Ended Schemes,Debt Scheme - Gilt Fund,Gilt,INF090I01HS2
118581,Franklin India INDEX FUND- NSE NIFTY 50 INDEX FUND- Direct - Growth,Franklin Templeton Mutual Fund,Open Ended Schemes,Other Scheme - Index Funds,Index,INF090I01GS4
118554,Franklin India Income Opportunities Fund - Direct - Growth,Franklin Templeton Mutual Fund,Open Ended Schemes,Debt Scheme - Medium Duration Fund,Medium Duration,
132989,Franklin India Income Plus Arbitrage Active Fund of Funds- Growth Plan - Direct,Franklin Templeton Mutual Fund,Open Ended Schemes,Other Scheme - FoF Domestic,Fund of Funds,INF090I01LH7
118510,Franklin India Large & Mid Cap Fund - Direct - Growth,Franklin Templeton Mutual Fund,Open Ended Schemes,Equity Scheme - Large & Mid Cap Fund,Mid Cap,INF090I01IN1
118531,Franklin India Large Cap Fund- Direct - Growth,Franklin Templeton Mutual Fund,Open Ended Schemes,Equity Scheme - Large Cap Fund,Large Cap,INF090I01FN7
118577,Franklin India Liquid Fund - Super Institutional - Direct - Growth,Franklin Templeton Mutual Fund,Open Ended Schemes,Debt Scheme - Liquid Fund,Liquid,INF090I01JV2
153102,Franklin India Long Duration Fund - Direct - Growth,Franklin Templeton Mutual Fund,Open Ended Schemes,Debt Scheme - Long Duration Fund,Long Duration,INF090I01XY7
118530,Franklin India Low Duration Fund - Direct - Growth,Franklin Templeton Mutual Fund,Open Ended Schemes,Debt Scheme - Low Duration Fund,Low Duration,
153368,Franklin India Low Duration Fund-Direct-Growth,Franklin Templeton Mutual Fund,Open Ended Schemes,Debt Scheme - Low Duration Fund,Low Duration,INF090I01YE7
152851,Franklin India Medium to Long Duration Fund - Direct Growth,Franklin Templeton Mutual Fund,Open Ended Schemes,Debt Scheme - Medium to Long Duration Fund,Long Duration,INF090I01XG4
118533,Franklin India Mid Cap Fund - Direct - Growth,Franklin Templeton Mutual Fund,Open Ended Schemes,Equity Scheme - Mid Cap Fund,Mid Cap,INF090I01FH9
118506,Franklin India Money Market Fund - Direct - Growth,Franklin Templeton Mutual Fund,Open Ended Schemes,Debt Scheme - Money Market Fund,Money Market,INF090I01GV8
153731,Franklin India Multi Asset Allocation Fund- Direct-Growth,Franklin Templeton Mutual Fund,Open Ended Schemes,Hybrid Scheme - Multi Asset Allocation,Multi Asset,INF090I01YH0
152739,Franklin India Multi Cap Fund - Direct - Growth,Franklin Templeton Mutual Fund,Open Ended Schemes,Equity Scheme - Multi Cap Fund,Multi Cap,INF090I01XA7
153942,Franklin India Multi-Factor Fund- Direct- Growth,Franklin Templeton Mutual Fund,Open Ended Schemes,Equity Scheme - Sectoral/ Thematic,Sectoral,INF090I01YQ1
118539,Franklin India Opportunities Fund - Direct - Growth,Franklin Templeton Mutual Fund,Open Ended Schemes,Equity Scheme - Sectoral/ Thematic,Sectoral,INF090I01GC8
147214,Franklin India Overnight Fund- Growth - Direct,Franklin Templeton Mutual Fund,Open Ended Schemes,Debt Scheme - Overnight Fund,Overnight,INF090I01SS9
118548,Franklin India Retirement Fund - Direct - Growth,Franklin Templeton Mutual Fund,Open Ended Schemes,Solution Oriented Scheme - Retirement Fund,Retirement,INF090I01JZ3
118565,Franklin India SHORT TERM INCOME PLAN - Direct - GROWTH,Franklin Templeton Mutual Fund,Open Ended Schemes,Debt Scheme - Short Duration Fund,Short Duration,INF090I01GK1
154541,Franklin India Short Term Fund - Direct - Growth,Franklin Templeton Mutual Fund,Open Ended Schemes,Income/Debt Oriented Schemes - Short Term Fund,Short Duration,
118525,Franklin India Small Cap Fund - Direct - Growth,Franklin Templeton Mutual Fund,Open Ended Schemes,Equity Scheme - Small Cap Fund,Small Cap,INF090I01IQ4
118537,Franklin India Technology Fund - Direct - Growth,Franklin Templeton Mutual Fund,Open Ended Schemes,Equity Scheme - Sectoral/ Thematic,Sectoral,INF090I01FE6
118560,Franklin India Ultra Short Bond Fund - Super Institutional Plan - Direct - Growth,Franklin Templeton Mutual Fund,Open Ended Schemes,Debt Scheme - Ultra Short Duration Fund,Ultra Short Duration,
152825,Franklin India Ultra Short Duration Fund - Direct - Growth,Franklin Templeton Mutual Fund,Open Ended Schemes,Debt Scheme - Ultra Short Duration Fund,Ultra Short Duration,INF090I01XL4
118551,Franklin U.S. Opportunities Equity Active Fund of Funds - Direct - Growth,Franklin Templeton Mutual Fund,Open Ended Schemes,Other Scheme - FoF Overseas,Fund of Funds,INF090I01JR0
145599,Groww Aggressive Hybrid Fund (formerly known as Indiabulls Equity Hybrid Fund) - Direct Plan - Growth option,Groww Mutual Fund,Open Ended Schemes,Hybrid Schemes - Aggressive Hybrid Fund,Aggressive Hybrid,INF666M01FA3
154320,Groww Arbitrage Fund Direct Growth,Groww Mutual Fund,Open Ended Schemes,Hybrid Schemes - Arbitrage Fund,Arbitrage,INF666M01ON8
154200,Groww BSE Hospitals ETF FOF Direct Growth,Groww Mutual Fund,Open Ended Schemes,Equity Schemes - Value Fund,Value,INF666M01NX9
153745,Groww BSE Power ETF FOF Direct Growth,Groww Mutual Fund,Open Ended Schemes,Equity Schemes - Value Fund,Value,INF666M01LN4
152254,Groww Banking & Financial Services Fund - Direct Plan - Growth,Groww Mutual Fund,Open Ended Schemes,Equity Schemes - Sectoral Fund,Sectoral,INF666M01HS1
145589,Groww Dynamic Term Fund (formerly known as Indiabulls Dynamic Bond Fund) - Direct Plan - Growth option,Groww Mutual Fund,Open Ended Schemes,Income/Debt Oriented Schemes - Dynamic Term Fund,Dynamic Bond,INF666M01EK5
141808,Groww ELSS Tax Saver Fund (formerly known as Indiabulls Tax Savings Fund)- Direct Plan- Growth Option,Groww Mutual Fund,Open Ended Schemes,Equity Schemes - ELSS- Tax Saver Fund,ELSS,INF666M01DK7
153477,Groww Gilt Fund - Direct - Growth,Groww Mutual Fund,Open Ended Schemes,Income/Debt Oriented Schemes - Gilt Fund,Gilt,INF666M01KK2
152980,Groww Gold ETF FOF - DIRECT - GROWTH,Groww Mutual Fund,Open Ended Schemes,Equity Schemes - Value Fund,Value,INF666M01IX9
119133,Groww Largecap Fund (formerly known as Indiabulls Blue Chip Fund) - Direct Plan - Growth Option,Groww Mutual Fund,Open Ended Schemes,Equity Schemes - Large Cap Fund,Large Cap,INF666M01600
119135,Groww Liquid Fund ( formerly known as Indiabulls Liquid )Fund - Direct Plan - Growth Option,Groww Mutual Fund,Open Ended Schemes,Income/Debt Oriented Schemes - Liquid Fund,Liquid,INF666M01451
153982,Groww Money Market Fund Direct Growth,Groww Mutual Fund,Open Ended Schemes,Income/Debt Oriented Schemes - Money Market Fund,Money Market,INF666M01MW3
153821,Groww Multi Asset Allocation Fund Direct Growth,Groww Mutual Fund,Open Ended Schemes,Hybrid Schemes - Multi Asset Allocation Fund,Multi Asset,INF666M01MA9
154028,Groww Multi Asset Omni FOF Direct Growth,Groww Mutual Fund,Open Ended Schemes,Equity Schemes - Value Fund,Value,INF666M01NC3
153034,Groww Multicap Fund - Direct - Growth,Groww Mutual Fund,Open Ended Schemes,Equity Schemes - Multi Cap Fund,Multi Cap,INF666M01JD9
153328,Groww Nifty 200 ETF FOF - Direct - Growth,Groww Mutual Fund,Open Ended Schemes,Equity Schemes - Value Fund,Value,INF666M01JQ1
153704,Groww Nifty 50 Index Fund Direct Growth,Groww Mutual Fund,Open Ended Schemes,Index Funds - Equity Funds,Index,INF666M01KT3
153453,Groww Nifty 500 Momentum 50 ETF FOF - Direct Plan - Growth,Groww Mutual Fund,Open Ended Schemes,Equity Schemes - Value Fund,Value,INF666M01JX7
153908,Groww Nifty Capital Markets ETF FOF Direct Growth,Groww Mutual Fund,Open Ended Schemes,Equity Schemes - Value Fund,Value,INF666M01MG6
152770,Groww Nifty EV & New Age Automotive ETF FOF- Direct Plan - Growth,Groww Mutual Fund,Open Ended Schemes,Equity Schemes - Value Fund,Value,INF666M01IL4
152925,Groww Nifty India Defence ETF FOF - Direct Growth,Groww Mutual Fund,Open Ended Schemes,Equity Schemes - Value Fund,Value,INF666M01IQ3
153626,Groww Nifty India Internet ETF FOF - Direct - Growth,Groww Mutual Fund,Open Ended Schemes,Equity Schemes - Value Fund,Value,INF666M01LC7
153230,Groww Nifty India Railways PSU Index Fund - Direct Plan - Growth,Groww Mutual Fund,Open Ended Schemes,Index Funds - Equity Funds,Index,INF666M01JK4
153939,Groww Nifty Midcap 150 Index Fund Direct Growth,Groww Mutual Fund,Open Ended Schemes,Index Funds - Equity Funds,Index,INF666M01MP7
153786,Groww Nifty Next 50 Index Fund Direct Growth,Groww Mutual Fund,Open Ended Schemes,Index Funds - Equity Funds,Index,INF666M01LT1
152637,Groww Nifty Non-Cyclical Consumer Index Fund - Direct Plan Growth,Groww Mutual Fund,Open Ended Schemes,Index Funds - Equity Funds,Index,INF666M01IE9
154164,Groww Nifty PSE ETF FOF Direct Growth,Groww Mutual Fund,Open Ended Schemes,Equity Schemes - Value Fund,Value,INF666M01NR1
154278,Groww Nifty PSU Bank Index Fund Direct Growth,Groww Mutual Fund,Open Ended Schemes,Index Funds - Equity Funds,Index,INF666M01OH0
154346,Groww Nifty Private Bank Index Fund Direct Growth,Groww Mutual Fund,Open Ended Schemes,Index Funds - Equity Funds,Index,INF666M01OU3
152431,Groww Nifty Smallcap 250 Index Fund - Direct Plan - Growth,Groww Mutual Fund,Open Ended Schemes,Index Funds - Equity Funds,Index,INF666M01HY9
154383,Groww Nifty Smallcap 250 Momentum Quality 100 Index Fund Direct Growth,Groww Mutual Fund,Open Ended Schemes,Index Funds - Equity Funds,Index,INF666M01PA2
152092,Groww Nifty Total Market Index Fund - Direct Plan - Growth,Groww Mutual Fund,Open Ended Schemes,Index Funds - Equity Funds,Index,INF666M01HM4
147450,Groww Overnight Fund (formerly known as Indiabulls Overnight Fund)- Direct Plan- Growth Option,Groww Mutual Fund,Open Ended Schemes,Income/Debt Oriented Schemes - Overnight Fund,Overnight,INF666M01GL8
123704,Groww Short Term Fund (formerly known as Indiabulls Short Term Fund) - Direct Plan - Growth Option,Groww Mutual Fund,Open Ended Schemes,Income/Debt Oriented Schemes - Short Term Fund,Short Duration,INF666M01AC0
153525,Groww Silver ETF FOF - Direct - Growth,Groww Mutual Fund,Open Ended Schemes,Equity Schemes - Value Fund,Value,INF666M01KQ9
154063,Groww Small Cap Fund-Direct-Growth,Groww Mutual Fund,Open Ended Schemes,Equity Schemes - Small Cap Fund,Small Cap,INF666M01NJ8
135341,Groww Value Fund (formerly known as Indiabulls Value Fund) - Direct Plan - Growth Option,Groww Mutual Fund,Open Ended Schemes,Equity Schemes - Value Fund,Value,INF666M01BE4
129052,HDFC ARBITRAGE FUND -Direct Plan - Growth Option,HDFC Mutual Fund,Open Ended Schemes,Hybrid Scheme - Arbitrage Fund,Arbitrage,INF179KA1KT6
151728,HDFC BSE 500 Index Fund - Growth Option - Direct Plan,HDFC Mutual Fund,Open Ended Schemes,Other Scheme - Index Funds,Index,INF179KC1GG9
153959,HDFC BSE India Sector Leaders India Fund - Direct Plan - Growth Option,HDFC Mutual Fund,Open Ended Schemes,Other Scheme - Index Funds,Index,INF179KC1JY6
118968,HDFC Balanced Advantage Fund - Growth Plan - Direct Plan,HDFC Mutual Fund,Open Ended Schemes,Hybrid Scheme - Dynamic Asset Allocation or Balanced Advantage,Balanced Advantage,INF179K01WA6
148986,HDFC Banking & Financial Services Fund - Growth Option - Direct Plan,HDFC Mutual Fund,Open Ended Schemes,Equity Scheme - Sectoral/ Thematic,Sectoral,INF179KC1BG0
128629,HDFC Banking and PSU Debt Fund - Growth Option - Direct Plan,HDFC Mutual Fund,Open Ended Schemes,Debt Scheme - Banking and PSU Fund,Banking & PSU,INF179KA1IZ7
150805,HDFC Business Cycle Fund - Growth Option - Direct Plan,HDFC Mutual Fund,Open Ended Schemes,Equity Scheme - Sectoral/ Thematic,Sectoral,INF179KC1DY9
153517,HDFC CRISIL-IBX Financial Services 3-6 Months Debt Index Fund - Direct Growth Plan,HDFC Mutual Fund,Open Ended Schemes,Other Scheme - Index Funds,Index,INF179KC1JK5
154308,HDFC CRISIL-IBX Financial Services 9-12 Months Debt Index Fund - Direct Growth Plan,HDFC Mutual Fund,Open Ended Schemes,Other Scheme - Index Funds,Index,INF179KC1KI7
151804,HDFC Consumption Fund - Growth Option - Direct Plan,HDFC Mutual Fund,Open Ended Schemes,Equity Scheme - Sectoral/ Thematic,Sectoral,INF179KC1GO3
118987,HDFC Corporate Bond Fund - Growth Option - Direct Plan,HDFC Mutual Fund,Open Ended Schemes,Debt Scheme - Corporate Bond Fund,Corporate Bond,INF179K01XD8
128051,HDFC Credit Risk Debt Fund - Growth Option - Direct Plan,HDFC Mutual Fund,Open Ended Schemes,Debt Scheme - Credit Risk Fund,Credit Risk,INF179KA1FZ3
151750,HDFC Defence Fund - Growth Option - Direct Plan,HDFC Mutual Fund,Open Ended Schemes,Equity Scheme - Sectoral/ Thematic,Sectoral,INF179KC1GI5
149180,HDFC Developed World Overseas Equity Passive FOF - Direct Plan - Growth Option,HDFC Mutual Fund,Open Ended Schemes,Other Scheme - FoF Overseas,Fund of Funds,INF179KC1BO4
153860,HDFC Diversified Equity All Cap Active FOF - Direct Plan - Growth Plan,HDFC Mutual Fund,Open Ended Schemes,Other Scheme - FoF Domestic,Fund of Funds,INF179KC1JU4
119075,HDFC Dynamic Debt Fund - Growth Option - Direct Plan,HDFC Mutual Fund,Open Ended Schemes,Debt Scheme - Dynamic Bond,Dynamic Bond,INF179K01WB4
119060,HDFC ELSS Tax saver - Growth Option - Direct Plan,HDFC Mutual Fund,Open Ended Schemes,Equity Scheme - ELSS,ELSS,INF179K01YS4
119128,HDFC Equity Savings Fund - Growth Option - Direct Plan,HDFC Mutual Fund,Open Ended Schemes,Hybrid Scheme - Equity Savings,Equity Savings,INF179K01XT4
118955,HDFC Flexi Cap Fund - Growth Option - Direct Plan,HDFC Mutual Fund,Open Ended Schemes,Equity Scheme - Flexi Cap Fund,Flexi Cap,INF179K01UT0
118961,HDFC Floating Rate Debt Fund - Direct Plan - Growth Option,HDFC Mutual Fund,Open Ended Schemes,Debt Scheme - Floater Fund,Floating Rate,INF179K01VQ4
118950,HDFC Focused Fund - Growth Option - Direct Plan,HDFC Mutual Fund,Open Ended Schemes,Equity Scheme - Focused Fund,Focused,INF179K01VK7
119116,HDFC Gilt Fund - Growth Option - Direct Plan,HDFC Mutual Fund,Open Ended Schemes,Debt Scheme - Gilt Fund,Gilt,INF179K01VS0
141924,HDFC Housing Opportunities Fund  - Growth Option - Direct Plan,HDFC Mutual Fund,Open Ended Schemes,Equity Scheme - Sectoral/ Thematic,Sectoral,INF179KC1AU3
119118,HDFC Hybrid Debt Fund - Growth Option - Direct Plan,HDFC Mutual Fund,Open Ended Schemes,Hybrid Scheme - Conservative Hybrid Fund,Conservative Hybrid,INF179K01XE6
119062,HDFC Hybrid Equity Fund - Growth Option - Direct Plan,HDFC Mutual Fund,Open Ended Schemes,Hybrid Scheme - Aggressive Hybrid Fund,Aggressive Hybrid,INF179K01XZ1
154262,HDFC INCOME PLUS ARBITRAGE OMNI FOF - GROWTH OPTION - DIRECT PLAN,HDFC Mutual Fund,Open Ended Schemes,Other Scheme - FoF Domestic,Fund of Funds,INF179KC1KE6
153620,HDFC INNOVATION FUND - DIRECT PLAN - GROWTH OPTION,HDFC Mutual Fund,Open Ended Schemes,Equity Scheme - Sectoral/ Thematic,Sectoral,INF179KC1JO7
119069,HDFC Income Fund - Growth Option - Direct Plan,HDFC Mutual Fund,Open Ended Schemes,Debt Scheme - Medium to Long Duration Fund,Long Duration,INF179K01WL3
130543,HDFC Income Plus Arbitrage Active FOF - Growth Option - Direct Plan,HDFC Mutual Fund,Open Ended Schemes,Other Scheme - FoF Domestic,Fund of Funds,INF179KA1SC5
118979,HDFC Infrastructure Fund - Growth Option - Direct Plan,HDFC Mutual Fund,Open Ended Schemes,Equity Scheme - Sectoral/ Thematic,Sectoral,INF179K01WQ2
119018,HDFC Large Cap Fund - Growth Option - Direct Plan,HDFC Mutual Fund,Open Ended Schemes,Equity Scheme - Large Cap Fund,Large Cap,INF179K01YV8
130498,HDFC Large and Mid Cap Fund - Growth Option - Direct Plan,HDFC Mutual Fund,Open Ended Schemes,Equity Scheme - Large & Mid Cap Fund,Mid Cap,INF179KA1RQ7
119091,HDFC Liquid Fund - Growth Option - Direct Plan,HDFC Mutual Fund,Open Ended Schemes,Debt Scheme - Liquid Fund,Liquid,INF179KB1HP9
151313,HDFC Long Duration Debt Fund - Growth Option - Direct Plan,HDFC Mutual Fund,Open Ended Schemes,Debt Scheme - Long Duration Fund,Long Duration,INF179KC1ET7
118929,HDFC Long Term Advantage Plan - Growth Option - Direct Plan,HDFC Mutual Fund,Open Ended Schemes,Equity Scheme - ELSS,ELSS,
118942,HDFC Low Duration  Fund - Direct Plan - Growth,HDFC Mutual Fund,Open Ended Schemes,Debt Scheme - Low Duration Fund,Low Duration,INF179K01VF7
151458,HDFC MNC Fund - Growth Option - Direct Plan,HDFC Mutual Fund,Open Ended Schemes,Equity Scheme - Sectoral/ Thematic,Sectoral,INF179KC1FC0
152600,HDFC Manufacturing fund - Growth Option - Direct Plan,HDFC Mutual Fund,Open Ended Schemes,Equity Scheme - Sectoral/ Thematic,Sectoral,INF179KC1II1
119081,HDFC Medium Term Debt Fund - Growth Option - Direct Plan,HDFC Mutual Fund,Open Ended Schemes,Debt Scheme - Medium Duration Fund,Medium Duration,INF179K01WI9
118989,HDFC Mid Cap Fund - Growth Option - Direct Plan,HDFC Mutual Fund,Open Ended Schemes,Equity Scheme - Mid Cap Fund,Mid Cap,INF179K01XQ0
119092,HDFC Money Market Fund - Growth Option - Direct Plan,HDFC Mutual Fund,Open Ended Schemes,Debt Scheme - Money Market Fund,Money Market,INF179KB1HU9
149368,HDFC Multi Cap Fund - Growth Option - Direct Plan,HDFC Mutual Fund,Open Ended Schemes,Equity Scheme - Multi Cap Fund,Multi Cap,INF179KC1BS5
148903,HDFC Multi-Asset Active FOF - Growth Option -Direct Plan,HDFC Mutual Fund,Open Ended Schemes,Other Scheme - FoF Domestic,Fund of Funds,INF179KC1BA3
119131,HDFC Multi-Asset Fund - Growth Option - Direct Plan,HDFC Mutual Fund,Open Ended Schemes,Hybrid Scheme - Multi Asset Allocation,Multi Asset,INF179K01XW8
149868,HDFC NIFTY 100 Index Fund - Direct Plan - Growth Option,HDFC Mutual Fund,Open Ended Schemes,Other Scheme - Index Funds,Index,INF179KC1BY3
152889,HDFC NIFTY LargeMidcap 250 Index Fund - Growth Option - Direct,HDFC Mutual Fund,Open Ended Schemes,Other Scheme - Index Funds,Index,INF179KC1IQ4
151724,HDFC NIFTY Midcap 150 Index Fund - Growth Option - Direct Plan,HDFC Mutual Fund,Open Ended Schemes,Other Scheme - Index Funds,Index,INF179KC1GC8
149288,HDFC NIFTY Next 50 Index Fund - Direct Plan - Growth Option,HDFC Mutual Fund,Open Ended Schemes,Other Scheme - Index Funds,Index,INF179KC1BQ9
151570,HDFC NIFTY SDL Plus G-Sec Jun 2027 40:60 Index Fund - Growth Option - Direct Plan,HDFC Mutual Fund,Open Ended Schemes,Other Scheme - Index Funds,Index,INF179KC1GA2
151727,HDFC NIFTY Smallcap 250 Index Fund - Growth Option - Direct Plan,HDFC Mutual Fund,Open Ended Schemes,Other Scheme - Index Funds,Index,INF179KC1GE4
149107,HDFC NIFTY50 Equal weight Index Fund - Direct Plan - Growth Option,HDFC Mutual Fund,Open Ended Schemes,Other Scheme - Index Funds,Index,INF179KC1BM8
149870,HDFC Nifty 100 Equal Weight Index Fund - Direct Plan - Growth Option,HDFC Mutual Fund,Open Ended Schemes,Other Scheme - Index Funds,Index,INF179KC1CA1
154427,HDFC Nifty Auto Index Fund- Direct Plan- Growth Option,HDFC Mutual Fund,Open Ended Schemes,Index Funds - Equity Funds,Index,INF179KC1KQ0
151495,HDFC Nifty G-Sec Apr 2029 Index Fund - Growth Option - Direct Plan,HDFC Mutual Fund,Open Ended Schemes,Other Scheme - Index Funds,Index,INF179KC1FQ0
150845,HDFC Nifty G-Sec Dec 2026 Index Fund - Growth Option - Direct Plan,HDFC Mutual Fund,Open Ended Schemes,Other Scheme - Index Funds,Index,INF179KC1EE9
150847,HDFC Nifty G-Sec July 2031 Index Fund - Growth Option - Direct Plan,HDFC Mutual Fund,Open Ended Schemes,Other Scheme - Index Funds,Index,INF179KC1EH2
151181,HDFC Nifty G-Sec Jun 2027 Index Fund - Growth Option - Direct Plan,HDFC Mutual Fund,Open Ended Schemes,Other Scheme - Index Funds,Index,INF179KC1EJ8
151489,HDFC Nifty G-Sec Jun 2036 Index Fund - Growth Option - Direct Plan,HDFC Mutual Fund,Open Ended Schemes,Other Scheme - Index Funds,Index,INF179KC1FS6
151183,HDFC Nifty G-Sec Sep 2032 Index Fund - Growth Option - Direct Plan,HDFC Mutual Fund,Open Ended Schemes,Other Scheme - Index Funds,Index,INF179KC1EL4
154179,HDFC Nifty India Consumption Index Fund - Direct Growth Plan,HDFC Mutual Fund,Open Ended Schemes,Other Scheme - Index Funds,Index,INF179KC1KA4
153097,HDFC Nifty India Digital Index Fund - Growth Option - Direct,HDFC Mutual Fund,Open Ended Schemes,Other Scheme - Index Funds,Index,INF179KC1JB4
154505,HDFC Nifty Metal ETF FOF - Direct Plan - Growth Option,HDFC Mutual Fund,Open Ended Schemes,Equity Schemes - Value Fund,Value,
151456,HDFC Nifty SDL Oct 2026 Index Fund - Growth Option - Direct Plan,HDFC Mutual Fund,Open Ended Schemes,Other Scheme - Index Funds,Index,INF179KC1FI7
119110,HDFC Overnight Fund - Growth Option - Direct Plan,HDFC Mutual Fund,Open Ended Schemes,Debt Scheme - Overnight Fund,Overnight,INF179KB1HT1
152082,HDFC Pharma and Healthcare Fund - Growth Option - Direct Plan,HDFC Mutual Fund,Open Ended Schemes,Equity Scheme - Sectoral/ Thematic,Sectoral,INF179KC1HO1
136094,HDFC Retirement Savings Fund - Equity Plan - Growth Option - Direct Plan,HDFC Mutual Fund,Open Ended Schemes,Solution Oriented Scheme - Retirement Fund,Retirement,INF179KB1MF0
136465,HDFC Retirement Savings Fund - Hybrid-Debt Plan - Growth Option - Direct Plan,HDFC Mutual Fund,Open Ended Schemes,Solution Oriented Scheme - Retirement Fund,Retirement,INF179KB1MJ2
136464,HDFC Retirement Savings Fund - Hybrid-Equity Plan - Growth Option - Direct Plan,HDFC Mutual Fund,Open Ended Schemes,Solution Oriented Scheme - Retirement Fund,Retirement,INF179KB1MH6
119016,HDFC Short Term  Debt Fund - Growth Option - Direct Plan,HDFC Mutual Fund,Open Ended Schemes,Debt Scheme - Short Duration Fund,Short Duration,INF179K01YM7
150737,HDFC Silver ETF Fund of Fund - Growth Option - Direct Plan,HDFC Mutual Fund,Open Ended Schemes,Other Scheme - FoF Domestic,Fund of Funds,INF179KC1DU7
130503,HDFC Small Cap Fund - Growth Option - Direct Plan,HDFC Mutual Fund,Open Ended Schemes,Equity Scheme - Small Cap Fund,Small Cap,INF179KA1RW5
152059,HDFC Technology Fund - Growth Option - Direct Plan,HDFC Mutual Fund,Open Ended Schemes,Equity Scheme - Sectoral/ Thematic,Sectoral,INF179KC1HI3
151901,HDFC Transportation and Logistics Fund - Growth Option - Direct Plan,HDFC Mutual Fund,Open Ended Schemes,Equity Scheme - Sectoral/ Thematic,Sectoral,INF179KC1GU0
145034,HDFC Ultra Short Term Fund - Direct Plan-Growth Option,HDFC Mutual Fund,Open Ended Schemes,Debt Scheme - Ultra Short Duration Fund,Ultra Short Duration,INF179KB15Q6
118935,HDFC Value Fund - Growth Option - Direct Plan,HDFC Mutual Fund,Open Ended Schemes,Equity Scheme - Value Fund,Value,INF179K01VC4
129200,HSBC Aggressive Hybrid Active FOF - Growth Direct,HSBC Mutual Fund,Open Ended Schemes,Equity Schemes - Value Fund,Value,INF336L01ID3
151122,HSBC Aggressive Hybrid Fund - Direct Growth,HSBC Mutual Fund,Open Ended Schemes,Hybrid Schemes - Aggressive Hybrid Fund,Aggressive Hybrid,INF917K01LE4
151138,HSBC Arbitrage Fund - Direct Growth,HSBC Mutual Fund,Open Ended Schemes,Hybrid Schemes - Arbitrage Fund,Arbitrage,INF917K01QR5
151129,HSBC Balanced Advantage Fund - Direct Growth,HSBC Mutual Fund,Open Ended Schemes,Hybrid Schemes - Balanced Advantage Fund/ Dynamic Asset Allocation,Balanced Advantage,INF917K01IN1
151107,HSBC Banking and PSU Debt Fund - Direct Growth,HSBC Mutual Fund,Open Ended Schemes,Income/Debt Oriented Schemes - Banking and PSU Debt Fund,Banking & PSU,INF917K01HH5
120035,HSBC Brazil Fund - Growth Direct,HSBC Mutual Fund,Open Ended Schemes,Overseas Fund of Funds - Fund of Funds investing overseas,Fund of Funds,INF336L01BY4
151142,HSBC Business Cycles Fund - Direct Growth,HSBC Mutual Fund,Open Ended Schemes,Equity Schemes - Thematic Fund,Thematic,INF917K01RI2
149966,HSBC CRISIL IBX 50:50 Gilt Plus SDL Apr 2028 Index Fund - Direct - Growth,HSBC Mutual Fund,Open Ended Schemes,Other Scheme - Index Funds,Index,INF336L01QH7
151479,HSBC CRISIL IBX Gilt June 2027 Index Fund - Direct - Growth,HSBC Mutual Fund,Open Ended Schemes,Other Scheme - Index Funds,Index,INF336L01QT2
120073,HSBC Conservative Hybrid Fund - Direct Growth,HSBC Mutual Fund,Open Ended Schemes,Hybrid Schemes - Conservative Hybrid Fund,Conservative Hybrid,INF336L01DW4
152032,HSBC Consumption Fund - Direct Growth,HSBC Mutual Fund,Open Ended Schemes,Equity Schemes - Thematic Fund,Thematic,INF336L01QZ9
150996,HSBC Corporate Bond Fund - Direct Growth,HSBC Mutual Fund,Open Ended Schemes,Income/Debt Oriented Schemes - Corporate Bond Fund,Corporate Bond,INF917K01HN3
151045,HSBC Credit Risk Fund - Direct Growth,HSBC Mutual Fund,Open Ended Schemes,Income/Debt Oriented Schemes - Credit Risk Fund,Credit Risk,INF917K01UH8
151087,HSBC Dynamic Bond Fund - Direct Growth,HSBC Mutual Fund,Open Ended Schemes,Income/Debt Oriented Schemes - Dynamic Term Fund,Dynamic Bond,INF917K01HA0
151078,HSBC ELSS Tax saver Fund - Direct Growth,HSBC Mutual Fund,Open Ended Schemes,Equity Scheme - ELSS,ELSS,INF917K01GP0
151060,HSBC Equity Savings Fund - Direct Growth,HSBC Mutual Fund,Open Ended Schemes,Hybrid Scheme - Equity Savings,Equity Savings,INF917K01GE4
153266,HSBC Financial Services Fund - Direct Growth,HSBC Mutual Fund,Open Ended Schemes,Equity Scheme - Sectoral/ Thematic,Sectoral,INF336L01RU8
120046,HSBC Flexi Cap Fund - Direct Growth,HSBC Mutual Fund,Open Ended Schemes,Equity Scheme - Flexi Cap Fund,Flexi Cap,INF336L01DH5
148411,HSBC Focused Fund - Direct Growth,HSBC Mutual Fund,Open Ended Schemes,Equity Scheme - Focused Fund,Focused,INF336L01PB2
151014,HSBC Gilt Fund - Direct Growth,HSBC Mutual Fund,Open Ended Schemes,Debt Scheme - Gilt Fund,Gilt,INF917K01FI7
120043,HSBC Global Emerging Market Fund - Growth Direct,HSBC Mutual Fund,Open Ended Schemes,Other Scheme - FoF Overseas,Fund of Funds,INF336L01CJ3
154295,HSBC Gold ETF Fund of fund - Direct Growth,HSBC Mutual Fund,Open Ended Schemes,Other Scheme - FoF Domestic,Fund of Funds,INF336L01SB6
129197,HSBC Income Plus Arbitrage Active FOF - Growth Direct,HSBC Mutual Fund,Open Ended Schemes,Other Scheme - FoF Domestic,Fund of Funds,INF336L01IP7
152829,HSBC India Export Opportunities Fund - Direct Growth,HSBC Mutual Fund,Open Ended Schemes,Equity Scheme - Sectoral/ Thematic,Sectoral,INF336L01RO1
151040,HSBC Infrastructure Fund - Direct Growth,HSBC Mutual Fund,Open Ended Schemes,Equity Scheme - Sectoral/ Thematic,Sectoral,INF917K01FW8
146772,HSBC Large & Mid Cap Fund - Direct Growth,HSBC Mutual Fund,Open Ended Schemes,Equity Scheme - Large & Mid Cap Fund,Mid Cap,INF336L01NV5
120030,HSBC Large Cap Fund - Direct Growth,HSBC Mutual Fund,Open Ended Schemes,Equity Scheme - Large Cap Fund,Large Cap,INF336L01CM7
120038,HSBC Liquid Fund -  Growth Direct,HSBC Mutual Fund,Open Ended Schemes,Debt Scheme - Liquid Fund,Liquid,INF336L01CC8
151117,HSBC Low Duration Fund - Direct Growth,HSBC Mutual Fund,Open Ended Schemes,Debt Scheme - Low Duration Fund,Low Duration,INF917K01GM7
151146,HSBC Medium Duration Fund - Direct Growth,HSBC Mutual Fund,Open Ended Schemes,Debt Scheme - Medium Duration Fund,Medium Duration,INF917K01TK4
120059,HSBC Medium to Long Duration Fund - Direct Growth,HSBC Mutual Fund,Open Ended Schemes,Debt Scheme - Medium to Long Duration Fund,Long Duration,INF336L01DE2
151036,HSBC Midcap Fund - Direct Growth,HSBC Mutual Fund,Open Ended Schemes,Equity Scheme - Mid Cap Fund,Mid Cap,INF917K01FZ1
151054,HSBC Money Market Fund - Direct Growth,HSBC Mutual Fund,Open Ended Schemes,Debt Scheme - Money Market Fund,Money Market,INF917K01FE6
129193,HSBC Multi Asset Active FOF - Growth Direct,HSBC Mutual Fund,Open Ended Schemes,Other Scheme - FoF Domestic,Fund of Funds,INF336L01IJ0
152380,HSBC Multi Asset Allocation Fund - Direct - Growth,HSBC Mutual Fund,Open Ended Schemes,Hybrid Scheme - Multi Asset Allocation,Multi Asset,INF336L01RI3
151290,HSBC Multi Cap Fund - Direct - Growth,HSBC Mutual Fund,Open Ended Schemes,Equity Scheme - Multi Cap Fund,Multi Cap,INF336L01QN5
151157,HSBC NIFTY 50 INDEX FUND - Direct Growth,HSBC Mutual Fund,Open Ended Schemes,Other Scheme - Index Funds,Index,INF917K01D12
151160,HSBC NIFTY NEXT 50 INDEX FUND - Direct Growth,HSBC Mutual Fund,Open Ended Schemes,Other Scheme - Index Funds,Index,INF917K01D79
147287,HSBC Overnight Fund - Direct Growth,HSBC Mutual Fund,Open Ended Schemes,Debt Scheme - Overnight Fund,Overnight,INF336L01OF6
151067,HSBC Short Duration Fund - Direct Growth,HSBC Mutual Fund,Open Ended Schemes,Debt Scheme - Short Duration Fund,Short Duration,INF917K01IQ4
151130,HSBC Small Cap Fund - Direct Growth,HSBC Mutual Fund,Open Ended Schemes,Equity Scheme - Small Cap Fund,Small Cap,INF917K01QA1
147908,HSBC Ultra Short Duration Fund - Direct Growth,HSBC Mutual Fund,Open Ended Schemes,Debt Scheme - Ultra Short Duration Fund,Ultra Short Duration,INF336L01OR1
151113,HSBC Value Fund - Direct Growth,HSBC Mutual Fund,Open Ended Schemes,Equity Scheme - Value Fund,Value,INF917K01HD4
154257,Helios Arbitrage Fund - Direct Growth,Helios Mutual Fund,Open Ended Schemes,Hybrid Schemes - Arbitrage Fund,Arbitrage,INF0R8701442
152509,Helios Balanced Advantage Fund- Direct Plan- Growth Option,Helios Mutual Fund,Open Ended Schemes,Hybrid Schemes - Balanced Advantage Fund/ Dynamic Asset Allocation,Balanced Advantage,INF0R8701145
152679,Helios Financial Services Fund - Direct Plan - Growth Option,Helios Mutual Fund,Open Ended Schemes,Equity Schemes - Sectoral Fund,Sectoral,INF0R8701202
152135,Helios Flexi Cap Fund - Direct Plan - Growth Option,Helios Mutual Fund,Open Ended Schemes,Equity Schemes - Flexi Cap Fund,Flexi Cap,INF0R8701046
152941,Helios Large & Mid Cap Fund - Direct Plan - Growth Option,Helios Mutual Fund,Open Ended Schemes,Equity Schemes - Large & Mid Cap Fund,Mid Cap,INF0R8701269
153326,Helios Mid Cap Fund - Direct Plan - Growth Option,Helios Mutual Fund,Open Ended Schemes,Equity Schemes - Mid Cap Fund,Mid Cap,INF0R8701327
152152,Helios Overnight Fund - Direct Plan - Growth Option,Helios Mutual Fund,Open Ended Schemes,Income/Debt Oriented Schemes - Overnight Fund,Overnight,INF0R8701079
153912,Helios Small Cap Fund - Direct Plan - Growth Option,Helios Mutual Fund,Open Ended Schemes,Equity Schemes - Small Cap Fund,Small Cap,INF0R8701384
152728,ICICI PRUDENTIAL ENERGY OPPORTUNITIES FUND - Direct Plan - Growth,ICICI Prudential Mutual Fund,Open Ended Schemes,Equity Scheme - Sectoral/ Thematic,Sectoral,INF109KC12W6
150310,ICICI PRUDENTIAL HOUSING OPPORTUNITIES FUND - Direct Plan Growth,ICICI Prudential Mutual Fund,Open Ended Schemes,Equity Scheme - Sectoral/ Thematic,Sectoral,INF109KC10C2
150685,ICICI PRUDENTIAL TRANSPORTATION AND LOGISTICS FUND - Direct Plan - Growth,ICICI Prudential Mutual Fund,Open Ended Schemes,Equity Scheme - Sectoral/ Thematic,Sectoral,INF109KC12K1
153684,ICICI Prudential Active Momentum Fund - Direct Plan - Growth,ICICI Prudential Mutual Fund,Open Ended Schemes,Equity Scheme - Sectoral/ Thematic,Sectoral,INF109K1A385
120700,ICICI Prudential Aggressive Hybrid Active FOF - Direct Plan - Growth,ICICI Prudential Mutual Fund,Open Ended Schemes,Other Scheme - FoF Domestic,Fund of Funds,INF109K01X40
120603,ICICI Prudential All Seasons Bond Fund - Direct Plan - Growth,ICICI Prudential Mutual Fund,Open Ended Schemes,Debt Scheme - Dynamic Bond,Dynamic Bond,INF109K016E5
120364,ICICI Prudential Arbitrage Fund - Direct Plan - Growth,ICICI Prudential Mutual Fund,Open Ended Schemes,Hybrid Scheme - Arbitrage Fund,Arbitrage,INF109K016O4
149331,ICICI Prudential BSE 500 ETF FOF - Direct Plan - Growth,ICICI Prudential Mutual Fund,Open Ended Schemes,Other Scheme - FoF Domestic,Fund of Funds,INF109KC1V91
120377,ICICI Prudential Balanced Advantage Fund - Direct Plan -  Growth,ICICI Prudential Mutual Fund,Open Ended Schemes,Hybrid Scheme - Dynamic Asset Allocation or Balanced Advantage,Balanced Advantage,INF109K012B0
154417,ICICI Prudential Balanced Hybrid Fund - Direct Plan - Growth,ICICI Prudential Mutual Fund,Open Ended Schemes,Hybrid Scheme - Balanced Hybrid Fund,Balanced Hybrid,INF109K1A518
120244,ICICI Prudential Banking and Financial Services Fund - Direct Plan -  Growth,ICICI Prudential Mutual Fund,Open Ended Schemes,Equity Scheme - Sectoral/ Thematic,Sectoral,INF109K013J1
120256,ICICI Prudential Banking and PSU Debt Fund - Direct Plan -  Growth,ICICI Prudential Mutual Fund,Open Ended Schemes,Debt Scheme - Banking and PSU Fund,Banking & PSU,INF109K010A6
146951,ICICI Prudential Bharat Consumption Fund - Direct Plan - Growth Option,ICICI Prudential Mutual Fund,Open Ended Schemes,Equity Scheme - Sectoral/ Thematic,Sectoral,INF109KC1YD4
120300,ICICI Prudential Blended Plan B - Direct Plan -  Growth Option - I,ICICI Prudential Mutual Fund,Open Ended Schemes,Income,Debt,
120619,ICICI Prudential Bond Fund - Direct Plan - Growth,ICICI Prudential Mutual Fund,Open Ended Schemes,Debt Scheme - Medium to Long Duration Fund,Long Duration,INF109K01V83
148651,ICICI Prudential Business Cycle Fund Direct Plan Growth,ICICI Prudential Mutual Fund,Open Ended Schemes,Equity Scheme - Sectoral/ Thematic,Sectoral,INF109KC1P24
153236,ICICI Prudential CRISIL-IBX AAA Bond Financial Services Index -Dec 2026 Fund- Direct Plan - Growth,ICICI Prudential Mutual Fund,Open Ended Schemes,Other Scheme - Index Funds,Index,INF109KC15Z2
153411,ICICI Prudential CRISIL-IBX Financial Services 3-6 Months Debt Index Fund - Direct Plan - Growth,ICICI Prudential Mutual Fund,Open Ended Schemes,Other Scheme - Index Funds,Index,INF109K1A062
147662,ICICI Prudential Commodities Fund - Direct Plan - Growth Option,ICICI Prudential Mutual Fund,Open Ended Schemes,Equity Scheme - Sectoral/ Thematic,Sectoral,INF109KC1F91
153867,ICICI Prudential Conglomerate Fund - Direct Plan - Growth,ICICI Prudential Mutual Fund,Open Ended Schemes,Equity Scheme - Sectoral/ Thematic,Sectoral,INF109K1A427
131061,ICICI Prudential Constant Maturity Gilt Fund - Direct Plan - Growth,ICICI Prudential Mutual Fund,Open Ended Schemes,Debt Scheme - Gilt Fund with 10 year constant duration,Gilt,INF109KA1O37
120692,ICICI Prudential Corporate Bond Fund - Direct Plan - Growth,ICICI Prudential Mutual Fund,Open Ended Schemes,Debt Scheme - Corporate Bond Fund,Corporate Bond,INF109K016B1
120711,ICICI Prudential Credit Risk Fund - Direct Plan - Growth,ICICI Prudential Mutual Fund,Open Ended Schemes,Debt Scheme - Credit Risk Fund,Credit Risk,INF109K01V00
120702,ICICI Prudential Diversified Debt Strategy Active FOF  - Direct Plan - Growth,ICICI Prudential Mutual Fund,Open Ended Schemes,Other Scheme - FoF Domestic,Fund of Funds,INF109K01X73
154266,ICICI Prudential Diversified Equity All Cap Active FOF - Direct Plan - Growth,ICICI Prudential Mutual Fund,Open Ended Schemes,Other Scheme - FoF Domestic,Fund of Funds,INF109K1A468
148035,ICICI Prudential Diversified Equity All Cap Omni FOF - Direct Plan - Growth,ICICI Prudential Mutual Fund,Open Ended Schemes,Other Scheme - FoF Domestic,Fund of Funds,INF109KC1I49
120679,ICICI Prudential Dynamic Asset Allocation Active FOF - Direct Plan - Growth,ICICI Prudential Mutual Fund,Open Ended Schemes,Other Scheme - FoF Domestic,Fund of Funds,INF109K01X16
120582,ICICI Prudential Dynamic Bond Fund - Direct Plan -  Growth,ICICI Prudential Mutual Fund,Open Ended Schemes,Income,Debt,
120592,ICICI Prudential ELSS Tax Saver Fund - Direct Plan - Growth,ICICI Prudential Mutual Fund,Open Ended Schemes,Equity Scheme - ELSS,ELSS,INF109K01Y31
148516,ICICI Prudential ESG Exclusionary Strategy Fund - Direct Plan - Growth,ICICI Prudential Mutual Fund,Open Ended Schemes,Equity Scheme - Sectoral/ Thematic,Sectoral,INF109KC1O09
120251,ICICI Prudential Equity & Debt Fund - Direct Plan - Growth,ICICI Prudential Mutual Fund,Open Ended Schemes,Hybrid Scheme - Aggressive Hybrid Fund,Aggressive Hybrid,INF109K01Y07
153070,ICICI Prudential Equity Minimum Variance Fund - Direct Plan - Growth,ICICI Prudential Mutual Fund,Open Ended Schemes,Equity Scheme - Sectoral/ Thematic,Sectoral,INF109KC10Y6
120688,ICICI Prudential Exports & Services Fund - Direct Plan - Growth,ICICI Prudential Mutual Fund,Open Ended Schemes,Equity Scheme - Sectoral/ Thematic,Sectoral,INF109K01W25
120587,ICICI Prudential FMCG Fund - Direct Plan -  Growth,ICICI Prudential Mutual Fund,Open Ended Schemes,Equity Scheme - Sectoral/ Thematic,Sectoral,INF109K01Z14
148990,ICICI Prudential Flexicap Fund - Direct Plan - Growth,ICICI Prudential Mutual Fund,Open Ended Schemes,Equity Scheme - Flexi Cap Fund,Flexi Cap,INF109KC1R14
120425,ICICI Prudential Floating Interest Fund - Direct Plan - Growth,ICICI Prudential Mutual Fund,Open Ended Schemes,Debt Scheme - Floater Fund,Floating Rate,INF109K01P57
120722,ICICI Prudential Focused Equity Fund - Direct Plan - Growth,ICICI Prudential Mutual Fund,Open Ended Schemes,Equity Scheme - Focused Fund,Focused,INF109K018N2
120590,ICICI Prudential Gilt Fund - Direct Plan - Growth,ICICI Prudential Mutual Fund,Open Ended Schemes,Debt Scheme - Gilt Fund,Gilt,INF109K018C5
120605,ICICI Prudential Gilt Fund Investment Plan PF Option - Direct Plan -Growth Option,ICICI Prudential Mutual Fund,Open Ended Schemes,Gilt,Gilt,
120611,ICICI Prudential Gilt Fund Treasury Plan PF Option - Direct Plan -Growth Option,ICICI Prudential Mutual Fund,Open Ended Schemes,Gilt,Gilt,
147648,ICICI Prudential Global Advantage Fund (FOF) - Direct Plan - Growth Option,ICICI Prudential Mutual Fund,Open Ended Schemes,Other Scheme - FoF Domestic,Fund of Funds,INF109KC1F34
123654,ICICI Prudential Global Stable Equity Fund (FOF) - Direct - Growth,ICICI Prudential Mutual Fund,Open Ended Schemes,Other Scheme - FoF Overseas,Fund of Funds,INF109KA1CE0
120685,ICICI Prudential Gold ETF FOF - Direct Plan - Growth,ICICI Prudential Mutual Fund,Open Ended Schemes,Other Scheme - FoF Domestic,Fund of Funds,INF109K01U92
120313,ICICI Prudential Income plus Arbitrage Omni FOF - Direct Plan - Growth,ICICI Prudential Mutual Fund,Open Ended Schemes,Other Scheme - FoF Domestic,Fund of Funds,INF109K01W82
120621,ICICI Prudential Infrastructure Fund - Direct Plan -  Growth,ICICI Prudential Mutual Fund,Open Ended Schemes,Equity Scheme - Sectoral/ Thematic,Sectoral,INF109K018M4
151580,ICICI Prudential Innovation Fund - Direct Plan - Growth,ICICI Prudential Mutual Fund,Open Ended Schemes,Equity Scheme - Sectoral/ Thematic,Sectoral,INF109KC12T2
120596,ICICI Prudential Large & Mid Cap Fund - Direct Plan - Growth,ICICI Prudential Mutual Fund,Open Ended Schemes,Equity Scheme - Large & Mid Cap Fund,Mid Cap,INF109K011O5
120586,ICICI Prudential Large Cap Fund (erstwhile Bluechip Fund) - Direct Plan - Growth,ICICI Prudential Mutual Fund,Open Ended Schemes,Equity Scheme - Large Cap Fund,Large Cap,INF109K016L0
120197,ICICI Prudential Liquid Fund - Direct Plan - Growth,ICICI Prudential Mutual Fund,Open Ended Schemes,Debt Scheme - Liquid Fund,Liquid,INF109K01Q49
120743,ICICI Prudential Long Term Bond Fund - Direct Plan - Growth,ICICI Prudential Mutual Fund,Open Ended Schemes,Debt Scheme - Long Duration Fund,Long Duration,INF109K017L8
120668,ICICI Prudential MIP - Direct Plan -  Growth,ICICI Prudential Mutual Fund,Open Ended Schemes,Income,Debt,
147346,ICICI Prudential MNC Fund - Direct Plan - Growth Option,ICICI Prudential Mutual Fund,Open Ended Schemes,Equity Scheme - Sectoral/ Thematic,Sectoral,INF109KC1D93
120670,ICICI Prudential Medium Term Bond Fund - Direct Plan - Growth,ICICI Prudential Mutual Fund,Open Ended Schemes,Debt Scheme - Medium Duration Fund,Medium Duration,INF109K015A5
120381,ICICI Prudential MidCap Fund - Direct Plan -  Growth,ICICI Prudential Mutual Fund,Open Ended Schemes,Equity Scheme - Mid Cap Fund,Mid Cap,INF109K011N7
120211,ICICI Prudential Money Market Fund Option - Direct Plan -  Growth,ICICI Prudential Mutual Fund,Open Ended Schemes,Debt Scheme - Money Market Fund,Money Market,INF109K01R14
120242,ICICI Prudential Multi Sector Passive FOF - Direct Plan - Growth,ICICI Prudential Mutual Fund,Open Ended Schemes,Other Scheme - FoF Domestic,Fund of Funds,INF109K01W58
154449,ICICI Prudential Multi-Asset Active FOF - Direct Plan - Growth,ICICI Prudential Mutual Fund,Open Ended Schemes,Other Scheme - FoF Domestic,Fund of Funds,INF109K1A559
120334,ICICI Prudential Multi-Asset Fund - Direct Plan - Growth,ICICI Prudential Mutual Fund,Open Ended Schemes,Hybrid Scheme - Multi Asset Allocation,Multi Asset,INF109K015K4
120599,ICICI Prudential Multicap Fund - Direct Plan -  Growth,ICICI Prudential Mutual Fund,Open Ended Schemes,Equity Scheme - Multi Cap Fund,Multi Cap,INF109K014O9
149219,ICICI Prudential NASDAQ 100 Index Fund - Direct Plan - Growth,ICICI Prudential Mutual Fund,Open Ended Schemes,Other Scheme - Index Funds,Index,INF109KC1U50
148822,ICICI Prudential Nifty 100 Low Volatility 30 ETF FOF - Direct Plan - Growth,ICICI Prudential Mutual Fund,Open Ended Schemes,Other Scheme - FoF Domestic,Fund of Funds,INF109KC1P81
150452,ICICI Prudential Nifty 200 Momentum 30 Index Fund - Direct Plan - Growth,ICICI Prudential Mutual Fund,Open Ended Schemes,Other Scheme - Index Funds,Index,INF109KC11D8
153161,ICICI Prudential Nifty 500 Index Fund - Direct Plan - Growth,ICICI Prudential Mutual Fund,Open Ended Schemes,Other Scheme - Index Funds,Index,INF109KC16Y3
149158,ICICI Prudential Nifty Alpha Low - Volatility 30 ETF FOF - Direct Plan - Growth,ICICI Prudential Mutual Fund,Open Ended Schemes,Other Scheme - FoF Domestic,Fund of Funds,INF109KC1R89
150643,ICICI Prudential Nifty Auto Index Fund - Direct Plan - Growth,ICICI Prudential Mutual Fund,Open Ended Schemes,Other Scheme - Index Funds,Index,INF109KC16J4
149858,ICICI Prudential Nifty Bank Index Fund - Direct Plan Growth,ICICI Prudential Mutual Fund,Open Ended Schemes,Other Scheme - Index Funds,Index,INF109KC11A4
153394,ICICI Prudential Nifty EV & New Age Automotive ETF FOF - Direct Plan - Growth,ICICI Prudential Mutual Fund,Open Ended Schemes,Other Scheme - FoF Domestic,Fund of Funds,INF109K1A120
150733,ICICI Prudential Nifty G-Sec Dec 2030 Index Fund - Direct Plan - Growth,ICICI Prudential Mutual Fund,Open Ended Schemes,Other Scheme - Index Funds,Index,INF109KC18K8
150468,ICICI Prudential Nifty IT Index Fund - Direct Plan - Growth,ICICI Prudential Mutual Fund,Open Ended Schemes,Other Scheme - Index Funds,Index,INF109KC13E2
152482,ICICI Prudential Nifty LargeMidcap 250 Index Fund - Direct Plan - Growth,ICICI Prudential Mutual Fund,Open Ended Schemes,Other Scheme - Index Funds,Index,INF109KC12U0
149389,ICICI Prudential Nifty Midcap 150 Index Fund - Direct Plan - Growth,ICICI Prudential Mutual Fund,Open Ended Schemes,Other Scheme - Index Funds,Index,INF109KC1W58
120684,ICICI Prudential Nifty Next 50 Index Fund - Direct Plan -  Growth,ICICI Prudential Mutual Fund,Open Ended Schemes,Other Scheme - Index Funds,Index,INF109K01Y80
149210,ICICI Prudential Nifty PSU Bond Plus SDL Sep 2027 40:60 Index Fund - Direct Plan Growth,ICICI Prudential Mutual Fund,Open Ended Schemes,Other Scheme - Index Funds,Index,INF109KC1S88
150930,ICICI Prudential Nifty Pharma Index Fund - Direct Plan - Growth,ICICI Prudential Mutual Fund,Open Ended Schemes,Other Scheme - Index Funds,Index,INF109KC11M9
153679,ICICI Prudential Nifty Private Bank Index Fund - Direct Plan - Growth,ICICI Prudential Mutual Fund,Open Ended Schemes,Other Scheme - Index Funds,Index,INF109K1A369
150729,ICICI Prudential Nifty SDL Dec 2028 Index Fund - Direct Plan - Growth,ICICI Prudential Mutual Fund,Open Ended Schemes,Other Scheme - Index Funds,Index,INF109KC14L5
151211,ICICI Prudential Nifty SDL Sep 2026 Index Fund - Direct Plan - Growth,ICICI Prudential Mutual Fund,Open Ended Schemes,Other Scheme - Index Funds,Index,INF109KC13P8
149999,ICICI Prudential Nifty SDL Sep 2027 Index Fund - Direct Plan - Growth,ICICI Prudential Mutual Fund,Open Ended Schemes,Other Scheme - Index Funds,Index,INF109KC14B6
149283,ICICI Prudential Nifty Smallcap 250 Index Fund - Direct Plan - Growth,ICICI Prudential Mutual Fund,Open Ended Schemes,Other Scheme - Index Funds,Index,INF109KC1V18
153614,ICICI Prudential Nifty Top 15 Equal Weight Index Fund - Direct Plan - Growth,ICICI Prudential Mutual Fund,Open Ended Schemes,Other Scheme - Index Funds,Index,INF109K1A310
153546,ICICI Prudential Nifty200 Quality 30 Index Fund - Direct Plan - Growth,ICICI Prudential Mutual Fund,Open Ended Schemes,Other Scheme - Index Funds,Index,INF109K1A252
152936,ICICI Prudential Nifty200 Value 30 Index Fund - Direct Plan - Growth,ICICI Prudential Mutual Fund,Open Ended Schemes,Other Scheme - Index Funds,Index,INF109KC13X2
150639,ICICI Prudential Nifty50 Equal Weight Index Fund- Direct Plan - Growth,ICICI Prudential Mutual Fund,Open Ended Schemes,Other Scheme - Index Funds,Index,INF109KC10J7
152365,ICICI Prudential Nifty50 Value 20 Index Fund - Direct Plan - Growth,ICICI Prudential Mutual Fund,Open Ended Schemes,Other Scheme - Index Funds,Index,INF109KC16T3
145536,ICICI Prudential Overnight Fund - Direct Plan - Growth,ICICI Prudential Mutual Fund,Open Ended Schemes,Debt Scheme - Overnight Fund,Overnight,INF109KC11G1
150539,ICICI Prudential PSU Equity Fund - Direct Plan - Growth,ICICI Prudential Mutual Fund,Open Ended Schemes,Equity Scheme - Sectoral/ Thematic,Sectoral,INF109KC12I5
149441,ICICI Prudential Passive Multi-Asset Fund of Funds - Direct Plan - Growth,ICICI Prudential Mutual Fund,Open Ended Schemes,Other Scheme - FoF Domestic,Fund of Funds,INF109KC1Y15
153458,ICICI Prudential Quality Fund - Direct Plan - Growth,ICICI Prudential Mutual Fund,Open Ended Schemes,Equity Scheme - Sectoral/ Thematic,Sectoral,INF109K1A187
148600,ICICI Prudential Quant Fund Direct Plan Growth,ICICI Prudential Mutual Fund,Open Ended Schemes,Equity Scheme - Sectoral/ Thematic,Sectoral,INF109KC1O66
120616,ICICI Prudential Regular Savings Fund - Direct Plan - Growth,ICICI Prudential Mutual Fund,Open Ended Schemes,Hybrid Scheme - Conservative Hybrid Fund,Conservative Hybrid,INF109K01S39
146721,ICICI Prudential Retirement Fund - Hybrid Aggressive - Direct Plan - Growth Option,ICICI Prudential Mutual Fund,Open Ended Schemes,Solution Oriented Scheme - Retirement Fund,Retirement,INF109KC1TW4
146716,ICICI Prudential Retirement Fund - Hybrid Conservative - Direct Plan - Growth Option,ICICI Prudential Mutual Fund,Open Ended Schemes,Solution Oriented Scheme - Retirement Fund,Retirement,INF109KC1UA8
146727,ICICI Prudential Retirement Fund - Pure Debt - Direct Plan - Growth Option,ICICI Prudential Mutual Fund,Open Ended Schemes,Solution Oriented Scheme - Retirement Fund,Retirement,INF109KC1UE0
146349,ICICI Prudential Retirement Fund - Pure Equity - Direct Plan - Growth Option,ICICI Prudential Mutual Fund,Open Ended Schemes,Solution Oriented Scheme - Retirement Fund,Retirement,INF109KC1TS2
153184,ICICI Prudential Rural Opportunities Fund - Direct Plan - Growth,ICICI Prudential Mutual Fund,Open Ended Schemes,Equity Scheme - Sectoral/ Thematic,Sectoral,INF109KC12Z9
120398,ICICI Prudential Savings Fund - Direct Plan - Growth,ICICI Prudential Mutual Fund,Open Ended Schemes,Debt Scheme - Low Duration Fund,Low Duration,INF109K01O82
120754,ICICI Prudential Short Term Fund - Direct Plan - Growth Option,ICICI Prudential Mutual Fund,Open Ended Schemes,Debt Scheme - Short Duration Fund,Short Duration,INF109K013N3
149775,ICICI Prudential Silver ETF FOF - Direct Plan - Growth,ICICI Prudential Mutual Fund,Open Ended Schemes,Other Scheme - FoF Domestic,Fund of Funds,INF109KC1Y98
120591,ICICI Prudential Smallcap Fund - Direct Plan - Growth,ICICI Prudential Mutual Fund,Open Ended Schemes,Equity Scheme - Small Cap Fund,Small Cap,INF109K015M0
149455,ICICI Prudential Strategic Metal and Energy Equity Fund of Fund - Direct Plan Growth,ICICI Prudential Mutual Fund,Open Ended Schemes,Other Scheme - FoF Overseas,Fund of Funds,INF109KC1Z55
120594,ICICI Prudential Technology Fund - Direct Plan -  Growth,ICICI Prudential Mutual Fund,Open Ended Schemes,Equity Scheme - Sectoral/ Thematic,Sectoral,INF109K01Z48
120186,ICICI Prudential US Bluechip Equity Fund - Direct Plan -  Growth,ICICI Prudential Mutual Fund,Open Ended Schemes,Equity Scheme - Sectoral/ Thematic,Sectoral,INF109K01Z71
120676,ICICI Prudential Ultra Short Term Fund - Direct Plan -  Growth,ICICI Prudential Mutual Fund,Open Ended Schemes,Debt Scheme - Ultra Short Duration Fund,Ultra Short Duration,INF109K01T04
120323,ICICI Prudential Value Fund (erstwhile Value Discovery Fund) - Direct Plan - Growth,ICICI Prudential Mutual Fund,Open Ended Schemes,Equity Scheme - Value Fund,Value,INF109K012K1
147617,ITI Arbitrage Fund - Direct Plan - Growth Option,ITI Mutual Fund,Open Ended Schemes,Hybrid Scheme - Arbitrage Fund,Arbitrage,INF00XX01440
147789,ITI Balanced Advantage Fund - Direct Plan - Growth Option,ITI Mutual Fund,Open Ended Schemes,Hybrid Scheme - Dynamic Asset Allocation or Balanced Advantage,Balanced Advantage,INF00XX01689
148534,ITI Banking & PSU Debt Fund - Direct Plan - Growth Option,ITI Mutual Fund,Open Ended Schemes,Debt Scheme - Banking and PSU Fund,Banking & PSU,INF00XX01861
149321,ITI Banking and Financial Services Fund - Direct Plan - Growth Option,ITI Mutual Fund,Open Ended Schemes,Equity Scheme - Sectoral/ Thematic,Sectoral,INF00XX01BU6
153260,ITI Bharat Consumption Fund - Direct Plan - Growth,ITI Mutual Fund,Open Ended Schemes,Equity Scheme - Sectoral/ Thematic,Sectoral,INF00XX01DG1
154157,ITI Business Cycle Fund- Direct Plan- Growth,ITI Mutual Fund,Open Ended Schemes,Equity Scheme - Sectoral/ Thematic,Sectoral,INF00XX01DM9
149029,ITI Dynamic Term Fund - Direct Plan - Growth Option,ITI Mutual Fund,Open Ended Schemes,Income/Debt Oriented Schemes - Dynamic Term Fund,Dynamic Bond,INF00XX01BC4
147541,ITI ELSS Tax Saver Fund - Direct Plan - Growth Option,ITI Mutual Fund,Open Ended Schemes,Equity Scheme - ELSS,ELSS,INF00XX01390
151379,ITI Flexi Cap Fund- Direct Plan- Growth,ITI Mutual Fund,Open Ended Schemes,Equity Scheme - Flexi Cap Fund,Flexi Cap,INF00XX01CO7
151777,ITI Focused Fund - Direct Plan - Growth,ITI Mutual Fund,Open Ended Schemes,Equity Scheme - Focused Fund,Focused,INF00XX01CS8
152821,ITI Large & Midcap Fund - Direct Plan - Growth,ITI Mutual Fund,Open Ended Schemes,Equity Scheme - Large & Mid Cap Fund,Mid Cap,INF00XX01DA4
148353,ITI Large Cap Fund - Direct Plan - Growth Option,ITI Mutual Fund,Open Ended Schemes,Equity Scheme - Large Cap Fund,Large Cap,INF00XX01804
147157,ITI Liquid Fund - Direct Plan - Growth Option,ITI Mutual Fund,Open Ended Schemes,Debt Scheme - Liquid Fund,Liquid,INF00XX01283
148733,ITI Mid Cap Fund - Direct Plan - Growth Option,ITI Mutual Fund,Open Ended Schemes,Equity Scheme - Mid Cap Fund,Mid Cap,INF00XX01929
147183,ITI Multi Cap Fund - Direct Plan - Growth Option,ITI Mutual Fund,Open Ended Schemes,Equity Scheme - Multi Cap Fund,Multi Cap,INF00XX01168
147713,ITI Overnight Fund - Direct Plan - Growth Option,ITI Mutual Fund,Open Ended Schemes,Debt Scheme - Overnight Fund,Overnight,INF00XX01564
149268,ITI Pharma and Healthcare Fund - Direct Plan - Growth Option,ITI Mutual Fund,Open Ended Schemes,Equity Scheme - Sectoral/ Thematic,Sectoral,INF00XX01BO9
147919,ITI Small Cap Fund - Direct Plan - Growth Option,ITI Mutual Fund,Open Ended Schemes,Equity Scheme - Small Cap Fund,Small Cap,INF00XX01747
148913,ITI Ultra Short Term Fund - Direct Plan - Growth Option,ITI Mutual Fund,Open Ended Schemes,Income/Debt Oriented Schemes - Ultra Short Term Fund,Ultra Short Duration,INF00XX01AE2
148972,ITI Value Fund - Direct Plan - Growth Option,ITI Mutual Fund,Open Ended Schemes,Equity Scheme - Value Fund,Value,INF00XX01AQ6
149961,Invesco India - Invesco EQQQ Nasdaq-100 ETF Fund of Fund - Direct Plan - Growth,Invesco Mutual Fund,Open Ended Schemes,Overseas Fund of Funds - Fund of Funds investing overseas,Fund of Funds,INF205KA1585
148614,Invesco India - Invesco Global Consumer Trends Fund of Fund - Direct Plan - Growth,Invesco Mutual Fund,Open Ended Schemes,Overseas Fund of Funds - Fund of Funds investing overseas,Fund of Funds,INF205KA1270
129188,Invesco India - Invesco Global Equity Income Fund of Fund - Direct Plan - Growth,Invesco Mutual Fund,Open Ended Schemes,Overseas Fund of Funds - Fund of Funds investing overseas,Fund of Funds,INF205K01B49
126353,Invesco India - Invesco Pan European Equity Fund of Fund - Direct Plan - Growth Option,Invesco Mutual Fund,Open Ended Schemes,Overseas Fund of Funds - Fund of Funds investing overseas,Fund of Funds,INF205K01A24
143537,Invesco India Aggressive Hybrid Fund - Direct Plan - Growth,Invesco Mutual Fund,Open Ended Schemes,Hybrid Schemes - Aggressive Hybrid Fund,Aggressive Hybrid,INF205K014Q7
120401,Invesco India Arbitrage Fund - Direct Plan - Growth Option,Invesco Mutual Fund,Open Ended Schemes,Hybrid Schemes - Arbitrage Fund,Arbitrage,INF205K01KR8
154340,Invesco India BSE Sensex Index Fund - Direct Plan - Growth,Invesco Mutual Fund,Open Ended Schemes,Index Funds - Equity Funds,Index,INF205KA1BM8
120333,Invesco India Balanced Advantage Fund - Direct Plan - Growth,Invesco Mutual Fund,Open Ended Schemes,Hybrid Schemes - Balanced Advantage Fund/ Dynamic Asset Allocation,Balanced Advantage,INF205K01LN5
120444,Invesco India Banking and PSU Fund - Direct Plan -  Growth Option,Invesco Mutual Fund,Open Ended Schemes,Income/Debt Oriented Schemes - Banking and PSU Debt Fund,Banking & PSU,INF205K01KT4
153291,Invesco India Business Cycle Fund - Direct Plan - Growth,Invesco Mutual Fund,Open Ended Schemes,Equity Schemes - Thematic Fund,Thematic,INF205KA1AI8
153900,Invesco India Consumption Fund - Direct Plan - Growth,Invesco Mutual Fund,Open Ended Schemes,Equity Schemes - Thematic Fund,Thematic,INF205KA1BI6
120348,Invesco India Contra Fund - Direct Plan - Growth,Invesco Mutual Fund,Open Ended Schemes,Equity Schemes - Contra Fund,Contra,INF205K01LE4
120497,Invesco India Corporate Bond Fund - Direct Plan - Growth,Invesco Mutual Fund,Open Ended Schemes,Income/Debt Oriented Schemes - Corporate Bond Fund,Corporate Bond,INF205K01RF8
130722,Invesco India Credit Risk Fund - Direct Plan - Growth,Invesco Mutual Fund,Open Ended Schemes,Income/Debt Oriented Schemes - Credit Risk Fund,Credit Risk,INF205K01I83
120416,Invesco India ELSS Tax Saver Fund - Direct Plan - Growth,Invesco Mutual Fund,Open Ended Schemes,Equity Schemes - ELSS- Tax Saver Fund,ELSS,INF205K01NT8
148751,Invesco India ESG Integration Strategy Fund - Direct Plan - Growth,Invesco Mutual Fund,Open Ended Schemes,Equity Schemes - Thematic Fund,Thematic,INF205KA1338
146457,Invesco India Equity Savings Fund - Direct Plan - Growth,Invesco Mutual Fund,Open Ended Schemes,Hybrid Schemes - Equity Savings Fund,Equity Savings,INF205KA1049
120385,Invesco India Financial Services Fund - Direct Plan - Growth,Invesco Mutual Fund,Open Ended Schemes,Equity Schemes - Sectoral Fund,Sectoral,INF205K01KY4
149763,Invesco India Flexi Cap Fund - Direct Plan - Growth,Invesco Mutual Fund,Open Ended Schemes,Equity Schemes - Flexi Cap Fund,Flexi Cap,INF205KA1494
148481,Invesco India Focused Fund - Direct Plan - Growth,Invesco Mutual Fund,Open Ended Schemes,Equity Schemes - Focused Fund,Focused,INF205KA1213
120520,Invesco India Gilt Fund - Direct  Plan - Growth,Invesco Mutual Fund,Open Ended Schemes,Income/Debt Oriented Schemes - Gilt Fund,Gilt,INF205K01SN0
120531,Invesco India Gold ETF Fund of Fund - Direct Plan - Growth,Invesco Mutual Fund,Open Ended Schemes,Equity Schemes - Value Fund,Value,INF205K01NJ9
153697,Invesco India Income Plus Arbitrage Active Fund of Fund - Direct Plan - Growth,Invesco Mutual Fund,Open Ended Schemes,Equity Schemes - Value Fund,Value,INF205KA1BA3
120405,Invesco India Infrastructure Fund - Direct Plan - Growth Option,Invesco Mutual Fund,Open Ended Schemes,Equity Schemes - Thematic Fund,Thematic,INF205K01MD4
120357,Invesco India Large & Mid Cap Fund - Direct Plan - Growth,Invesco Mutual Fund,Open Ended Schemes,Equity Schemes - Large & Mid Cap Fund,Mid Cap,INF205K01MA0
120392,Invesco India Largecap Fund - Direct Plan - Growth,Invesco Mutual Fund,Open Ended Schemes,Equity Schemes - Large Cap Fund,Large Cap,INF205K01LB0
120537,Invesco India Liquid Fund - Direct Plan - Growth,Invesco Mutual Fund,Open Ended Schemes,Income/Debt Oriented Schemes - Liquid Fund,Liquid,INF205K01MF9
120570,Invesco India Low Duration Fund - Direct Plan - Growth,Invesco Mutual Fund,Open Ended Schemes,Income/Debt Oriented Schemes - Ultra Short to Short Term Fund,Ultra Short Duration,INF205K01NY8
152756,Invesco India Manufacturing Fund - Direct Plan - Growth,Invesco Mutual Fund,Open Ended Schemes,Equity Schemes - Thematic Fund,Thematic,INF205KA1908
149011,Invesco India Medium Duration Fund - Direct Plan - Growth,Invesco Mutual Fund,Open Ended Schemes,Income/Debt Oriented Schemes - Medium Term Fund,Medium Duration,INF205KA1429
120403,Invesco India Midcap Fund - Direct Plan - Growth Option,Invesco Mutual Fund,Open Ended Schemes,Equity Schemes - Mid Cap Fund,Mid Cap,INF205K01MV6
120507,Invesco India Money Market Fund - Direct Plan - Growth,Invesco Mutual Fund,Open Ended Schemes,Income/Debt Oriented Schemes - Money Market Fund,Money Market,INF205K01RY9
153047,Invesco India Multi Asset Allocation Fund - Direct Plan - Growth,Invesco Mutual Fund,Open Ended Schemes,Hybrid Schemes - Multi Asset Allocation Fund,Multi Asset,INF205KA1AC1
120413,Invesco India Multicap Fund - Direct Plan - Growth Option,Invesco Mutual Fund,Open Ended Schemes,Equity Schemes - Multi Cap Fund,Multi Cap,INF205K01MS2
154343,Invesco India Nifty Bank Index Fund - Direct Plan - Growth,Invesco Mutual Fund,Open Ended Schemes,Index Funds - Equity Funds,Index,INF205KA1BO4
151593,Invesco India Nifty G-sec Jul 2027 Index Fund - Direct Plan - Growth,Invesco Mutual Fund,Open Ended Schemes,Index Funds - Debt Funds,Debt,INF205KA1775
151597,Invesco India Nifty G-sec Sep 2032 Index Fund - Direct Plan - Growth,Invesco Mutual Fund,Open Ended Schemes,Index Funds - Debt Funds,Debt,INF205KA1817
147883,Invesco India Overnight Fund - Direct Plan - Growth,Invesco Mutual Fund,Open Ended Schemes,Income/Debt Oriented Schemes - Overnight Fund,Overnight,INF205KA1163
120395,Invesco India PSU Equity Fund - Direct Plan - Growth,Invesco Mutual Fund,Open Ended Schemes,Equity Schemes - Thematic Fund,Thematic,INF205K01NG5
120560,Invesco India Short Duration Fund - Direct Plan - Growth,Invesco Mutual Fund,Open Ended Schemes,Income/Debt Oriented Schemes - Short Term Fund,Short Duration,INF205K01UH8
145137,Invesco India Smallcap Fund - Direct Plan - Growth,Invesco Mutual Fund,Open Ended Schemes,Equity Schemes - Small Cap Fund,Small Cap,INF205K013T3
152863,Invesco India Technology Fund - Direct Plan - Growth,Invesco Mutual Fund,Open Ended Schemes,Equity Schemes - Sectoral Fund,Sectoral,INF205KA1965
120541,Invesco India Ultra Short Duration Fund - Direct Plan - Growth,Invesco Mutual Fund,Open Ended Schemes,Income/Debt Oriented Schemes - Ultra Short Term Fund,Ultra Short Duration,INF205K01TH0
120484,JM Aggressive Hybrid Fund (Direct) - Growth Option,JM Financial Mutual Fund,Open Ended Schemes,Hybrid Scheme - Aggressive Hybrid Fund,Aggressive Hybrid,INF192K01BQ9
120482,JM Arbitrage Fund (Direct) - Growth Option,JM Financial Mutual Fund,Open Ended Schemes,Hybrid Scheme - Arbitrage Fund,Arbitrage,INF192K01BN6
120435,JM Dynamic Bond Fund - (Direct) - Growth Option,JM Financial Mutual Fund,Open Ended Schemes,Debt Scheme - Dynamic Bond,Dynamic Bond,INF192K01DD3
120494,JM ELSS Tax Saver Fund (Direct) - Growth Option,JM Financial Mutual Fund,Open Ended Schemes,Equity Scheme - ELSS,ELSS,INF192K01CE3
120492,JM Flexicap Fund (Direct) - Growth Option,JM Financial Mutual Fund,Open Ended Schemes,Equity Scheme - Flexi Cap Fund,Flexi Cap,INF192K01CC7
120488,JM Focused Fund (Direct)  - Growth Option,JM Financial Mutual Fund,Open Ended Schemes,Equity Scheme - Focused Fund,Focused,INF192K01BW7
153629,JM Large & Mid Cap Fund (Direct) - Growth Option,JM Financial Mutual Fund,Open Ended Schemes,Equity Scheme - Large & Mid Cap Fund,Mid Cap,INF192K01NK7
120490,JM Large Cap Fund (Direct) - Growth Option,JM Financial Mutual Fund,Open Ended Schemes,Equity Scheme - Large Cap Fund,Large Cap,INF192K01BZ0
120406,JM Liquid Fund (Direct) - Growth Option,JM Financial Mutual Fund,Open Ended Schemes,Debt Scheme - Liquid Fund,Liquid,INF192K01CM6
148414,JM Liquid Fund - Unclaimed Application Refund Amount I.E.F. (Direct) - Growth Plan,JM Financial Mutual Fund,Open Ended Schemes,Debt Scheme - Liquid Fund,Liquid,
148413,JM Liquid Fund - Unclaimed Brokerage I.E.F. (Direct) - Growth Plan,JM Financial Mutual Fund,Open Ended Schemes,Debt Scheme - Liquid Fund,Liquid,
139257,JM Liquid Fund Unclaimed Redemption (Direct) Growth Plan,JM Financial Mutual Fund,Open Ended Schemes,Debt Scheme - Liquid Fund,Liquid,
139259,JM Liquid Fund Unclaimed Redemption IEF (Direct) Growth Plan,JM Financial Mutual Fund,Open Ended Schemes,Debt Scheme - Liquid Fund,Liquid,
143612,JM Low Duration Fund (Direct) - Growth,JM Financial Mutual Fund,Open Ended Schemes,Debt Scheme - Low Duration Fund,Low Duration,INF192K01DW3
120430,JM Medium to Long Duration Fund (Direct) - Growth Option,JM Financial Mutual Fund,Open Ended Schemes,Debt Scheme - Medium to Long Duration Fund,Long Duration,INF192K01CW5
150815,JM Midcap Fund (Direct) - Growth,JM Financial Mutual Fund,Open Ended Schemes,Equity Scheme - Mid Cap Fund,Mid Cap,INF192K01MV6
143597,JM Money Market Fund (Direct) - Growth,JM Financial Mutual Fund,Open Ended Schemes,Debt Scheme - Money Market Fund,Money Market,
154423,JM Multi Asset Allocation Fund (Direct) - Growth Option,JM Financial Mutual Fund,Open Ended Schemes,Hybrid Scheme - Multi Asset Allocation,Multi Asset,INF192K01NQ4
147837,JM Overnight Fund - (Direct) - Growth,JM Financial Mutual Fund,Open Ended Schemes,Debt Scheme - Overnight Fund,Overnight,INF192K01MB8
149829,JM Overnight Fund - (Direct) - Unclaimed Redemption - Growth Plan,JM Financial Mutual Fund,Open Ended Schemes,Debt Scheme - Overnight Fund,Overnight,INF192K01MI3
149826,JM Overnight Fund - (Direct) - Unclaimed Redemption I.E.F. - Growth Plan,JM Financial Mutual Fund,Open Ended Schemes,Debt Scheme - Overnight Fund,Overnight,INF192K01MK9
150545,JM Short Duration Fund (Direct) - Growth,JM Financial Mutual Fund,Open Ended Schemes,Debt Scheme - Short Duration Fund,Short Duration,INF192K01MP8
120471,JM Short Term Fund (Direct) - Growth Option,JM Financial Mutual Fund,Open Ended Schemes,Debt Scheme - Short Duration Fund,Short Duration,
152614,JM Small Cap Fund (Direct) - Growth Option,JM Financial Mutual Fund,Open Ended Schemes,Equity Scheme - Small Cap Fund,Small Cap,INF192K01NH3
120458,JM Ultra Short Duration Fund - (Direct) - Growth Option,JM Financial Mutual Fund,Open Ended Schemes,Debt Scheme - Ultra Short Duration Fund,Ultra Short Duration,
120486,JM Value Fund (Direct) - Growth Option,JM Financial Mutual Fund,Open Ended Schemes,Equity Scheme - Value Fund,Value,INF192K01BT3
154076,JioBlackRock Arbitrage Fund - Direct Plan - Growth Option,Jio BlackRock Mutual Fund,Open Ended Schemes,Hybrid Schemes - Arbitrage Fund,Arbitrage,INF22M001101
153859,JioBlackRock Flexi Cap Fund - Direct Plan - Growth Option,Jio BlackRock Mutual Fund,Open Ended Schemes,Equity Schemes - Flexi Cap Fund,Flexi Cap,INF22M001093
154307,JioBlackRock Large Cap Fund - Direct Plan - Growth Option,Jio BlackRock Mutual Fund,Open Ended Schemes,Equity Schemes - Large Cap Fund,Large Cap,INF22M001176
153651,JioBlackRock Liquid Fund - Direct Plan - Growth Option,Jio BlackRock Mutual Fund,Open Ended Schemes,Income/Debt Oriented Schemes - Liquid Fund,Liquid,INF22M001010
154081,JioBlackRock Low Duration Fund - Direct Plan - Growth Option,Jio BlackRock Mutual Fund,Open Ended Schemes,Income/Debt Oriented Schemes - Ultra Short to Short Term Fund,Ultra Short Duration,INF22M001150
153649,JioBlackRock Money Market Fund - Direct Plan - Growth Option,Jio BlackRock Mutual Fund,Open Ended Schemes,Income/Debt Oriented Schemes - Money Market Fund,Money Market,INF22M001028
153787,JioBlackRock Nifty 50 Index Fund - Direct Plan - Growth Option,Jio BlackRock Mutual Fund,Open Ended Schemes,Index Funds - Equity Funds,Index,INF22M001044
153791,JioBlackRock Nifty 8-13 yr G-Sec Index Fund - Direct Plan - Growth Option,Jio BlackRock Mutual Fund,Open Ended Schemes,Index Funds - Debt Funds,Debt,INF22M001069
153788,JioBlackRock Nifty Midcap 150 Index Fund - Direct Plan - Growth Option,Jio BlackRock Mutual Fund,Open Ended Schemes,Index Funds - Equity Funds,Index,INF22M001077
153789,JioBlackRock Nifty Next 50 Index Fund - Direct Plan - Growth Option,Jio BlackRock Mutual Fund,Open Ended Schemes,Index Funds - Equity Funds,Index,INF22M001085
153790,JioBlackRock Nifty Smallcap 250 Index Fund - Direct Plan - Growth Option,Jio BlackRock Mutual Fund,Open Ended Schemes,Index Funds - Equity Funds,Index,INF22M001051
153650,JioBlackRock Overnight Fund - Direct Plan - Growth Option,Jio BlackRock Mutual Fund,Open Ended Schemes,Income/Debt Oriented Schemes - Overnight Fund,Overnight,INF22M001036
154082,JioBlackRock Sector Rotation Fund - Direct Plan - Growth Option,Jio BlackRock Mutual Fund,Open Ended Schemes,Equity Schemes - Thematic Fund,Thematic,INF22M001168
154079,JioBlackRock Short Duration Fund - Direct Plan - Growth Option,Jio BlackRock Mutual Fund,Open Ended Schemes,Income/Debt Oriented Schemes - Short Term Fund,Short Duration,INF22M001143
147269,KOTAK FLOATING RATE FUND-DIRECT PLAN-GROWTH OPTION,Kotak Mahindra Mutual Fund,Open Ended Schemes,Debt Scheme - Floater Fund,Floating Rate,INF174KA1EC0
153660,KOTAK NIFTY 200 QUALITY 30 INDEX FUND - DIRECT PLAN - GROWTH,Kotak Mahindra Mutual Fund,Open Ended Schemes,Other Scheme - Index Funds,Index,INF174KA1WN9
153401,KOTAK NIFTY MIDCAP 150 INDEX FUND-DIRECT PLAN-GROWTH,Kotak Mahindra Mutual Fund,Open Ended Schemes,Other Scheme - Index Funds,Index,INF174KA1VQ4
152767,KOTAK NIFTY MIDCAP 50 INDEX FUND-DIRECT PLAN- GROWTH,Kotak Mahindra Mutual Fund,Open Ended Schemes,Other Scheme - Index Funds,Index,INF174KA1SR8
153753,Kotak Active Momentum Fund - Direct Plan - Growth option,Kotak Mahindra Mutual Fund,Open Ended Schemes,Equity Scheme - Sectoral/ Thematic,Sectoral,INF174KA1XA4
133035,Kotak Aggressive Hybrid Fund - Direct Plan -Growth,Kotak Mahindra Mutual Fund,Open Ended Schemes,Hybrid Scheme - Aggressive Hybrid Fund,Aggressive Hybrid,INF174K01F00
119771,Kotak Arbitrage Fund - Direct Plan - Growth,Kotak Mahindra Mutual Fund,Open Ended Schemes,Hybrid Scheme - Arbitrage Fund,Arbitrage,INF174K01LC6
152039,Kotak BSE Housing Index Fund - Direct Plan - Growth Option,Kotak Mahindra Mutual Fund,Open Ended Schemes,Other Scheme - Index Funds,Index,INF174KA1OX5
152755,Kotak BSE PSU Index Fund - Direct Plan - Growth,Kotak Mahindra Mutual Fund,Open Ended Schemes,Other Scheme - Index Funds,Index,INF174KA1SL1
153286,Kotak BSE Sensex Index Fund- Direct - Growth,Kotak Mahindra Mutual Fund,Open Ended Schemes,Other Scheme - Index Funds,Index,INF174KA1UV6
144335,Kotak Balanced Advantage Fund  - Direct Plan -Growth Option,Kotak Mahindra Mutual Fund,Open Ended Schemes,Hybrid Scheme - Dynamic Asset Allocation or Balanced Advantage,Balanced Advantage,INF174KA1210
151384,Kotak Banking & Financial Services Fund - Direct Plan - Growth,Kotak Mahindra Mutual Fund,Open Ended Schemes,Equity Scheme - Sectoral/ Thematic,Sectoral,INF174KA1MD1
123693,Kotak Banking and PSU Debt Direct - Growth,Kotak Mahindra Mutual Fund,Open Ended Schemes,Debt Scheme - Banking and PSU Fund,Banking & PSU,INF174K01KH7
119735,Kotak Bond Fund - Growth - Direct,Kotak Mahindra Mutual Fund,Open Ended Schemes,Debt Scheme - Medium to Long Duration Fund,Long Duration,INF174K01JC0
119739,Kotak Bond Short Term Plan-(Growth) - Direct,Kotak Mahindra Mutual Fund,Open Ended Schemes,Income/Debt Oriented Schemes - Short Term Fund,Short Duration,INF174K01JI7
150624,Kotak Business Cycle - Direct Plan - Growth,Kotak Mahindra Mutual Fund,Open Ended Schemes,Equity Scheme - Sectoral/ Thematic,Sectoral,INF174KA1JN6
153313,Kotak CRISIL - IBX AAA Bond Financial Services Index Dec 2026 Fund - Direct - Growth,Kotak Mahindra Mutual Fund,Open Ended Schemes,Other Scheme - Index Funds,Index,INF174KA1UX2
152869,Kotak CRISIL -IBX AAA Financial Services Index Sep-2027 Fund-DIRECT PLAN-GROWTH Option,Kotak Mahindra Mutual Fund,Open Ended Schemes,Other Scheme - Index Funds,Index,INF174KA1TF1
153372,Kotak CRISIL-IBX Financial Services 3-6 Months Debt Index Fund-Direct-Growth,Kotak Mahindra Mutual Fund,Open Ended Schemes,Other Scheme - Index Funds,Index,INF174KA1VK7
153875,Kotak CRISIL-IBX Financial Services 9 to 12 Months Debt Index Fund - Direct - Growth,Kotak Mahindra Mutual Fund,Open Ended Schemes,Other Scheme - Index Funds,Index,INF174KA1XM9
152169,Kotak Consumption Fund - Direct plan - Growth Option,Kotak Mahindra Mutual Fund,Open Ended Schemes,Equity Scheme - Sectoral/ Thematic,Sectoral,INF174KA1PP8
119769,Kotak Contra Fund - Direct Plan - Growth,Kotak Mahindra Mutual Fund,Open Ended Schemes,Equity Scheme - Contra Fund,Contra,INF174K01KZ9
133791,Kotak Corporate Bond Fund- Direct Plan- Growth Option,Kotak Mahindra Mutual Fund,Open Ended Schemes,Income/Debt Oriented Schemes - Corporate Bond Fund,Corporate Bond,INF178L01BY0
119741,Kotak Credit Risk Fund - Growth - Direct,Kotak Mahindra Mutual Fund,Open Ended Schemes,Debt Scheme - Credit Risk Fund,Credit Risk,INF174K01LZ7
120154,Kotak Debt Hybrid - Growth - Direct,Kotak Mahindra Mutual Fund,Open Ended Schemes,Hybrid Scheme - Conservative Hybrid Fund,Conservative Hybrid,INF174K01JZ1
119755,Kotak Dynamic Bond Fund - Growth - Direct,Kotak Mahindra Mutual Fund,Open Ended Schemes,Debt Scheme - Dynamic Bond,Dynamic Bond,INF174K01JU2
119773,Kotak ELSS Tax Saver Fund-Growth - Direct,Kotak Mahindra Mutual Fund,Open Ended Schemes,Equity Scheme - ELSS,ELSS,INF174K01LI3
148606,Kotak ESG Exclusionary Strategy Fund - Direct Plan - Growth Option,Kotak Mahindra Mutual Fund,Open Ended Schemes,Equity Scheme - Sectoral/ Thematic,Sectoral,INF174KA1FI4
153447,Kotak Energy Opportunities Fund-Direct-Growth,Kotak Mahindra Mutual Fund,Open Ended Schemes,Equity Scheme - Sectoral/ Thematic,Sectoral,INF174KA1VX0
131373,Kotak Equity Savings Fund - Direct - Growth,Kotak Mahindra Mutual Fund,Open Ended Schemes,Hybrid Scheme - Equity Savings,Equity Savings,INF174K01D28
120166,Kotak Flexicap Fund - Growth - Direct,Kotak Mahindra Mutual Fund,Open Ended Schemes,Equity Scheme - Flexi Cap Fund,Flexi Cap,INF174K01LS2
147473,Kotak Focused Fund- Direct Plan- Growth option,Kotak Mahindra Mutual Fund,Open Ended Schemes,Equity Scheme - Focused Fund,Focused,INF174KA1EN7
119757,Kotak Gilt-Investment  Provident Fund and Trust-Growth - Direct,Kotak Mahindra Mutual Fund,Open Ended Schemes,Debt Scheme - Gilt Fund,Gilt,INF174K01KM7
119759,Kotak Gilt-Investment Regular-Growth - Direct,Kotak Mahindra Mutual Fund,Open Ended Schemes,Debt Scheme - Gilt Fund,Gilt,INF174K01KE4
119779,Kotak Global Emerging Market overseas Equity Omni FOF - Growth - Direct,Kotak Mahindra Mutual Fund,Open Ended Schemes,Other Scheme - FoF Overseas,Fund of Funds,INF174K01LW4
149059,Kotak Global Innovation Overseas Equity Omni FOF- Direct Plan -Growth,Kotak Mahindra Mutual Fund,Open Ended Schemes,Other Scheme - FoF Overseas,Fund of Funds,INF174KA1HG4
119781,Kotak Gold Fund Growth - Direct,Kotak Mahindra Mutual Fund,Open Ended Schemes,Other Scheme - FoF Domestic,Fund of Funds,INF174K01MP6
153921,Kotak Gold Silver Passive FOF - Direct Plan - Growth,Kotak Mahindra Mutual Fund,Open Ended Schemes,Other Scheme - FoF Domestic,Fund of Funds,INF174KA1XT4
152214,Kotak Healthcare Fund - Direct Plan - Growth Option,Kotak Mahindra Mutual Fund,Open Ended Schemes,Equity Scheme - Sectoral/ Thematic,Sectoral,INF174KA1PZ7
150822,Kotak Income Plus Arbitrage Omni FOF-Direct Plan-Growth,Kotak Mahindra Mutual Fund,Open Ended Schemes,Other Scheme - FoF Domestic,Fund of Funds,INF174KA1KJ2
133801,Kotak Infrastructure & Economic Reform Fund- Direct Plan- Growth Option,Kotak Mahindra Mutual Fund,Open Ended Schemes,Equity Scheme - Sectoral/ Thematic,Sectoral,INF178L01AL9
148646,Kotak International REIT Overseas Equity Omni FOF - Direct Plan - Growth,Kotak Mahindra Mutual Fund,Open Ended Schemes,Other Scheme - FoF Overseas,Fund of Funds,INF174KA1FO2
120158,Kotak Large & Midcap Fund - Direct- Growth,Kotak Mahindra Mutual Fund,Open Ended Schemes,Equity Scheme - Large & Mid Cap Fund,Mid Cap,INF174K01LF9
120152,Kotak Large Cap  Fund - Growth - Direct,Kotak Mahindra Mutual Fund,Open Ended Schemes,Equity Scheme - Large Cap Fund,Large Cap,INF174K01KW6
119766,Kotak Liquid Fund - Direct Plan - Growth,Kotak Mahindra Mutual Fund,Open Ended Schemes,Income/Debt Oriented Schemes - Liquid Fund,Liquid,INF174K01NE8
152491,Kotak Long Duration Fund - Direct Plan - Growth,Kotak Mahindra Mutual Fund,Open Ended Schemes,Debt Scheme - Long Duration Fund,Long Duration,INF174KA1RF5
133810,Kotak Low Duration Fund- Direct Plan- Growth Option,Kotak Mahindra Mutual Fund,Open Ended Schemes,Debt Scheme - Low Duration Fund,Low Duration,INF178L01AX4
152910,Kotak MNC Fund-Direct Plan-Growth,Kotak Mahindra Mutual Fund,Open Ended Schemes,Equity Scheme - Sectoral/ Thematic,Sectoral,INF174KA1TG9
149841,Kotak Manufacture in India Fund - Direct Plan Growth,Kotak Mahindra Mutual Fund,Open Ended Schemes,Equity Scheme - Sectoral/ Thematic,Sectoral,INF174KA1IF4
128006,Kotak Medium Term Fund - Direct Growth,Kotak Mahindra Mutual Fund,Open Ended Schemes,Debt Scheme - Medium Duration Fund,Medium Duration,INF174K01VQ5
119775,Kotak Midcap Fund - Direct Plan - Growth,Kotak Mahindra Mutual Fund,Open Ended Schemes,Equity Scheme - Mid Cap Fund,Mid Cap,INF174K01LT0
119746,Kotak Money Market Fund - (Growth) - Direct,Kotak Mahindra Mutual Fund,Open Ended Schemes,Income/Debt Oriented Schemes - Money Market Fund,Money Market,INF174K01MW2
154316,Kotak Multi Asset Active FOF - Direct - Growth,Kotak Mahindra Mutual Fund,Open Ended Schemes,Equity Schemes - Value Fund,Value,INF174KA1ZO0
152064,Kotak Multi Asset Allocation Fund - Direct Plan - Growth Option,Kotak Mahindra Mutual Fund,Open Ended Schemes,Hybrid Scheme - Multi Asset Allocation,Multi Asset,INF174KA1PD4
119777,Kotak Multi Asset Omni FOF - Direct Growth - Direct,Kotak Mahindra Mutual Fund,Open Ended Schemes,Other Scheme - FoF Domestic,Fund of Funds,INF174K01LN3
154275,Kotak Multi Factor Passive FOF - Direct- Growth,Kotak Mahindra Mutual Fund,Open Ended Schemes,Other Scheme - FoF Domestic,Fund of Funds,INF174KA1ZG6
149185,Kotak Multicap Fund-Direct Plan-Growth,Kotak Mahindra Mutual Fund,Open Ended Schemes,Equity Scheme - Multi Cap Fund,Multi Cap,INF174KA1HV3
152663,Kotak NIFTY 100 Low Volatility 30 Index Fund - Direct plan - Growth option,Kotak Mahindra Mutual Fund,Open Ended Schemes,Other Scheme - Index Funds,Index,INF174KA1RZ3
153146,Kotak Nifty 100 Equal Weight Index Fund - Direct Plan - Growth,Kotak Mahindra Mutual Fund,Open Ended Schemes,Other Scheme - Index Funds,Index,INF174KA1TY2
151781,Kotak Nifty 200 Momentum 30 Index Fund - Direct Plan - Growth Option,Kotak Mahindra Mutual Fund,Open Ended Schemes,Other Scheme - Index Funds,Index,INF174KA1OB1
153150,Kotak Nifty 50 Equal Weight Index Fund - Direct Plan - Growth,Kotak Mahindra Mutual Fund,Open Ended Schemes,Other Scheme - Index Funds,Index,INF174KA1UE2
148978,Kotak Nifty 50 Index Fund - Direct Plan-Growth,Kotak Mahindra Mutual Fund,Open Ended Schemes,Other Scheme - Index Funds,Index,INF174KA1HA7
153680,Kotak Nifty AAA Bond Financial Services Mar 2028 Index Fund - Direct Plan - Growth,Kotak Mahindra Mutual Fund,Open Ended Schemes,Other Scheme - Index Funds,Index,INF174KA1WY6
153781,Kotak Nifty Alpha 50 Index Fund - Direct Plan - Growth,Kotak Mahindra Mutual Fund,Open Ended Schemes,Other Scheme - Index Funds,Index,INF174KA1XG1
154388,Kotak Nifty Alpha Low Volatility 30 Index Fund - Direct- Growth,Kotak Mahindra Mutual Fund,Open Ended Schemes,Other Scheme - Index Funds,Index,INF174KA1A29
153353,Kotak Nifty Commodities Index Fund-Direct Growth,Kotak Mahindra Mutual Fund,Open Ended Schemes,Other Scheme - Index Funds,Index,INF174KA1VE0
151911,Kotak Nifty Financial Services Ex-Bank Index Fund - Direct Plan - Growth option,Kotak Mahindra Mutual Fund,Open Ended Schemes,Other Scheme - Index Funds,Index,INF174KA1OR7
152098,Kotak Nifty G-Sec July 2033 Index Fund - Direct Plan - Growth,Kotak Mahindra Mutual Fund,Open Ended Schemes,Other Scheme - Index Funds,Index,INF174KA1PJ1
152870,Kotak Nifty India Tourism Index Fund-Direct-Growth Option,Kotak Mahindra Mutual Fund,Open Ended Schemes,Other Scheme - Index Funds,Index,INF174KA1SZ1
152916,Kotak Nifty Midcap 150 Momentum 50 Index Fund-Direct Plan-Growth,Kotak Mahindra Mutual Fund,Open Ended Schemes,Other Scheme - Index Funds,Index,INF174KA1TM7
148745,Kotak Nifty Next 50 Index Fund - Direct Plan - Growth Option,Kotak Mahindra Mutual Fund,Open Ended Schemes,Other Scheme - Index Funds,Index,INF174KA1GA9
149855,Kotak Nifty SDL Apr  2027 Top 12 Equal Weight Index Fund-Direct Plan-Growth,Kotak Mahindra Mutual Fund,Open Ended Schemes,Other Scheme - Index Funds,Index,INF174KA1IL2
149865,Kotak Nifty SDL Apr 2032 Top 12 Equal Weight Index Fund-Direct Plan- Growth,Kotak Mahindra Mutual Fund,Open Ended Schemes,Other Scheme - Index Funds,Index,INF174KA1IR9
151218,Kotak Nifty SDL Jul 2026 Index Fund Direct Plan Growth,Kotak Mahindra Mutual Fund,Open Ended Schemes,Other Scheme - Index Funds,Index,INF174KA1LC5
151420,Kotak Nifty SDL Jul 2033 Index Fund Direct Plan Growth Option,Kotak Mahindra Mutual Fund,Open Ended Schemes,Other Scheme - Index Funds,Index,INF174KA1MJ8
150725,Kotak Nifty SDL Plus AAA PSU Bond Jul 2028 60:40 Index Fund Direct Plan - Growth,Kotak Mahindra Mutual Fund,Open Ended Schemes,Other Scheme - Index Funds,Index,INF174KA1JT3
153223,Kotak Nifty SmallCap 250 Index Fund- Direct - Growth,Kotak Mahindra Mutual Fund,Open Ended Schemes,Other Scheme - Index Funds,Index,INF174KA1UK9
151649,Kotak Nifty Smallcap 50 Index Fund - Direct Plan - Growth,Kotak Mahindra Mutual Fund,Open Ended Schemes,Other Scheme - Index Funds,Index,INF174KA1NB3
153461,Kotak Nifty Top 10 Equal Weight Index Fund-Direct Plan-Growth,Kotak Mahindra Mutual Fund,Open Ended Schemes,Other Scheme - Index Funds,Index,INF174KA1WD0
154145,Kotak Nifty200 Value 30 Index Fund - Direct - Growth,Kotak Mahindra Mutual Fund,Open Ended Schemes,Other Scheme - Index Funds,Index,INF174KA1YP0
154032,Kotak Nifty500 Momentum 50 Index Fund - Direct Plan - Growth,Kotak Mahindra Mutual Fund,Open Ended Schemes,Other Scheme - Index Funds,Index,INF174KA1YC8
146141,Kotak Overnight Fund -Direct Plan-Growth Option,Kotak Mahindra Mutual Fund,Open Ended Schemes,Debt Scheme - Overnight Fund,Overnight,INF174KA1BF9
147727,Kotak Pioneer Fund- Direct Plan- Growth Option,Kotak Mahindra Mutual Fund,Open Ended Schemes,Equity Scheme - Sectoral/ Thematic,Sectoral,INF174KA1EZ1
154287,Kotak Quality Overseas Equity Omni FOF - Direct Plan - Growth-,Kotak Mahindra Mutual Fund,Open Ended Schemes,Other Scheme - FoF Overseas,Fund of Funds,INF174KA1ZI2
151881,Kotak Quant Fund - Direct Plan - Growth Option,Kotak Mahindra Mutual Fund,Open Ended Schemes,Equity Scheme - Sectoral/ Thematic,Sectoral,INF174KA1OL0
153970,Kotak Rural Opportunities Fund - Direct Plan - Growth,Kotak Mahindra Mutual Fund,Open Ended Schemes,Equity Scheme - Sectoral/ Thematic,Sectoral,INF174KA1XW8
119750,Kotak Savings Fund-Growth - Direct,Kotak Mahindra Mutual Fund,Open Ended Schemes,Income/Debt Oriented Schemes - Ultra Short Term Fund,Ultra Short Duration,INF174K01JP2
154149,Kotak Services Fund - Direct - Growth,Kotak Mahindra Mutual Fund,Open Ended Schemes,Equity Scheme - Sectoral/ Thematic,Sectoral,INF174KA1YV8
151603,Kotak Silver ETF Fund of Fund - Direct Plan - Growth Option,Kotak Mahindra Mutual Fund,Open Ended Schemes,Other Scheme - FoF Domestic,Fund of Funds,INF174KA1MQ3
152702,Kotak Special Opportunities Fund - Direct Plan - Growth Option,Kotak Mahindra Mutual Fund,Open Ended Schemes,Equity Scheme - Sectoral/ Thematic,Sectoral,INF174KA1SF3
152462,Kotak Technology Fund - Direct Plan - Growth Option,Kotak Mahindra Mutual Fund,Open Ended Schemes,Equity Scheme - Sectoral/ Thematic,Sectoral,INF174KA1QZ5
153118,Kotak Transportation & Logistics Fund-Direct Growth,Kotak Mahindra Mutual Fund,Open Ended Schemes,Equity Scheme - Sectoral/ Thematic,Sectoral,INF174KA1TS4
133831,Kotak US Equity Fund - Direct Plan - Growth option,Kotak Mahindra Mutual Fund,Open Ended Schemes,Other Scheme - FoF Overseas,Fund of Funds,
148662,Kotak US Specific Equity Passive FOF- Direct Plan - Growth,Kotak Mahindra Mutual Fund,Open Ended Schemes,Other Scheme - FoF Overseas,Fund of Funds,INF174KA1FQ7
133816,Kotak World Gold Fund- Direct Plan- Growth Option,Kotak Mahindra Mutual Fund,Open Ended Schemes,Other Scheme - FoF Overseas,Fund of Funds,
120164,Kotak-Small Cap Fund - Growth - Direct,Kotak Mahindra Mutual Fund,Open Ended Schemes,Equity Scheme - Small Cap Fund,Small Cap,INF174K01KT2
120261,LIC MF Aggressive Hybrid Fund-Direct Plan-Growth,LIC Mutual Fund,Open Ended Schemes,Hybrid Scheme - Aggressive Hybrid Fund,Aggressive Hybrid,INF767K01ED0
145895,LIC MF Arbitrage Fund-Direct Plan-Growth,LIC Mutual Fund,Open Ended Schemes,Hybrid Scheme - Arbitrage Fund,Arbitrage,INF767K01PP0
120308,LIC MF BSE Sensex Index Fund-Direct Plan-Growth,LIC Mutual Fund,Open Ended Schemes,Other Scheme - Index Funds,Index,INF767K01FJ4
149261,LIC MF Balanced Advantage Fund-Direct Plan-Growth,LIC Mutual Fund,Open Ended Schemes,Hybrid Scheme - Dynamic Asset Allocation or Balanced Advantage,Balanced Advantage,INF767K01QY0
120338,LIC MF Banking & PSU Fund-Direct Plan-Growth,LIC Mutual Fund,Open Ended Schemes,Debt Scheme - Banking and PSU Fund,Banking & PSU,INF767K01GI4
134017,LIC MF Banking and Financial Services Fund-Direct Plan-Growth,LIC Mutual Fund,Open Ended Schemes,Equity Scheme - Sectoral/ Thematic,Sectoral,INF767K01NK6
120285,LIC MF Children's Fund-Direct Plan-Growth,LIC Mutual Fund,Open Ended Schemes,Solution Oriented Scheme - Children’s Fund,Children,INF767K01FB1
120276,LIC MF Conservative Hybrid Fund-Direct Plan-Growth,LIC Mutual Fund,Open Ended Schemes,Hybrid Scheme - Conservative Hybrid Fund,Conservative Hybrid,INF767K01EO7
153948,LIC MF Consumption Fund-Direct Plan-Growth,LIC Mutual Fund,Open Ended Schemes,Equity Scheme - Sectoral/ Thematic,Sectoral,INF767K01SD0
120270,LIC MF ELSS Tax Saver-Direct Plan-Growth,LIC Mutual Fund,Open Ended Schemes,Equity Scheme - ELSS,ELSS,INF767K01EM1
151952,LIC MF Equity Savings Fund-Direct Plan-Growth,LIC Mutual Fund,Open Ended Schemes,Hybrid Scheme - Equity Savings,Equity Savings,INF397L01AZ5
120264,LIC MF Flexi Cap Fund-Direct Plan-Growth,LIC Mutual Fund,Open Ended Schemes,Equity Scheme - Flexi Cap Fund,Flexi Cap,INF767K01EG3
152010,LIC MF Focused Fund-Direct Plan-Growth,LIC Mutual Fund,Open Ended Schemes,Equity Scheme - Focused Fund,Focused,INF397L01KA7
120282,LIC MF Gilt Fund-Direct Plan-Growth,LIC Mutual Fund,Open Ended Schemes,Debt Scheme - Gilt Fund,Gilt,INF767K01EZ3
151974,LIC MF Gold ETF Fund of Fund-Direct Plan-Growth,LIC Mutual Fund,Open Ended Schemes,Other Scheme - FoF Domestic,Fund of Funds,INF397L01BU4
152024,LIC MF Healthcare Fund-Direct Plan-Growth,LIC Mutual Fund,Open Ended Schemes,Equity Scheme - Sectoral/ Thematic,Sectoral,INF397L01LK4
120351,LIC MF Infrastructure Fund-Direct Plan-Growth,LIC Mutual Fund,Open Ended Schemes,Equity Scheme - Sectoral/ Thematic,Sectoral,INF767K01GW5
133710,LIC MF Large & Mid Cap Fund-Direct Plan-Growth,LIC Mutual Fund,Open Ended Schemes,Equity Scheme - Large & Mid Cap Fund,Mid Cap,INF767K01NE9
120267,LIC MF Large Cap Fund-Direct Plan-Growth,LIC Mutual Fund,Open Ended Schemes,Equity Scheme - Large Cap Fund,Large Cap,INF767K01EJ7
120249,LIC MF Liquid Fund-Direct Plan-Growth,LIC Mutual Fund,Open Ended Schemes,Debt Scheme - Liquid Fund,Liquid,INF767K01DN1
120315,LIC MF Low Duration Fund-Direct Plan-Growth,LIC Mutual Fund,Open Ended Schemes,Debt Scheme - Low Duration Fund,Low Duration,INF767K01FM8
152920,LIC MF Manufacturing Fund-Direct Plan-Growth,LIC Mutual Fund,Open Ended Schemes,Equity Scheme - Sectoral/ Thematic,Sectoral,INF767K01RR2
120279,LIC MF Medium to Long Duration Fund-Direct Plan-Growth,LIC Mutual Fund,Open Ended Schemes,Debt Scheme - Medium to Long Duration Fund,Long Duration,INF767K01EW0
152002,LIC MF Mid Cap Fund-Direct Plan-Growth,LIC Mutual Fund,Open Ended Schemes,Equity Scheme - Mid Cap Fund,Mid Cap,INF397L01JK8
150392,LIC MF Money Market Fund-Direct Plan-Growth,LIC Mutual Fund,Open Ended Schemes,Debt Scheme - Money Market Fund,Money Market,INF767K01RE0
153246,LIC MF Multi Asset Allocation Fund-Direct Plan-Growth,LIC Mutual Fund,Open Ended Schemes,Hybrid Scheme - Multi Asset Allocation,Multi Asset,INF767K01RZ5
150659,LIC MF Multi Cap Fund-Direct Plan-Growth,LIC Mutual Fund,Open Ended Schemes,Equity Scheme - Multi Cap Fund,Multi Cap,INF767K01RK7
120307,LIC MF Nifty 50 Index Fund-Direct Plan-Growth,LIC Mutual Fund,Open Ended Schemes,Other Scheme - Index Funds,Index,INF767K01FF2
151937,LIC MF Nifty Next 50 Index Fund-Direct Plan-Growth,LIC Mutual Fund,Open Ended Schemes,Other Scheme - Index Funds,Index,INF397L01AW2
147515,LIC MF Overnight Fund-Direct Plan-Growth,LIC Mutual Fund,Open Ended Schemes,Debt Scheme - Overnight Fund,Overnight,INF767K01QI3
145954,LIC MF Short Duration Fund-Direct Plan-Growth,LIC Mutual Fund,Open Ended Schemes,Debt Scheme - Short Duration Fund,Short Duration,INF767K01PW6
152004,LIC MF Small Cap Fund-Direct Plan-Growth,LIC Mutual Fund,Open Ended Schemes,Equity Scheme - Small Cap Fund,Small Cap,INF397L01JS1
154244,LIC MF Technology Fund-Direct Plan-Growth,LIC Mutual Fund,Open Ended Schemes,Equity Scheme - Sectoral/ Thematic,Sectoral,INF767K01SJ7
147772,LIC MF Ultra Short Duration Fund-Direct Plan-Growth,LIC Mutual Fund,Open Ended Schemes,Debt Scheme - Ultra Short Duration Fund,Ultra Short Duration,INF767K01QU8
152018,LIC MF Value Fund-Direct Plan-Growth,LIC Mutual Fund,Open Ended Schemes,Equity Scheme - Value Fund,Value,INF397L01KU5
147446,Mahindra Manulife Aggressive Hybrid Fund - Direct Plan -Growth,Mahindra Manulife Mutual Fund,Open Ended Schemes,Hybrid Schemes - Aggressive Hybrid Fund,Aggressive Hybrid,INF174V01788
148468,Mahindra Manulife Arbitrage Fund - Direct Plan -Growth,Mahindra Manulife Mutual Fund,Open Ended Schemes,Hybrid Scheme - Arbitrage Fund,Arbitrage,INF174V01AA0
149230,Mahindra Manulife Asia Pacific REITs FOF - Direct Plan - Growth,Mahindra Manulife Mutual Fund,Open Ended Schemes,Other Scheme - FoF Overseas,Fund of Funds,INF174V01AY0
149406,Mahindra Manulife Balanced Advantage Fund - Direct Plan - Growth,Mahindra Manulife Mutual Fund,Open Ended Schemes,Hybrid Schemes - Balanced Advantage Fund/ Dynamic Asset Allocation,Balanced Advantage,INF174V01BE0
153674,Mahindra Manulife Banking & Financial Services Fund - Direct - Growth,Mahindra Manulife Mutual Fund,Open Ended Schemes,Equity Scheme - Sectoral/ Thematic,Sectoral,INF174V01CO7
152045,Mahindra Manulife Business Cycle Fund - Direct Plan - Growth,Mahindra Manulife Mutual Fund,Open Ended Schemes,Equity Scheme - Sectoral/ Thematic,Sectoral,INF174V01BQ4
145356,Mahindra Manulife Consumption Fund - Direct Plan -Growth,Mahindra Manulife Mutual Fund,Open Ended Schemes,Equity Schemes - Thematic Fund,Thematic,INF174V01663
144403,Mahindra Manulife Dynamic Bond Fund - Direct Plan - Growth,Mahindra Manulife Mutual Fund,Open Ended Schemes,Debt Scheme - Dynamic Bond,Dynamic Bond,INF174V01580
139781,Mahindra Manulife ELSS Tax Saver Fund - Direct Plan -Growth,Mahindra Manulife Mutual Fund,Open Ended Schemes,Equity Schemes - ELSS- Tax Saver Fund,ELSS,INF174V01093
140444,Mahindra Manulife Equity Savings Fund - Direct Plan -Growth,Mahindra Manulife Mutual Fund,Open Ended Schemes,Hybrid Scheme - Equity Savings,Equity Savings,INF174V01184
149104,Mahindra Manulife Flexi Cap Fund - Direct Plan -Growth,Mahindra Manulife Mutual Fund,Open Ended Schemes,Equity Schemes - Flexi Cap Fund,Flexi Cap,INF174V01AS2
148567,Mahindra Manulife Focused Fund - Direct Plan -Growth,Mahindra Manulife Mutual Fund,Open Ended Schemes,Equity Schemes - Focused Fund,Focused,INF174V01AG7
154007,Mahindra Manulife Income Plus Arbitrage Active FOF  - Direct - Growth,Mahindra Manulife Mutual Fund,Open Ended Schemes,Other Scheme - FoF Domestic,Fund of Funds,INF174V01CU4
154121,Mahindra Manulife Innovation Opportunities Fund - Direct - Growth,Mahindra Manulife Mutual Fund,Open Ended Schemes,Equity Scheme - Sectoral/ Thematic,Sectoral,INF174V01DA4
147840,Mahindra Manulife Large & Mid Cap Fund - Direct Plan -Growth,Mahindra Manulife Mutual Fund,Open Ended Schemes,Equity Scheme - Large & Mid Cap Fund,Mid Cap,INF174V01945
146549,Mahindra Manulife Large Cap Fund - Direct Plan -Growth,Mahindra Manulife Mutual Fund,Open Ended Schemes,Equity Schemes - Large Cap Fund,Large Cap,INF174V01721
139538,Mahindra Manulife Liquid Fund - Direct Plan -Growth,Mahindra Manulife Mutual Fund,Open Ended Schemes,Debt Scheme - Liquid Fund,Liquid,INF174V01044
140613,Mahindra Manulife Low Duration Fund - Direct Plan -Growth,Mahindra Manulife Mutual Fund,Open Ended Schemes,Debt Scheme - Low Duration Fund,Low Duration,INF174V01267
152672,Mahindra Manulife Manufacturing Fund - Direct Plan - Growth,Mahindra Manulife Mutual Fund,Open Ended Schemes,Equity Scheme - Sectoral/ Thematic,Sectoral,INF174V01CC2
142110,Mahindra Manulife Mid Cap Fund - Direct Plan -Growth,Mahindra Manulife Mutual Fund,Open Ended Schemes,Equity Scheme - Mid Cap Fund,Mid Cap,INF174V01507
152443,Mahindra Manulife Multi Asset Allocation Fund- Direct Plan - Growth,Mahindra Manulife Mutual Fund,Open Ended Schemes,Hybrid Scheme - Multi Asset Allocation,Multi Asset,INF174V01BW2
141226,Mahindra Manulife Multi Cap Fund - Direct Plan -Growth,Mahindra Manulife Mutual Fund,Open Ended Schemes,Equity Schemes - Multi Cap Fund,Multi Cap,INF174V01341
147564,Mahindra Manulife Overnight Fund - Direct Plan -Growth,Mahindra Manulife Mutual Fund,Open Ended Schemes,Debt Scheme - Overnight Fund,Overnight,INF174V01838
148729,Mahindra Manulife Short Duration Fund - Direct Plan -Growth,Mahindra Manulife Mutual Fund,Open Ended Schemes,Debt Scheme - Short Duration Fund,Short Duration,INF174V01AM5
150915,Mahindra Manulife Small Cap Fund - Direct Plan - Growth,Mahindra Manulife Mutual Fund,Open Ended Schemes,Equity Scheme - Small Cap Fund,Small Cap,INF174V01BK7
147731,Mahindra Manulife Ultra Short Duration Fund - Direct Plan -Growth,Mahindra Manulife Mutual Fund,Open Ended Schemes,Debt Scheme - Ultra Short Duration Fund,Ultra Short Duration,INF174V01887
153303,Mahindra Manulife Value Fund - Direct Plan - Growth,Mahindra Manulife Mutual Fund,Open Ended Schemes,Equity Scheme - Value Fund,Value,INF174V01CI9
134813,Mirae Asset Aggressive Hybrid Fund - Direct Plan - Growth,Mirae Asset Mutual Fund,Open Ended Schemes,Hybrid Scheme - Aggressive Hybrid Fund,Aggressive Hybrid,INF769K01DH9
148401,Mirae Asset Arbitrage Fund Direct Growth,Mirae Asset Mutual Fund,Open Ended Schemes,Hybrid Scheme - Arbitrage Fund,Arbitrage,INF769K01FS1
153380,Mirae Asset BSE 200 Equal Weight ETF Fund of Fund - Direct Plan - Growth,Mirae Asset Mutual Fund,Open Ended Schemes,Other Scheme - FoF Domestic,Fund of Funds,INF769K01OE3
154187,Mirae Asset BSE India Defence ETF FOF - Direct Plan - Growth,Mirae Asset Mutual Fund,Open Ended Schemes,Other Scheme - FoF Domestic,Fund of Funds,INF769K01QG3
154474,Mirae Asset BSE Midcap 150 Momentum 30 ETF FOF - Direct Plan - Growth,Mirae Asset Mutual Fund,Open Ended Schemes,Equity Schemes - Value Fund,Value,INF769K01QX8
153385,Mirae Asset BSE Select IPO ETF Fund of Fund - Direct Plan - Growth,Mirae Asset Mutual Fund,Open Ended Schemes,Other Scheme - FoF Domestic,Fund of Funds,INF769K01OK0
150470,Mirae Asset Balanced Advantage Fund Direct Plan- Growth,Mirae Asset Mutual Fund,Open Ended Schemes,Hybrid Scheme - Dynamic Asset Allocation or Balanced Advantage,Balanced Advantage,INF769K01IN6
148623,Mirae Asset Banking and Financial Services Fund Direct Growth,Mirae Asset Mutual Fund,Open Ended Schemes,Equity Schemes - Thematic Fund,Thematic,INF769K01GX9
148419,Mirae Asset Banking and PSU Fund - Direct Plan - Growth,Mirae Asset Mutual Fund,Open Ended Schemes,Debt Scheme - Banking and PSU Fund,Banking & PSU,INF769K01FY9
150792,Mirae Asset CRISIL IBX Gilt Index - April 2033 Index Fund - Direct Plan - Growth,Mirae Asset Mutual Fund,Open Ended Schemes,Other Scheme - Index Funds,Index,INF769K01IX5
153634,Mirae Asset CRISIL-IBX Financial Services 9-12 Months Debt Index Fund - Direct Plan - Growth,Mirae Asset Mutual Fund,Open Ended Schemes,Other Scheme - Index Funds,Index,INF769K01OS3
148755,Mirae Asset Corporate Bond Fund Direct Growth Plan,Mirae Asset Mutual Fund,Open Ended Schemes,Debt Scheme - Corporate Bond Fund,Corporate Bond,INF769K01HD9
148500,Mirae Asset Diversified Equity Allocator Passive FOF - Direct Plan - Growth,Mirae Asset Mutual Fund,Open Ended Schemes,Other Scheme - FoF Domestic,Fund of Funds,INF769K01GE9
140769,Mirae Asset Dynamic Bond Fund -Direct Plan -Growth,Mirae Asset Mutual Fund,Open Ended Schemes,Debt Scheme - Dynamic Bond,Dynamic Bond,INF769K01DR8
135781,Mirae Asset ELSS Tax Saver Fund - Direct Plan - Growth,Mirae Asset Mutual Fund,Open Ended Schemes,Equity Scheme - ELSS,ELSS,INF769K01DM9
145693,Mirae Asset Equity Savings Fund- Direct Plan- Growth,Mirae Asset Mutual Fund,Open Ended Schemes,Hybrid Scheme - Equity Savings,Equity Savings,INF769K01EK1
151412,Mirae Asset Flexi Cap Fund - Direct Plan - Growth,Mirae Asset Mutual Fund,Open Ended Schemes,Equity Scheme - Flexi Cap Fund,Flexi Cap,INF769K01JJ2
147206,Mirae Asset Focused Fund Direct Plan Growth,Mirae Asset Mutual Fund,Open Ended Schemes,Equity Scheme - Focused Fund,Focused,INF769K01EU0
150595,Mirae Asset Global Electric & Autonomous Vehicles Equity Passive FOF - Direct Plan - Growth,Mirae Asset Mutual Fund,Open Ended Schemes,Other Scheme - FoF Overseas,Fund of Funds,INF769K01IQ9
150597,Mirae Asset Global X Artificial Intelligence & Technology ETF Fund of Fund - Direct Plan- Growth,Mirae Asset Mutual Fund,Open Ended Schemes,Other Scheme - FoF Overseas,Fund of Funds,INF769K01IS5
153007,Mirae Asset Gold ETF Fund of Fund - Direct Plan - Growth,Mirae Asset Mutual Fund,Open Ended Schemes,Other Scheme - FoF Domestic,Fund of Funds,INF769K01MV1
153812,Mirae Asset Gold Silver Passive FoF - Direct Plan - Growth,Mirae Asset Mutual Fund,Open Ended Schemes,Other Scheme - FoF Domestic,Fund of Funds,INF769K01PM3
118837,Mirae Asset Great Consumer Fund - Direct Plan - Growth,Mirae Asset Mutual Fund,Open Ended Schemes,Equity Schemes - Thematic Fund,Thematic,INF769K01BL5
143783,Mirae Asset Healthcare Fund Direct Growth,Mirae Asset Mutual Fund,Open Ended Schemes,Equity Schemes - Thematic Fund,Thematic,INF769K01ED6
153638,Mirae Asset Income plus Arbitrage Active FOF - Direct Plan - Growth,Mirae Asset Mutual Fund,Open Ended Schemes,Other Scheme - FoF Domestic,Fund of Funds,INF769K01OY1
153983,Mirae Asset Infrastructure Fund - Direct Plan - Growth,Mirae Asset Mutual Fund,Open Ended Schemes,Equity Schemes - Thematic Fund,Thematic,INF769K01PV4
118834,Mirae Asset Large & Midcap Fund - Direct Plan - Growth,Mirae Asset Mutual Fund,Open Ended Schemes,Equity Scheme - Large & Mid Cap Fund,Mid Cap,INF769K01BI1
118825,Mirae Asset Large Cap Fund - Direct Plan - Growth,Mirae Asset Mutual Fund,Open Ended Schemes,Equity Scheme - Large Cap Fund,Large Cap,INF769K01AX2
118859,Mirae Asset Liquid Fund - Direct Plan - Growth,Mirae Asset Mutual Fund,Open Ended Schemes,Debt Scheme - Liquid Fund,Liquid,INF769K01CM1
153105,Mirae Asset Long Duration Fund - Direct Plan - Growth,Mirae Asset Mutual Fund,Open Ended Schemes,Debt Scheme - Long Duration Fund,Long Duration,INF769K01NC9
118840,Mirae Asset Low Duration Fund - Direct Plan - Growth,Mirae Asset Mutual Fund,Open Ended Schemes,Debt Scheme - Low Duration Fund,Low Duration,INF769K01BO9
147445,Mirae Asset Midcap Fund- Direct Growth Option,Mirae Asset Mutual Fund,Open Ended Schemes,Equity Scheme - Mid Cap Fund,Mid Cap,INF769K01FA9
149112,Mirae Asset Money Market Fund Direct Growth,Mirae Asset Mutual Fund,Open Ended Schemes,Debt Scheme - Money Market Fund,Money Market,INF769K01HN8
152344,Mirae Asset Multi Asset Allocation Fund - Direct Plan - Growth,Mirae Asset Mutual Fund,Open Ended Schemes,Hybrid Scheme - Multi Asset Allocation,Multi Asset,INF769K01KZ6
153816,Mirae Asset Multi Factor Passive FOF - Direct Plan - Growth,Mirae Asset Mutual Fund,Open Ended Schemes,Other Scheme - FoF Domestic,Fund of Funds,INF769K01PH3
151810,Mirae Asset Multicap Fund - Direct Plan - Growth,Mirae Asset Mutual Fund,Open Ended Schemes,Equity Scheme - Multi Cap Fund,Multi Cap,INF769K01KK8
148928,Mirae Asset NYSE FANG + ETF Fund of Fund Direct Growth,Mirae Asset Mutual Fund,Open Ended Schemes,Other Scheme - FoF Domestic,Fund of Funds,INF769K01HH0
148574,Mirae Asset Nifty 100 ESG Sector Leaders Fund of Fund Direct Growth,Mirae Asset Mutual Fund,Open Ended Schemes,Other Scheme - FoF Domestic,Fund of Funds,INF769K01GQ3
152972,Mirae Asset Nifty 50 Index Fund - Direct Plan - Growth,Mirae Asset Mutual Fund,Open Ended Schemes,Other Scheme - Index Funds,Index,INF769K01MQ1
149790,Mirae Asset Nifty India Manufacturing ETF FOF - Direct Plan - Growth,Mirae Asset Mutual Fund,Open Ended Schemes,Other Scheme - FoF Domestic,Fund of Funds,INF769K01HZ2
153192,Mirae Asset Nifty India New Age Consumption ETF Fund of Fund - Direct Plan - Growth,Mirae Asset Mutual Fund,Open Ended Schemes,Other Scheme - FoF Domestic,Fund of Funds,INF769K01NP1
152976,Mirae Asset Nifty LargeMidcap 250 Index Fund - Direct Plan - Growth,Mirae Asset Mutual Fund,Open Ended Schemes,Other Scheme - Index Funds,Index,INF769K01MJ6
154216,Mirae Asset Nifty Metal ETF FOF - Direct Plan - Growth,Mirae Asset Mutual Fund,Open Ended Schemes,Other Scheme - FoF Domestic,Fund of Funds,INF769K01QM1
152645,Mirae Asset Nifty MidSmallcap400 Momentum Quality 100 ETF Fund of Fund - Direct Plan - Growth,Mirae Asset Mutual Fund,Open Ended Schemes,Other Scheme - FoF Domestic,Fund of Funds,INF769K01LN0
150358,Mirae Asset Nifty SDL Jun 2027 Index Fund -Direct Plan - Growth,Mirae Asset Mutual Fund,Open Ended Schemes,Other Scheme - Index Funds,Index,INF769K01IH8
151691,Mirae Asset Nifty SDL June 2028 Index Fund - Direct Plan - Growth,Mirae Asset Mutual Fund,Open Ended Schemes,Other Scheme - Index Funds,Index,INF769K01JZ8
152459,Mirae Asset Nifty Smallcap 250 Momentum Quality 100 ETF Fund of Fund - Direct Plan - Growth,Mirae Asset Mutual Fund,Open Ended Schemes,Other Scheme - FoF Domestic,Fund of Funds,INF769K01LG4
152968,Mirae Asset Nifty Total Market Index Fund - Direct Plan - Growth,Mirae Asset Mutual Fund,Open Ended Schemes,Other Scheme - Index Funds,Index,INF769K01MD9
152718,Mirae Asset Nifty200 Alpha 30 ETF Fund of Fund - Direct Plan - Growth,Mirae Asset Mutual Fund,Open Ended Schemes,Other Scheme - FoF Domestic,Fund of Funds,INF769K01LU5
154493,Mirae Asset Nifty200 Momentum 30 Plus 8-13yr G-Sec 75:25 Index Fund - Direct Plan - Growth,Mirae Asset Mutual Fund,Open Ended Schemes,Index Funds - Equity Funds,Index,INF769K01RG1
147736,Mirae Asset Overnight Fund Direct Plan Growth,Mirae Asset Mutual Fund,Open Ended Schemes,Debt Scheme - Overnight Fund,Overnight,INF769K01FG6
149170,Mirae Asset S&P 500 Top 50 ETF Fund of Fund Direct Growth,Mirae Asset Mutual Fund,Open Ended Schemes,Other Scheme - FoF Domestic,Fund of Funds,INF769K01HR9
142641,Mirae Asset Short Duration Fund - Direct Plan - Growth,Mirae Asset Mutual Fund,Open Ended Schemes,Debt Scheme - Short Duration Fund,Short Duration,INF769K01DX6
154279,Mirae Asset Silver ETF FOF - Direct Plan - Growth,Mirae Asset Mutual Fund,Open Ended Schemes,Other Scheme - FoF Domestic,Fund of Funds,INF769K01QS8
153196,Mirae Asset Small Cap Fund - Direct Plan - Growth,Mirae Asset Mutual Fund,Open Ended Schemes,Equity Scheme - Small Cap Fund,Small Cap,INF769K01NJ4
148529,Mirae Asset Ultra Short Duration Fund Direct Growth,Mirae Asset Mutual Fund,Open Ended Schemes,Debt Scheme - Ultra Short Duration Fund,Ultra Short Duration,INF769K01GK6
149381,Mirae AssetHang Seng TECH ETF Fund of Fund Direct Plan - Growth Option,Mirae Asset Mutual Fund,Open Ended Schemes,Other Scheme - FoF Domestic,Fund of Funds,INF769K01HU3
149240,Motilal Oswal 5 Year G-Sec Fund Of Fund Direct -Growth,Motilal Oswal Mutual Fund,Open Ended Schemes,Other Scheme - FoF Domestic,Fund of Funds,INF247L01AQ1
153364,Motilal Oswal Active Momentum Fund- Direct-Growth,Motilal Oswal Mutual Fund,Open Ended Schemes,Equity Scheme - Sectoral/ Thematic,Sectoral,INF247L01EP5
153187,Motilal Oswal Arbitrage Fund-Direct Plan-Growth,Motilal Oswal Mutual Fund,Open Ended Schemes,Hybrid Scheme - Arbitrage Fund,Arbitrage,INF247L01ED1
148750,Motilal Oswal Asset Allocation FOF- C- Direct Growth,Motilal Oswal Mutual Fund,Open Ended Schemes,Other Scheme - FoF Domestic,Fund of Funds,INF247L01AN8
153596,Motilal Oswal BSE 1000 Index Fund - Direct Plan - Growth,Motilal Oswal Mutual Fund,Open Ended Schemes,Other Scheme - Index Funds,Index,INF247L01FM9
150443,Motilal Oswal BSE Financials ex Bank 30 Index Fund Direct Growth,Motilal Oswal Mutual Fund,Open Ended Schemes,Other Scheme - Index Funds,Index,INF247L01BC9
139872,Motilal Oswal Balanced Advantage Fund  (MOFDYNAMIC) - Direct Plan - Growth Option,Motilal Oswal Mutual Fund,Open Ended Schemes,Hybrid Scheme - Dynamic Asset Allocation or Balanced Advantage,Balanced Advantage,INF247L01635
152796,Motilal Oswal Business Cycle Fund - Direct Plan- Growth,Motilal Oswal Mutual Fund,Open Ended Schemes,Equity Scheme - Sectoral/ Thematic,Sectoral,INF247L01DG6
153913,Motilal Oswal Consumption Fund-Direct-Growth,Motilal Oswal Mutual Fund,Open Ended Schemes,Equity Scheme - Sectoral/ Thematic,Sectoral,INF247L01GA2
154337,Motilal Oswal Contra Fund - Direct – Growth,Motilal Oswal Mutual Fund,Open Ended Schemes,Equity Scheme - Contra Fund,Contra,INF247L01GW6
152090,Motilal Oswal Developed Market Ex US ETFs Fund of Funds Direct Plan Growth,Motilal Oswal Mutual Fund,Open Ended Schemes,Other Scheme - FoF Overseas,Fund of Funds,INF247L01BT3
152964,Motilal Oswal Digital India Fund - Direct Plan - Growth,Motilal Oswal Mutual Fund,Open Ended Schemes,Equity Scheme - Sectoral/ Thematic,Sectoral,INF247L01DN2
154112,Motilal Oswal Diversified Equity Flexicap Passive Fund of Funds- Direct - Growth,Motilal Oswal Mutual Fund,Open Ended Schemes,Other Scheme - FoF Domestic,Fund of Funds,INF247L01GL9
133386,Motilal Oswal ELSS Tax Saver Fund - Direct Plan - Growth Option,Motilal Oswal Mutual Fund,Open Ended Schemes,Equity Scheme - ELSS,ELSS,INF247L01569
154142,Motilal Oswal Financial Services Fund- Direct Growth,Motilal Oswal Mutual Fund,Open Ended Schemes,Equity Scheme - Sectoral/ Thematic,Sectoral,INF247L01GN5
129046,Motilal Oswal Flexi cap Fund Direct Plan-Growth Option,Motilal Oswal Mutual Fund,Open Ended Schemes,Equity Scheme - Flexi Cap Fund,Flexi Cap,INF247L01502
122389,Motilal Oswal Focused Fund - Direct Plan Growth Option,Motilal Oswal Mutual Fund,Open Ended Schemes,Equity Scheme - Focused Fund,Focused,INF247L01189
153484,Motilal Oswal Infrastructure Fund-Direct-Growth,Motilal Oswal Mutual Fund,Open Ended Schemes,Equity Scheme - Sectoral/ Thematic,Sectoral,INF247L01EW1
153258,Motilal Oswal Innovation Opportunities Fund - Direct Plan- Growth,Motilal Oswal Mutual Fund,Open Ended Schemes,Equity Scheme - Sectoral/ Thematic,Sectoral,INF247L01EJ8
152354,Motilal Oswal Large Cap Direct Plan Growth,Motilal Oswal Mutual Fund,Open Ended Schemes,Equity Scheme - Large Cap Fund,Large Cap,INF247L01CE3
147704,Motilal Oswal Large and Midcap Fund - Direct Plan Growth,Motilal Oswal Mutual Fund,Open Ended Schemes,Equity Scheme - Large & Mid Cap Fund,Mid Cap,INF247L01999
145834,Motilal Oswal Liquid Fund - Direct Growth,Motilal Oswal Mutual Fund,Open Ended Schemes,Debt Scheme - Liquid Fund,Liquid,INF247L01734
152760,Motilal Oswal Manufacturing Fund - Direct Plan- Growth,Motilal Oswal Mutual Fund,Open Ended Schemes,Equity Scheme - Sectoral/ Thematic,Sectoral,INF247L01DA9
127042,Motilal Oswal Midcap Fund-Direct Plan-Growth Option,Motilal Oswal Mutual Fund,Open Ended Schemes,Equity Scheme - Mid Cap Fund,Mid Cap,INF247L01445
148747,Motilal Oswal Multi Asset Passive Fund of Fund - Direct Growth,Motilal Oswal Mutual Fund,Open Ended Schemes,Other Scheme - FoF Domestic,Fund of Funds,INF247L01AL2
152651,Motilal Oswal Multi Cap Fund-Direct Plan Growth,Motilal Oswal Mutual Fund,Open Ended Schemes,Equity Scheme - Multi Cap Fund,Multi Cap,INF247L01CL8
145552,Motilal Oswal Nasdaq 100 Fund of Fund- Direct Plan Growth,Motilal Oswal Mutual Fund,Open Ended Schemes,Other Scheme - FoF Domestic,Fund of Funds,INF247L01718
147794,Motilal Oswal Nifty 50 Index Fund - Direct plan - Growth,Motilal Oswal Mutual Fund,Open Ended Schemes,Other Scheme - Index Funds,Index,INF247L01AE7
152875,Motilal Oswal Nifty 500 Momentum 50 Index Fund-Direct Plan-Growth,Motilal Oswal Mutual Fund,Open Ended Schemes,Other Scheme - Index Funds,Index,INF247L01DL6
153138,Motilal Oswal Nifty Capital Market Index Fund - Direct Plan - Growth,Motilal Oswal Mutual Fund,Open Ended Schemes,Other Scheme - Index Funds,Index,INF247L01EB5
152712,Motilal Oswal Nifty India Defence Index Fund Direct Plan Growth,Motilal Oswal Mutual Fund,Open Ended Schemes,Other Scheme - Index Funds,Index,INF247L01CW5
151814,Motilal Oswal Nifty Microcap 250 Index Fund- Direct- Growth Option,Motilal Oswal Mutual Fund,Open Ended Schemes,Other Scheme - Index Funds,Index,INF247L01BQ9
153027,Motilal Oswal Nifty MidSmall Financial Services Index Fund - Direct Plan- Growth,Motilal Oswal Mutual Fund,Open Ended Schemes,Other Scheme - Index Funds,Index,INF247L01DW3
153023,Motilal Oswal Nifty MidSmall Healthcare Index Fund- Direct Plan-Growth,Motilal Oswal Mutual Fund,Open Ended Schemes,Other Scheme - Index Funds,Index,INF247L01EA7
153029,Motilal Oswal Nifty MidSmall IT and Telecom Index Fund - Direct Plan- Growth,Motilal Oswal Mutual Fund,Open Ended Schemes,Other Scheme - Index Funds,Index,INF247L01DY9
153025,Motilal Oswal Nifty MidSmall India Consumption Index Fund - Direct Plan- Growth,Motilal Oswal Mutual Fund,Open Ended Schemes,Other Scheme - Index Funds,Index,INF247L01DU7
147796,Motilal Oswal Nifty Next 50 Index Fund - Direct plan - Growth,Motilal Oswal Mutual Fund,Open Ended Schemes,Other Scheme - Index Funds,Index,INF247L01AC1
152694,Motilal Oswal Quant Fund - Direct - Growth,Motilal Oswal Mutual Fund,Open Ended Schemes,Equity Scheme - Sectoral/ Thematic,Sectoral,INF247L01CS3
148381,Motilal Oswal S&P 500 Index Fund - Direct Plan Growth,Motilal Oswal Mutual Fund,Open Ended Schemes,Other Scheme - Index Funds,Index,INF247L01AG2
153558,Motilal Oswal Services Fund - Direct Plan - Growth,Motilal Oswal Mutual Fund,Open Ended Schemes,Equity Scheme - Sectoral/ Thematic,Sectoral,INF247L01FE6
152237,Motilal Oswal Small Cap Fund - Direct - Growth,Motilal Oswal Mutual Fund,Open Ended Schemes,Equity Scheme - Small Cap Fund,Small Cap,INF247L01BY3
153749,Motilal Oswal Special Opportunities Fund - Direct - Growth,Motilal Oswal Mutual Fund,Open Ended Schemes,Equity Scheme - Sectoral/ Thematic,Sectoral,INF247L01FS6
124234,Motilal Oswal Ultra Short Term Fund (MOFUSTF) -Direct Plan- Growth,Motilal Oswal Mutual Fund,Open Ended Schemes,Debt Scheme - Ultra Short Duration Fund,Ultra Short Duration,INF247L01247
152062,NAVI BSE SENSEX INDEX FUND - DIRECT PLAN - GROWTH,Navi Mutual Fund,Open Ended Schemes,Other Scheme - Index Funds,Index,INF959L01HK9
151471,NAVI ELSS TAX SAVER NIFTY 50 INDEX FUND - DIRECT PLAN GROWTH,Navi Mutual Fund,Open Ended Schemes,Equity Scheme - ELSS,ELSS,INF959L01GR6
150367,NJ Arbitrage Fund - Direct Plan - Growth Option,NJ Mutual Fund,Open Ended Schemes,Hybrid Schemes - Arbitrage Fund,Arbitrage,INF0J8L01065
149264,NJ Balanced Advantage Fund - Direct Plan - Growth Option,NJ Mutual Fund,Open Ended Schemes,Hybrid Schemes - Balanced Advantage Fund/ Dynamic Asset Allocation,Balanced Advantage,INF0J8L01040
151611,NJ ELSS Tax Saver Scheme Direct Growth,NJ Mutual Fund,Open Ended Schemes,Equity Schemes - ELSS- Tax Saver Fund,ELSS,INF0J8L01115
151917,NJ Flexi Cap Fund - Direct Plan - Growth Option,NJ Mutual Fund,Open Ended Schemes,Equity Schemes - Flexi Cap Fund,Flexi Cap,INF0J8L01156
154451,NJ Momentum Fund - Direct Growth,NJ Mutual Fund,Open Ended Schemes,Equity Schemes - Thematic Fund,Thematic,INF0J8L01172
150369,NJ Overnight Fund - Direct Plan - Growth Option,NJ Mutual Fund,Open Ended Schemes,Income/Debt Oriented Schemes - Overnight Fund,Overnight,INF0J8L01081
154456,NJ Value Fund - Direct Growth,NJ Mutual Fund,Open Ended Schemes,Equity Schemes - Value Fund,Value,INF0J8L01214
143163,Navi Aggressive Hybrid Fund - Direct Plan - Growth,Navi Mutual Fund,Open Ended Schemes,Hybrid Scheme - Aggressive Hybrid Fund,Aggressive Hybrid,INF959L01CX3
135654,Navi ELSS Tax Saver Fund- Direct Plan- Growth Option,Navi Mutual Fund,Open Ended Schemes,Equity Scheme - ELSS,ELSS,INF959L01CD5
143793,Navi Flexi Cap Fund - Direct Plan - Growth,Navi Mutual Fund,Open Ended Schemes,Equity Scheme - Flexi Cap Fund,Flexi Cap,INF959L01DT9
135677,Navi Large & Midcap Fund- Direct Plan- Growth Option,Navi Mutual Fund,Open Ended Schemes,Equity Scheme - Large & Mid Cap Fund,Mid Cap,INF959L01CH6
119164,Navi Liquid Fund-Direct Plan-Growth Option,Navi Mutual Fund,Open Ended Schemes,Debt Scheme - Liquid Fund,Liquid,INF959L01GF1
149910,Navi NASDAQ100 US Specific Equity Passive FOF- Direct- Growth,Navi Mutual Fund,Open Ended Schemes,Other Scheme - FoF Overseas,Fund of Funds,INF959L01FZ1
149039,Navi Nifty 50 Index Fund-Direct Plan-Growth,Navi Mutual Fund,Open Ended Schemes,Other Scheme - Index Funds,Index,INF959L01FP2
149804,Navi Nifty Bank Index Fund- Direct Plan- Growth,Navi Mutual Fund,Open Ended Schemes,Other Scheme - Index Funds,Index,INF959L01FT4
150515,Navi Nifty India Manufacturing Index Fund- Direct Plan- Growth,Navi Mutual Fund,Open Ended Schemes,Other Scheme - Index Funds,Index,INF959L01GD6
149892,Navi Nifty Midcap 150 Index Fund Direct Plan- Growth,Navi Mutual Fund,Open Ended Schemes,Other Scheme - Index Funds,Index,INF959L01FX6
149447,Navi Nifty Next 50 Index Fund- Direct Plan- Growth,Navi Mutual Fund,Open Ended Schemes,Other Scheme - Index Funds,Index,INF959L01FR8
154027,Navi Nifty midsmallcap 400 Index Fund- Direct - Growth,Navi Mutual Fund,Open Ended Schemes,Other Scheme - Index Funds,Index,INF959L01HR4
152535,Navi NiftyIT Index Fund - Direct Plan- Growth,Navi Mutual Fund,Open Ended Schemes,Other Scheme - Index Funds,Index,INF959L01HM5
149830,Navi Total Stock Market US Specific Equity Passive FoF- Direct Plan- Growth,Navi Mutual Fund,Open Ended Schemes,Other Scheme - FoF Overseas,Fund of Funds,INF959L01FV0
153274,Nippon India Active Momentum Fund-Direct Plan - Growth Option,Nippon India Mutual Fund,Open Ended Schemes,Equity Scheme - Sectoral/ Thematic,Sectoral,INF204KC1EK5
118794,Nippon India Aggressive Hybrid Fund  - Direct Plan Growth Plan,Nippon India Mutual Fund,Open Ended Schemes,Hybrid Scheme - Aggressive Hybrid Fund,Aggressive Hybrid,INF204K01B08
118585,Nippon India Arbitrage Fund - Direct Plan Growth Plan - Growth Option,Nippon India Mutual Fund,Open Ended Schemes,Hybrid Scheme - Arbitrage Fund,Arbitrage,INF204K01XZ7
153567,Nippon India BSE Sensex Next 30 Index Fund- Direct Plan- Growth Option,Nippon India Mutual Fund,Open Ended Schemes,Other Scheme - Index Funds,Index,INF204KC1FD7
118736,Nippon India Balanced Advantage Fund - Direct Plan Growth Plan - Growth Option,Nippon India Mutual Fund,Open Ended Schemes,Hybrid Scheme - Dynamic Asset Allocation or Balanced Advantage,Balanced Advantage,INF204K01G94
118589,Nippon India Banking & Financial Services Fund - Direct Plan Growth Plan - Growth Option,Nippon India Mutual Fund,Open Ended Schemes,Equity Scheme - Sectoral/ Thematic,Sectoral,INF204K01XO1
134547,Nippon India Banking and PSU  Fund- Direct Plan-Growth Plan- Growth Option,Nippon India Mutual Fund,Open Ended Schemes,Debt Scheme - Banking and PSU Fund,Banking & PSU,INF204KA1U53
152992,Nippon India CRISIL - IBX AAA Financial Services - Dec 2026 Index Fund - Direct Plan - Growth Option,Nippon India Mutual Fund,Open Ended Schemes,Other Scheme - Index Funds,Index,INF204KC1DM3
152996,Nippon India CRISIL - IBX AAA Financial Services - Jan 2028 Index Fund - Direct Plan - Growth Option,Nippon India Mutual Fund,Open Ended Schemes,Other Scheme - Index Funds,Index,INF204KC1DS0
154271,Nippon India CRISIL-IBX Financial Services 3-6 Months Debt Index Fund- Direct Plan- Growth Option,Nippon India Mutual Fund,Open Ended Schemes,Other Scheme - Index Funds,Index,INF204KC1GX3
154252,Nippon India CRISIL-IBX Financial Services 9-12 Months Debt Index Fund -Direct Plan - Growth Option,Nippon India Mutual Fund,Open Ended Schemes,Other Scheme - Index Funds,Index,INF204KC1GR5
118726,Nippon India Conservative Hybrid  Fund - Direct Plan Growth Plan - Growth Option,Nippon India Mutual Fund,Open Ended Schemes,Hybrid Scheme - Conservative Hybrid Fund,Conservative Hybrid,INF204K01YV4
118724,Nippon India Consumption Fund - Direct Plan Growth Plan - Growth Option,Nippon India Mutual Fund,Open Ended Schemes,Equity Scheme - Sectoral/ Thematic,Sectoral,INF204K01G52
118814,Nippon India Corporate Bond Fund - Direct Plan Growth Plan - Growth Option,Nippon India Mutual Fund,Open Ended Schemes,Debt Scheme - Corporate Bond Fund,Corporate Bond,INF204K01C15
118780,Nippon India Credit Risk Fund - Direct Plan - Growth Plan,Nippon India Mutual Fund,Open Ended Schemes,Debt Scheme - Credit Risk Fund,Credit Risk,INF204K01A74
148642,Nippon India Diversified Equity Flexicap Passive FoF - Direct Plan - Growth Option,Nippon India Mutual Fund,Open Ended Schemes,Other Scheme - FoF Domestic,Fund of Funds,INF204KB16X6
118747,Nippon India Dynamic Bond Fund - Direct Plan Growth Plan - Growth Option,Nippon India Mutual Fund,Open Ended Schemes,Debt Scheme - Dynamic Bond,Dynamic Bond,INF204K01A25
118803,Nippon India ELSS Tax Saver Fund - Direct Plan Growth Plan - Growth Option,Nippon India Mutual Fund,Open Ended Schemes,Equity Scheme - ELSS,ELSS,INF204K01L55
134594,Nippon India Equity Savings Fund- Direct Plan- Growth Plan-Growth Option,Nippon India Mutual Fund,Open Ended Schemes,Hybrid Scheme - Equity Savings,Equity Savings,INF204KA1W77
149094,Nippon India Flexi Cap Fund - Direct Plan - Growth Plan - Growth Option,Nippon India Mutual Fund,Open Ended Schemes,Equity Scheme - Flexi Cap Fund,Flexi Cap,INF204KC1121
118656,Nippon India Floater Fund  - Direct Plan Growth Plan - Growth Option,Nippon India Mutual Fund,Open Ended Schemes,Debt Scheme - Floater Fund,Floating Rate,INF204K01E05
118692,Nippon India Focused Fund - Direct Plan Growth Plan - Growth Option,Nippon India Mutual Fund,Open Ended Schemes,Equity Scheme - Focused Fund,Focused,INF204K01F95
118672,Nippon India Gilt  Fund - Direct Plan Growth Plan - Growth Option,Nippon India Mutual Fund,Open Ended Schemes,Debt Scheme - Gilt Fund,Gilt,INF204K01XP8
118663,Nippon India Gold Savings Fund - Direct Plan Growth Plan - Growth Option,Nippon India Mutual Fund,Open Ended Schemes,Other Scheme - FoF Domestic,Fund of Funds,INF204K01YC4
118668,Nippon India Growth Mid Cap Fund - Direct Plan Growth Plan - Growth Option,Nippon India Mutual Fund,Open Ended Schemes,Equity Scheme - Mid Cap Fund,Mid Cap,INF204K01E54
153600,Nippon India Income Plus Arbitrage Active Fund of Fund- Direct Plan- Growth Option,Nippon India Mutual Fund,Open Ended Schemes,Other Scheme - FoF Domestic,Fund of Funds,INF204KC1FJ4
118791,Nippon India Index Fund - BSE Sensex Plan - Direct Plan Growth Plan - Growth Option,Nippon India Mutual Fund,Open Ended Schemes,Other Scheme - Index Funds,Index,INF204K01K80
118741,Nippon India Index Fund - Nifty 50 Plan - Direct Plan Growth Plan - Growth Option,Nippon India Mutual Fund,Open Ended Schemes,Other Scheme - Index Funds,Index,INF204K01H36
152033,Nippon India Innovation Fund-Direct Plan-Growth Option,Nippon India Mutual Fund,Open Ended Schemes,Equity Scheme - Sectoral/ Thematic,Sectoral,INF204KC1BO3
130860,Nippon India Japan Equity Fund- Direct Plan- Growth Plan- Growth Option,Nippon India Mutual Fund,Open Ended Schemes,Equity Scheme - Sectoral/ Thematic,Sectoral,INF204KA1SI1
118632,Nippon India Large Cap Fund - Direct Plan Growth Plan - Growth Option,Nippon India Mutual Fund,Open Ended Schemes,Equity Scheme - Large Cap Fund,Large Cap,INF204K01XI3
118701,Nippon India Liquid Fund - Direct Plan Growth Plan - Growth Option,Nippon India Mutual Fund,Open Ended Schemes,Debt Scheme - Liquid Fund,Liquid,INF204K01ZH0
118709,Nippon India Low Duration Fund - Direct Plan Growth Plan - Growth Option,Nippon India Mutual Fund,Open Ended Schemes,Debt Scheme - Low Duration Fund,Low Duration,INF204K01ZU3
153693,Nippon India MNC Fund- Direct Plan- Growth Option,Nippon India Mutual Fund,Open Ended Schemes,Equity Scheme - Sectoral/ Thematic,Sectoral,INF204KC1FR7
130050,Nippon India Medium Duration Fund - Direct Plan - Growth Option,Nippon India Mutual Fund,Open Ended Schemes,Debt Scheme - Medium Duration Fund,Medium Duration,INF204KA1QF1
118687,Nippon India Medium to Long Duration Fund - Direct Plan Growth Plan - Growth Option,Nippon India Mutual Fund,Open Ended Schemes,Debt Scheme - Medium to Long Duration Fund,Long Duration,INF204K01XS2
118719,Nippon India Money Market Fund - Direct Plan Growth Plan - Growth Option,Nippon India Mutual Fund,Open Ended Schemes,Debt Scheme - Money Market Fund,Money Market,INF204K01ZP3
148666,Nippon India Multi - Asset Omni FoF - Direct Plan - Growth Option,Nippon India Mutual Fund,Open Ended Schemes,Other Scheme - FoF Domestic,Fund of Funds,INF204KB16Y4
148457,Nippon India Multi Asset Allocation Fund - Direct Plan - Growth Option,Nippon India Mutual Fund,Open Ended Schemes,Hybrid Scheme - Multi Asset Allocation,Multi Asset,INF204KB19V4
118650,Nippon India Multi Cap Fund - Direct Plan Growth Plan - Growth Option,Nippon India Mutual Fund,Open Ended Schemes,Equity Scheme - Multi Cap Fund,Multi Cap,INF204K01XF9
148721,Nippon India Nifty 50 Value 20 Index Fund - Direct Plan - Growth Option,Nippon India Mutual Fund,Open Ended Schemes,Other Scheme - Index Funds,Index,INF204KB12Z0
152842,Nippon India Nifty 500 Equal Weight Index Fund - Direct Plan - Growth Option,Nippon India Mutual Fund,Open Ended Schemes,Other Scheme - Index Funds,Index,INF204KC1DA8
153474,Nippon India Nifty 500 Low Volatility 50 Index Fund - Direct Plan - Growth Option,Nippon India Mutual Fund,Open Ended Schemes,Other Scheme - Index Funds,Index,INF204KC1EQ2
152881,Nippon India Nifty 500 Momentum 50 Index Fund - Direct Plan - Growth Option,Nippon India Mutual Fund,Open Ended Schemes,Other Scheme - Index Funds,Index,INF204KC1DG5
153470,Nippon India Nifty 500 Quality 50 Index Fund - Direct Plan - Growth Option,Nippon India Mutual Fund,Open Ended Schemes,Other Scheme - Index Funds,Index,INF204KC1EW0
150012,Nippon India Nifty AAA CPSE Bond Plus SDL - Apr 2027 Maturity 60:40 Index Fund - Direct Plan - Growth Option,Nippon India Mutual Fund,Open Ended Schemes,Other Scheme - Index Funds,Index,INF204KC1527
150754,Nippon India Nifty AAA PSU Bond Plus SDL - Sep 2026 Maturity 50:50 Index Fund-Direct Plan-Growth Option,Nippon India Mutual Fund,Open Ended Schemes,Other Scheme - Index Funds,Index,INF204KC1683
150487,Nippon India Nifty Alpha Low Volatility 30 Index Fund - Direct Plan - Growth Option,Nippon India Mutual Fund,Open Ended Schemes,Other Scheme - Index Funds,Index,INF204KC1584
153064,Nippon India Nifty Auto Index Fund - Direct Plan- Growth Option,Nippon India Mutual Fund,Open Ended Schemes,Other Scheme - Index Funds,Index,INF204KC1EE8
152389,Nippon India Nifty Bank Index Fund - Direct Plan - Growth Option,Nippon India Mutual Fund,Open Ended Schemes,Other Scheme - Index Funds,Index,INF204KC1BY2
150920,Nippon India Nifty G-Sec Jun 2036 Maturity Index Fund-Direct Plan-Growth Option,Nippon India Mutual Fund,Open Ended Schemes,Other Scheme - Index Funds,Index,INF204KC1AC0
151440,Nippon India Nifty G-Sec Oct 2028 Maturity Index Fund-Direct Plan-Growth Option,Nippon India Mutual Fund,Open Ended Schemes,Other Scheme - Index Funds,Index,INF204KC1AO5
150906,Nippon India Nifty G-Sec Sep 2027 Maturity Index Fund-Direct Plan-Growth Option,Nippon India Mutual Fund,Open Ended Schemes,Other Scheme - Index Funds,Index,INF204KC1881
152392,Nippon India Nifty IT Index Fund - Direct Plan - Growth Option,Nippon India Mutual Fund,Open Ended Schemes,Other Scheme - Index Funds,Index,INF204KC1CE2
153806,Nippon India Nifty India Manufacturing Index Fund- Direct Plan- Growth Option,Nippon India Mutual Fund,Open Ended Schemes,Other Scheme - Index Funds,Index,INF204KC1GL8
148726,Nippon India Nifty Midcap 150 Index Fund - Direct Plan - Growth Option,Nippon India Mutual Fund,Open Ended Schemes,Other Scheme - Index Funds,Index,INF204KB18Z7
146513,Nippon India Nifty Next 50 Junior BeES FoF - Direct Plan - Growth Plan - Growth Option,Nippon India Mutual Fund,Open Ended Schemes,Other Scheme - FoF Domestic,Fund of Funds,INF204KB1X25
153060,Nippon India Nifty Realty Index Fund-Direct Plan- Growth Option,Nippon India Mutual Fund,Open Ended Schemes,Other Scheme - Index Funds,Index,INF204KC1DY8
150824,Nippon India Nifty SDL Plus G-Sec - Jun 2028 Maturity 70:30 Index Fund-Direct Plan-Growth Option,Nippon India Mutual Fund,Open Ended Schemes,Other Scheme - Index Funds,Index,INF204KC1741
151390,Nippon India Nifty SDL Plus G-Sec-Jun 2029 Maturity 70:30 Index Fund-Direct Plan-Growth Option,Nippon India Mutual Fund,Open Ended Schemes,Other Scheme - Index Funds,Index,INF204KC1AI7
148519,Nippon India Nifty Smallcap 250 Index Fund - Direct Plan - Growth Option,Nippon India Mutual Fund,Open Ended Schemes,Other Scheme - Index Funds,Index,INF204KB15W0
143704,Nippon India Nivesh Lakshya Long Duration Fund- Direct Plan- Growth Option,Nippon India Mutual Fund,Open Ended Schemes,Debt Scheme - Long Duration Fund,Long Duration,INF204KB1YQ1
145810,Nippon India Overnight Fund - Direct Plan - Growth Option,Nippon India Mutual Fund,Open Ended Schemes,Debt Scheme - Overnight Fund,Overnight,INF204KB1R31
118759,Nippon India Pharma Fund - Direct Plan Growth Plan - Growth Option,Nippon India Mutual Fund,Open Ended Schemes,Equity Scheme - Sectoral/ Thematic,Sectoral,INF204K01I50
118763,Nippon India Power & Infra Fund - Direct Plan Growth Plan - Growth Option,Nippon India Mutual Fund,Open Ended Schemes,Equity Scheme - Sectoral/ Thematic,Sectoral,INF204K01I92
118769,Nippon India Quant Fund - Direct Plan Growth Plan - Growth Option,Nippon India Mutual Fund,Open Ended Schemes,Equity Scheme - Sectoral/ Thematic,Sectoral,INF204K01J34
133569,Nippon India Retirement Fund- Income Generation Scheme- Direct Plan- Growth Plan - Growth Option,Nippon India Mutual Fund,Open Ended Schemes,Solution Oriented Scheme - Retirement Fund,Retirement,INF204KA1C30
133568,Nippon India Retirement Fund- Wealth Creation Scheme- Direct Plan- Growth Plan - Growth Option,Nippon India Mutual Fund,Open Ended Schemes,Solution Oriented Scheme - Retirement Fund,Retirement,INF204KA1B72
118796,Nippon India Short Duration Fund - Direct Plan Growth Plan - Growth Option,Nippon India Mutual Fund,Open Ended Schemes,Debt Scheme - Short Duration Fund,Short Duration,INF204K01B32
149760,Nippon India Silver ETF FOF- Direct Plan-Growth Option,Nippon India Mutual Fund,Open Ended Schemes,Other Scheme - FoF Domestic,Fund of Funds,INF204KC1378
118778,Nippon India Small Cap Fund - Direct Plan Growth Plan - Growth Option,Nippon India Mutual Fund,Open Ended Schemes,Equity Scheme - Small Cap Fund,Small Cap,INF204K01K15
149329,Nippon India Taiwan Equity Fund- Direct Plan- Growth Option,Nippon India Mutual Fund,Open Ended Schemes,Equity Scheme - Sectoral/ Thematic,Sectoral,INF204KC1303
134923,Nippon India US Equity Opportunities Fund- Direct Plan- Growth Plan- Growth Option,Nippon India Mutual Fund,Open Ended Schemes,Equity Scheme - Sectoral/ Thematic,Sectoral,INF204KA15G5
143494,Nippon India Ultra Short Duration Fund- Direct Plan- Growth Option,Nippon India Mutual Fund,Open Ended Schemes,Debt Scheme - Ultra Short Duration Fund,Ultra Short Duration,INF204K01YH3
118784,Nippon India Value Fund - Direct Plan Growth Plan,Nippon India Mutual Fund,Open Ended Schemes,Equity Scheme - Value Fund,Value,INF204K01K49
118678,Nippon India Vision Large & Mid Cap Fund - Direct Plan Growth Plan - Growth Option,Nippon India Mutual Fund,Open Ended Schemes,Equity Scheme - Large & Mid Cap Fund,Mid Cap,INF204K01F20
153979,Old Bridge Arbitrage Fund Direct Growth,Old Bridge Mutual Fund,Open Ended Schemes,Hybrid Scheme - Arbitrage Fund,Arbitrage,INF0S5R01125
154225,Old Bridge Flexi Cap Fund Direct Growth,Old Bridge Mutual Fund,Open Ended Schemes,Equity Scheme - Flexi Cap Fund,Flexi Cap,INF0S5R01133
152358,Old Bridge Focused Fund - Direct Growth,Old Bridge Mutual Fund,Open Ended Schemes,Equity Scheme - Focused Fund,Focused,INF0S5R01042
138386,PGIM India Aggressive Hybrid Equity Fund - Direct Plan - Growth,PGIM India Mutual Fund,Open Ended Schemes,Hybrid Scheme - Aggressive Hybrid Fund,Aggressive Hybrid,INF663L01GX2
138875,PGIM India Arbitrage Fund - Direct Plan - Growth,PGIM India Mutual Fund,Open Ended Schemes,Hybrid Scheme - Arbitrage Fund,Arbitrage,INF223J013N7
148658,PGIM India Balanced Advantage Fund -  Direct Plan - Growth Option,PGIM India Mutual Fund,Open Ended Schemes,Hybrid Scheme - Dynamic Asset Allocation or Balanced Advantage,Balanced Advantage,INF663L01V49
151407,"PGIM India CRISIL IBX Gilt Index - Apr 2028 Fund - Direct Plan, Growth Option",PGIM India Mutual Fund,Open Ended Schemes,Other Scheme - Index Funds,Index,INF663L01X21
138330,PGIM India Corporate Bond Fund - Direct Plan - Growth,PGIM India Mutual Fund,Open Ended Schemes,Debt Scheme - Corporate Bond Fund,Corporate Bond,INF223J01OO2
120084,PGIM India Dynamic Bond Fund - Direct Plan-Growth Option,PGIM India Mutual Fund,Open Ended Schemes,Debt Scheme - Dynamic Bond,Dynamic Bond,INF663L01AD7
135601,PGIM India ELSS Tax Saver Fund - Direct Plan - Growth Option,PGIM India Mutual Fund,Open Ended Schemes,Equity Scheme - ELSS,ELSS,INF663L01FN5
138456,PGIM India Emerging Markets Equity Fund of Fund - Direct Plan - Growth,PGIM India Mutual Fund,Open Ended Schemes,Other Scheme - FoF Overseas,Fund of Funds,INF223J01NL0
138376,PGIM India Equity Savings Fund - Direct Plan - Growth,PGIM India Mutual Fund,Open Ended Schemes,Hybrid Scheme - Equity Savings,Equity Savings,INF223J01QD0
133839,PGIM India Flexi Cap Fund - Direct Plan - Growth Option,PGIM India Mutual Fund,Open Ended Schemes,Equity Scheme - Flexi Cap Fund,Flexi Cap,INF663L01FF1
138472,PGIM India Gilt Fund - Direct Plan - Growth,PGIM India Mutual Fund,Open Ended Schemes,Debt Scheme - Gilt Fund,Gilt,INF223J01ND7
138528,PGIM India Global Equity Opportunities Fund of Fund- Direct Plan - Growth,PGIM India Mutual Fund,Open Ended Schemes,Other Scheme - FoF Overseas,Fund of Funds,INF223J01NF2
149298,PGIM India Global Select Real Estate Securities Fund of Fund - Direct Plan - Growth Option,PGIM India Mutual Fund,Open Ended Schemes,Other Scheme - FoF Overseas,Fund of Funds,INF663L01W63
153039,PGIM India Healthcare Fund - Direct Plan - Growth Option,PGIM India Mutual Fund,Open Ended Schemes,Equity Scheme - Sectoral/ Thematic,Sectoral,INF663L01Z45
138312,PGIM India Large Cap Fund - Direct Plan - Growth,PGIM India Mutual Fund,Open Ended Schemes,Equity Scheme - Large Cap Fund,Large Cap,INF663L01GR4
152382,PGIM India Large and Midcap Fund - Direct Plan - Growth Option,PGIM India Mutual Fund,Open Ended Schemes,Equity Scheme - Large & Mid Cap Fund,Mid Cap,INF663L01Y12
138299,PGIM India Liquid Fund - Direct Plan - Growth,PGIM India Mutual Fund,Open Ended Schemes,Debt Scheme - Liquid Fund,Liquid,INF223J01NS5
125307,PGIM India Midcap Fund - Direct Plan - Growth Option,PGIM India Mutual Fund,Open Ended Schemes,Equity Scheme - Mid Cap Fund,Mid Cap,INF663L01DV3
148161,PGIM India Money Market Fund - Direct Plan - Growth Option,PGIM India Mutual Fund,Open Ended Schemes,Debt Scheme - Money Market Fund,Money Market,INF663L01T84
153987,PGIM India Multi Asset Allocation Fund - Direct Plan - Growth Option,PGIM India Mutual Fund,Open Ended Schemes,Hybrid Scheme - Multi Asset Allocation,Multi Asset,INF663L010A3
152815,PGIM India Multi Cap Fund - Direct Plan - Growth Option,PGIM India Mutual Fund,Open Ended Schemes,Equity Scheme - Multi Cap Fund,Multi Cap,INF663L01Z03
147606,PGIM India Overnight Fund - Direct Plan - Growth Option,PGIM India Mutual Fund,Open Ended Schemes,Debt Scheme - Overnight Fund,Overnight,INF663L01T01
152537,PGIM India Retirement Fund - Direct Plan - Growth Option,PGIM India Mutual Fund,Open Ended Schemes,Solution Oriented Scheme - Retirement Fund,Retirement,INF663L01Y61
149019,PGIM India Small Cap Fund - Direct Plan- Growth Option,PGIM India Mutual Fund,Open Ended Schemes,Equity Scheme - Small Cap Fund,Small Cap,INF663L01W06
138358,PGIM India Ultra Short Duration Fund - Direct Plan - Growth,PGIM India Mutual Fund,Open Ended Schemes,Debt Scheme - Ultra Short Duration Fund,Ultra Short Duration,INF223J01QO7
152109,Parag Parikh Arbitrage Fund - Direct Plan Growth,PPFAS Mutual Fund,Open Ended Schemes,Hybrid Scheme - Arbitrage Fund,Arbitrage,INF879O01225
148958,Parag Parikh Conservative Hybrid Fund - Direct Plan - Growth,PPFAS Mutual Fund,Open Ended Schemes,Hybrid Scheme - Conservative Hybrid Fund,Conservative Hybrid,INF879O01175
152468,Parag Parikh Dynamic Asset Allocation Fund - Direct Plan Growth,PPFAS Mutual Fund,Open Ended Schemes,Hybrid Scheme - Dynamic Asset Allocation or Balanced Advantage,Balanced Advantage,INF879O01266
147481,Parag Parikh ELSS Tax Saver Fund- Direct Growth,PPFAS Mutual Fund,Open Ended Schemes,Equity Scheme - ELSS,ELSS,INF879O01100
122639,Parag Parikh Flexi Cap Fund - Direct Plan - Growth,PPFAS Mutual Fund,Open Ended Schemes,Equity Scheme - Flexi Cap Fund,Flexi Cap,INF879O01027
154155,Parag Parikh Large Cap Fund - Direct Plan - Growth,PPFAS Mutual Fund,Open Ended Schemes,Equity Scheme - Large Cap Fund,Large Cap,INF879O01332
143269,Parag Parikh Liquid Fund- Direct Plan- Growth,PPFAS Mutual Fund,Open Ended Schemes,Debt Scheme - Liquid Fund,Liquid,INF879O01068
147372,QUANTUM ESG BEST IN CLASS STRATEGY FUND - DIRECT PLAN - GROWTH OPTION,Quantum Mutual Fund,Open Ended Schemes,Equity Scheme - Sectoral/ Thematic,Sectoral,INF082J01382
152107,QUANTUM SMALL CAP FUND - DIRECT PLAN GROWTH OPTION,Quantum Mutual Fund,Open Ended Schemes,Equity Scheme - Small Cap Fund,Small Cap,INF082J01432
149335,Quant Value Fund - Growth Option  - Direct Plan,quant Mutual Fund,Open Ended Schemes,Equity Scheme - Value Fund,Value,INF966L01AN3
112039,Quantum Diversified Equity All Cap Active FOF - Direct Plan Growth Option,Quantum Mutual Fund,Open Ended Schemes,Other Scheme - FoF Domestic,Fund of Funds,INF082J01093
134494,Quantum Dynamic Term Fund - Direct Plan Growth Option,Quantum Mutual Fund,Open Ended Schemes,Debt Scheme - Dynamic Bond,Dynamic Bond,INF082J01176
111549,Quantum ELSS Tax Saver Fund - Direct Plan Growth Option,Quantum Mutual Fund,Open Ended Schemes,Equity Scheme - ELSS,ELSS,INF082J01069
153094,Quantum Ethical Fund - Direct Plan Growth Option,Quantum Mutual Fund,Open Ended Schemes,Equity Scheme - Sectoral/ Thematic,Sectoral,INF082J01473
115132,Quantum Gold ETF FOF - Direct Plan Growth Option,Quantum Mutual Fund,Open Ended Schemes,Other Scheme - FoF Domestic,Fund of Funds,INF082J01150
103734,Quantum Liquid Fund - Direct Plan Growth Option,Quantum Mutual Fund,Open Ended Schemes,Debt Scheme - Liquid Fund,Liquid,INF082J01127
117608,Quantum Multi Asset Active FOF - Direct Plan Growth Option,Quantum Mutual Fund,Open Ended Schemes,Other Scheme - FoF Domestic,Fund of Funds,INF082J01168
152474,Quantum Multi Asset Allocation Fund - Direct Plan Growth Option,Quantum Mutual Fund,Open Ended Schemes,Hybrid Scheme - Multi Asset Allocation,Multi Asset,INF082J01457
150390,Quantum Nifty 50 ETF FOF - Direct Plan - Growth,Quantum Mutual Fund,Open Ended Schemes,Other Scheme - FoF Domestic,Fund of Funds,INF082J01416
103490,Quantum Value Fund - Direct Plan Growth Option,Quantum Mutual Fund,Open Ended Schemes,Equity Scheme - Value Fund,Value,INF082J01036
119821,SBI  SAVINGS FUND - DIRECT PLAN - GROWTH,SBI Mutual Fund,Open Ended Schemes,Debt Scheme - Money Market Fund,Money Market,INF200K01SZ5
152657,SBI Automotive Opportunities Fund - Direct Plan - Growth,SBI Mutual Fund,Open Ended Schemes,Equity Scheme - Sectoral/ Thematic,Sectoral,INF200KB1183
133859,SBI BANKING & FINANCIAL SERVICES FUND - DIRECT PLAN - GROWTH,SBI Mutual Fund,Open Ended Schemes,Equity Scheme - Sectoral/ Thematic,Sectoral,INF200KA1507
125503,SBI BANKING & PSU FUND - Direct Plan - Growth,SBI Mutual Fund,Open Ended Schemes,Debt Scheme - Banking and PSU Fund,Banking & PSU,INF200K01V08
153432,SBI BSE PSU BANK INDEX FUND- Direct Plan- Growth,SBI Mutual Fund,Open Ended Schemes,Other Scheme - Index Funds,Index,INF200KB1688
151769,SBI BSE Sensex Index Fund - Direct Plan - Growth,SBI Mutual Fund,Open Ended Schemes,Other Scheme - Index Funds,Index,INF200KA16Y4
149134,SBI Balanced Advantage Fund - Direct Plan - Growth,SBI Mutual Fund,Open Ended Schemes,Hybrid Scheme - Dynamic Asset Allocation or Balanced Advantage,Balanced Advantage,INF200KA1Y73
119705,SBI COMMA Fund - DIRECT PLAN - Growth,SBI Mutual Fund,Open Ended Schemes,Equity Scheme - Sectoral/ Thematic,Sectoral,INF200K01SB6
120137,SBI CONSTANT MATURITY 10 YEAR GILT FUND - DIRECT PLAN - GROWTH,SBI Mutual Fund,Open Ended Schemes,Debt Scheme - Gilt Fund with 10 year constant duration,Gilt,INF200K01SK7
120575,SBI CONSUMPTION OPPORTUNITIES FUND - DIRECT PLAN - GROWTH,SBI Mutual Fund,Open Ended Schemes,Equity Scheme - Sectoral/ Thematic,Sectoral,INF200K01RM5
119835,SBI CONTRA FUND - DIRECT PLAN - GROWTH,SBI Mutual Fund,Open Ended Schemes,Equity Scheme - Contra Fund,Contra,INF200K01RA0
149474,SBI CPSE Bond Plus SDL Sep 2026 50:50 Index Fund - Direct Plan - Growth,SBI Mutual Fund,Open Ended Schemes,Other Scheme - Index Funds,Index,INF200KA13D5
119798,SBI CREDIT RISK FUND - DIRECT PLAN -GROWTH,SBI Mutual Fund,Open Ended Schemes,Debt Scheme - Credit Risk Fund,Credit Risk,INF200K01SV4
154331,SBI CRISIL - IBX Financial Services 3-6 Months Debt Index Fund - Direct Plan - Growth,SBI Mutual Fund,Open Ended Schemes,Other Scheme - Index Funds,Index,INF200KB1AO0
154334,SBI CRISIL - IBX Financial Services 9-12 Months Debt Index Fund - Direct Plan - Growth,SBI Mutual Fund,Open Ended Schemes,Other Scheme - Index Funds,Index,INF200KB1AU7
150706,SBI CRISIL IBX Gilt Index - April 2029 Fund - Direct Plan - Growth,SBI Mutual Fund,Open Ended Schemes,Other Scheme - Index Funds,Index,INF200KA18Q6
150711,SBI CRISIL IBX SDL Index - September 2027 Fund - Direct Plan - Growth,SBI Mutual Fund,Open Ended Schemes,Other Scheme - Index Funds,Index,INF200KA14R3
154370,SBI CRISIL-IBX 10:90 GILT + SDL INDEX DEC 2029 INDEX FUND - DIRECT - GROWTH,SBI Mutual Fund,Open Ended Schemes,Other Scheme - Index Funds,Index,INF200KB1BI0
148490,SBI Children's Fund - Investment Plan - Direct Plan - Growth,SBI Mutual Fund,Open Ended Schemes,Solution Oriented Scheme - Children’s Fund,Children,INF200KA1R07
119719,SBI Children's Fund - Savings Plan - DIRECT PLAN - GROWTH,SBI Mutual Fund,Open Ended Schemes,Solution Oriented Scheme - Children’s Fund,Children,INF200K01QR6
119839,SBI Conservative Hybrid Fund - Direct Plan - Growth,SBI Mutual Fund,Open Ended Schemes,Hybrid Scheme - Conservative Hybrid Fund,Conservative Hybrid,INF200K01TS8
146215,SBI Corporate Bond Fund - Direct Plan - Growth,SBI Mutual Fund,Open Ended Schemes,Debt Scheme - Corporate Bond Fund,Corporate Bond,INF200KA1YR4
154467,SBI Crisil - IBX SDL Index - June 2034 Index Fund - Direct Plan - Growth,SBI Mutual Fund,Open Ended Schemes,Index Funds - Debt Funds,Debt,INF200KB1BO8
153832,SBI Dynamic Asset Allocation Active FoF - Direct Plan - Growth,SBI Mutual Fund,Open Ended Schemes,Other Scheme - FoF Domestic,Fund of Funds,INF200KB1AA9
119671,SBI Dynamic Bond Fund - DIRECT PLAN - Growth,SBI Mutual Fund,Open Ended Schemes,Debt Scheme - Dynamic Bond,Dynamic Bond,INF200K01RD4
119723,SBI ELSS Tax Saver FUND - DIRECT PLAN -GROWTH,SBI Mutual Fund,Open Ended Schemes,Equity Scheme - ELSS,ELSS,INF200K01UM9
119609,SBI EQUITY HYBRID FUND - DIRECT PLAN - Growth,SBI Mutual Fund,Open Ended Schemes,Hybrid Scheme - Aggressive Hybrid Fund,Aggressive Hybrid,INF200K01RY0
119709,SBI ESG Exclusionary Strategy Fund - Direct Plan -Growth,SBI Mutual Fund,Open Ended Schemes,Equity Scheme - Sectoral/ Thematic,Sectoral,INF200K01SE0
152417,SBI Energy Opportunities Fund - Direct Plan - Growth,SBI Mutual Fund,Open Ended Schemes,Equity Scheme - Sectoral/ Thematic,Sectoral,INF200KB1126
146643,SBI Equity Minimum Variance Fund - Direct Plan - Growth,SBI Mutual Fund,Open Ended Schemes,Equity Scheme - Sectoral/ Thematic,Sectoral,INF200KA1A71
134643,SBI Equity Savings Fund - Direct Plan - Growth,SBI Mutual Fund,Open Ended Schemes,Hybrid Scheme - Equity Savings,Equity Savings,INF200KA1DF3
119727,SBI FOCUSED FUND - DIRECT PLAN -GROWTH,SBI Mutual Fund,Open Ended Schemes,Equity Scheme - Focused Fund,Focused,INF200K01RJ1
119718,SBI Flexicap Fund - DIRECT PLAN - Growth Option,SBI Mutual Fund,Open Ended Schemes,Equity Scheme - Flexi Cap Fund,Flexi Cap,INF200K01UG1
148550,SBI Floating Rate Debt Fund - Direct Plan - Growth,SBI Mutual Fund,Open Ended Schemes,Debt Scheme - Floater Fund,Floating Rate,INF200KA1R64
119707,SBI GILT FUND - DIRECT PLAN - GROWTH,SBI Mutual Fund,Open Ended Schemes,Debt Scheme - Gilt Fund,Gilt,INF200K01SH3
119788,SBI GOLD FUND- DIRECT PLAN - GROWTH,SBI Mutual Fund,Open Ended Schemes,Other Scheme - FoF Domestic,Fund of Funds,INF200K01RP8
119783,SBI HEALTHCARE OPPORTUNITIES FUND - DIRECT PLAN -GROWTH,SBI Mutual Fund,Open Ended Schemes,Equity Scheme - Sectoral/ Thematic,Sectoral,INF200K01UP2
119700,SBI INFRASTRUCTURE FUND -  DIRECT PLAN - GROWTH,SBI Mutual Fund,Open Ended Schemes,Equity Scheme - Sectoral/ Thematic,Sectoral,INF200K01RS2
153498,SBI Income Plus Arbitrage Active FOF- Direct Plan- Growth,SBI Mutual Fund,Open Ended Schemes,Other Scheme - FoF Domestic,Fund of Funds,INF200KB1753
152776,SBI Innovative Opportunities Fund - Direct Plan - Growth,SBI Mutual Fund,Open Ended Schemes,Equity Scheme - Sectoral/ Thematic,Sectoral,INF200KB1324
119721,SBI LARGE & MIDCAP FUND -DIRECT PLAN -Growth,SBI Mutual Fund,Open Ended Schemes,Equity Scheme - Large & Mid Cap Fund,Mid Cap,INF200K01UJ5
119812,SBI LOW DURATION FUND - DIRECT PLAN - GROWTH,SBI Mutual Fund,Open Ended Schemes,Debt Scheme - Low Duration Fund,Low Duration,INF200K01VM7
119598,SBI Large Cap FUND-DIRECT PLAN -GROWTH,SBI Mutual Fund,Open Ended Schemes,Equity Scheme - Large Cap Fund,Large Cap,INF200K01QX4
119800,SBI Liquid Fund - DIRECT PLAN -Growth,SBI Mutual Fund,Open Ended Schemes,Debt Scheme - Liquid Fund,Liquid,INF200K01UT4
151214,SBI Long Duration Fund - Direct Plan - Growth,SBI Mutual Fund,Open Ended Schemes,Debt Scheme - Long Duration Fund,Long Duration,INF200KA16T4
119824,SBI MEDIUM DURATION FUND - DIRECT PLAN - GROWTH,SBI Mutual Fund,Open Ended Schemes,Debt Scheme - Medium Duration Fund,Medium Duration,INF200K01VB0
119716,SBI MIDCAP FUND - DIRECT PLAN - GROWTH,SBI Mutual Fund,Open Ended Schemes,Equity Scheme - Mid Cap Fund,Mid Cap,INF200K01TP4
119711,SBI MNC FUND - DIRECT PLAN -GROWTH,SBI Mutual Fund,Open Ended Schemes,Equity Scheme - Sectoral/ Thematic,Sectoral,INF200K01SN1
119843,SBI MULTI ASSET ALLOCATION FUND - DIRECT PLAN - GROWTH,SBI Mutual Fund,Open Ended Schemes,Hybrid Scheme - Multi Asset Allocation,Multi Asset,INF200K01TZ3
119714,SBI Medium to Long Duration Fund-DIRECT PLAN -Growth,SBI Mutual Fund,Open Ended Schemes,Debt Scheme - Medium to Long Duration Fund,Long Duration,INF200K01SR2
149882,SBI Multicap Fund- Direct Plan- Growth option,SBI Mutual Fund,Open Ended Schemes,Equity Scheme - Multi Cap Fund,Multi Cap,INF200KA18E2
154372,SBI NIFTY G-SEC JUL 2031 INDEX FUND - DIRECT - GROWTH,SBI Mutual Fund,Open Ended Schemes,Other Scheme - Index Funds,Index,INF200KB1BC3
119827,SBI NIFTY INDEX FUND - DIRECT PLAN - GROWTH,SBI Mutual Fund,Open Ended Schemes,Other Scheme - Index Funds,Index,INF200K01TE8
152908,SBI Nifty 500 Index Fund- Direct Plan- Growth,SBI Mutual Fund,Open Ended Schemes,Other Scheme - Index Funds,Index,INF200KB1381
153250,SBI Nifty Bank Index Fund-Direct Plan- Growth,SBI Mutual Fund,Open Ended Schemes,Other Scheme - Index Funds,Index,INF200KB1563
153320,SBI Nifty IT Index Fund - Direct Plan - Growth,SBI Mutual Fund,Open Ended Schemes,Other Scheme - Index Funds,Index,INF200KB1621
153015,SBI Nifty India Consumption Index Fund- Direct Plan- Growth,SBI Mutual Fund,Open Ended Schemes,Other Scheme - Index Funds,Index,INF200KB1449
150673,SBI Nifty Midcap 150 Index Fund - Direct Plan - Growth,SBI Mutual Fund,Open Ended Schemes,Other Scheme - Index Funds,Index,INF200KA10P5
154526,SBI Nifty Midcap 150 Momentum 50 ETF FOF - Direct - Growth,SBI Mutual Fund,Open Ended Schemes,Equity Schemes - Value Fund,Value,INF200KB1BU5
148945,SBI Nifty Next 50 Index Fund - Direct Plan - Growth,SBI Mutual Fund,Open Ended Schemes,Other Scheme - Index Funds,Index,INF200KA1W00
150677,SBI Nifty Smallcap 250 Index Fund - Direct Plan - Growth,SBI Mutual Fund,Open Ended Schemes,Other Scheme - Index Funds,Index,INF200KA16P2
153718,SBI Nifty100 Low Volatility 30 Index Fund- Direct Plan- Growth,SBI Mutual Fund,Open Ended Schemes,Other Scheme - Index Funds,Index,INF200KB1936
153662,SBI Nifty200 Momentum 30 Index Fund- Direct Plan- Growth,SBI Mutual Fund,Open Ended Schemes,Other Scheme - Index Funds,Index,INF200KB1878
153555,SBI Nifty200 Quality 30 Index Fund-Direct Plan- Growth,SBI Mutual Fund,Open Ended Schemes,Other Scheme - Index Funds,Index,INF200KB1811
152370,SBI Nifty50 Equal Weight Index Fund - Direct Plan - Growth,SBI Mutual Fund,Open Ended Schemes,Other Scheme - Index Funds,Index,INF200KB1027
119833,SBI OVERNIGHT FUND - DIRECT PLAN - GROWTH,SBI Mutual Fund,Open Ended Schemes,Debt Scheme - Overnight Fund,Overnight,INF200K01TK5
119732,SBI PSU Fund - DIRECT PLAN - GROWTH,SBI Mutual Fund,Open Ended Schemes,Equity Scheme - Sectoral/ Thematic,Sectoral,INF200K01UY4
154177,SBI Quality Fund - Direct Plan - Growth,SBI Mutual Fund,Open Ended Schemes,Equity Scheme - Sectoral/ Thematic,Sectoral,INF200KB1AG6
153154,SBI Quant Fund- Direct Plan- Growth,SBI Mutual Fund,Open Ended Schemes,Equity Scheme - Sectoral/ Thematic,Sectoral,INF200KB1506
148685,SBI Retirement Benefit Fund - Aggressive Hybrid Plan - Direct Plan - Growth,SBI Mutual Fund,Open Ended Schemes,Solution Oriented Scheme - Retirement Fund,Retirement,INF200KA1S97
148683,SBI Retirement Benefit Fund - Aggressive Plan - Direct Plan - Growth,SBI Mutual Fund,Open Ended Schemes,Solution Oriented Scheme - Retirement Fund,Retirement,INF200KA1S55
148690,SBI Retirement Benefit Fund - Conservative Hybrid Plan - Direct Plan - Growth,SBI Mutual Fund,Open Ended Schemes,Solution Oriented Scheme - Retirement Fund,Retirement,INF200KA1T70
148688,SBI Retirement Benefit Fund - Conservative Plan - Direct Plan - Growth,SBI Mutual Fund,Open Ended Schemes,Solution Oriented Scheme - Retirement Fund,Retirement,INF200KA1T39
119816,SBI SHORT TERM DEBT FUND - DIRECT PLAN -GROWTH,SBI Mutual Fund,Open Ended Schemes,Debt Scheme - Short Duration Fund,Short Duration,INF200K01VE4
152735,SBI Silver ETF Fund of Fund- Direct Plan - Growth,SBI Mutual Fund,Open Ended Schemes,Other Scheme - FoF Domestic,Fund of Funds,INF200KB1233
125497,SBI Small Cap Fund - Direct Plan - Growth,SBI Mutual Fund,Open Ended Schemes,Equity Scheme - Small Cap Fund,Small Cap,INF200K01T51
120578,SBI TECHNOLOGY OPPORTUNITIES FUND - DIRECT PLAN - GROWTH,SBI Mutual Fund,Open Ended Schemes,Equity Scheme - Sectoral/ Thematic,Sectoral,INF200K01RV6
119828,SBI ULTRA SHORT DURATION FUND - DIRECT PLAN - GROWTH,SBI Mutual Fund,Open Ended Schemes,Debt Scheme - Ultra Short Duration Fund,Ultra Short Duration,INF200K01TF5
148760,SBI US Specific Equity Active FoF - Direct Plan - Growth,SBI Mutual Fund,Open Ended Schemes,Other Scheme - FoF Overseas,Fund of Funds,INF200KA1U28
150681,SBI |CRISIL IBX Gilt Index - June 2036 Fund - Direct Plan - Growth,SBI Mutual Fund,Open Ended Schemes,Other Scheme - Index Funds,Index,INF200KA12Q9
151753,Samco Active Momentum Fund - Direct Plan - Growth Option,Samco Mutual Fund,Open Ended Schemes,Equity Scheme - Sectoral/ Thematic,Sectoral,INF0K1H01081
153090,Samco Arbitrage Fund - Direct Plan - Growth,Samco Mutual Fund,Open Ended Schemes,Hybrid Scheme - Arbitrage Fund,Arbitrage,INF0K1H01214
152188,Samco Dynamic Asset Allocation Fund - Direct Plan - Growth Option,Samco Mutual Fund,Open Ended Schemes,Hybrid Scheme - Dynamic Asset Allocation or Balanced Advantage,Balanced Advantage,INF0K1H01131
150838,Samco ELSS Tax Saver Fund - Direct Plan - Growth Option,Samco Mutual Fund,Open Ended Schemes,Equity Scheme - ELSS,ELSS,INF0K1H01065
149450,Samco Flexi Cap Fund - Direct Plan - Growth Option,Samco Mutual Fund,Open Ended Schemes,Equity Scheme - Flexi Cap Fund,Flexi Cap,INF0K1H01024
153534,Samco Large & Mid Cap Fund - Direct Plan - Growth Option,Samco Mutual Fund,Open Ended Schemes,Equity Scheme - Large & Mid Cap Fund,Mid Cap,INF0K1H01271
153239,Samco Large Cap Fund - Direct Plan - Growth Option,Samco Mutual Fund,Open Ended Schemes,Equity Scheme - Large Cap Fund,Large Cap,INF0K1H01255
153092,Samco Multi Asset Allocation Fund - Direct Plan - Growth,Samco Mutual Fund,Open Ended Schemes,Hybrid Scheme - Multi Asset Allocation,Multi Asset,INF0K1H01230
152847,Samco Multi Cap Fund - Direct Plan - Growth,Samco Mutual Fund,Open Ended Schemes,Equity Scheme - Multi Cap Fund,Multi Cap,INF0K1H01198
150631,Samco Overnight Fund - Direct Plan - Growth Option,Samco Mutual Fund,Open Ended Schemes,Debt Scheme - Overnight Fund,Overnight,INF0K1H01040
152586,Samco Special Opportunities Fund - Direct Plan - Growth,Samco Mutual Fund,Open Ended Schemes,Equity Scheme - Sectoral/ Thematic,Sectoral,INF0K1H01180
125711,Shriram Aggressive Hybrid Fund- Direct Growth,Shriram Mutual Fund,Open Ended Schemes,Hybrid Scheme - Aggressive Hybrid Fund,Aggressive Hybrid,INF680P01042
147406,Shriram Balanced Advantage Fund - Direct Growth,Shriram Mutual Fund,Open Ended Schemes,Hybrid Scheme - Dynamic Asset Allocation or Balanced Advantage,Balanced Advantage,INF680P01208
145819,Shriram ELSS Tax Saver Fund - Direct Growth,Shriram Mutual Fund,Open Ended Schemes,Equity Scheme - ELSS,ELSS,INF680P01158
144905,Shriram Flexi Cap Fund - Direct Growth,Shriram Mutual Fund,Open Ended Schemes,Equity Scheme - Flexi Cap Fund,Flexi Cap,INF680P01109
153035,Shriram Liquid Fund - Direct Plan Growth Option,Shriram Mutual Fund,Open Ended Schemes,Debt Scheme - Liquid Fund,Liquid,INF680P01430
154144,Shriram Money Market Fund - Direct Plan Growth Option,Shriram Mutual Fund,Open Ended Schemes,Debt Scheme - Money Market Fund,Money Market,INF680P01471
152051,Shriram Multi Asset Allocation Fund - Direct Growth,Shriram Mutual Fund,Open Ended Schemes,Hybrid Scheme - Multi Asset Allocation,Multi Asset,INF680P01406
153076,Shriram Multi Sector Rotation Fund - Direct Plan Growth Option,Shriram Mutual Fund,Open Ended Schemes,Equity Scheme - Sectoral/ Thematic,Sectoral,INF680P01455
154394,Shriram Overnight Fund- Direct Growth,Shriram Mutual Fund,Open Ended Schemes,Debt Scheme - Overnight Fund,Overnight,INF680P01497
149601,Sundaram Aggressive Hybrid Fund (Formerly Known as Principal Hybrid Equity Fund)- Direct Plan - Growth Option,Sundaram Mutual Fund,Open Ended Schemes,Hybrid Scheme - Aggressive Hybrid Fund,Aggressive Hybrid,INF173K01FE6
149550,Sundaram Arbitrage Fund (Formerly Known as Prinicpal Arbitrage Fund) - Direct Plan - Growth,Sundaram Mutual Fund,Open Ended Schemes,Hybrid Scheme - Arbitrage Fund,Arbitrage,INF173K01NF7
149717,Sundaram Balanced Advantage Fund ( Formerly Known as Principal Balanced Advantage Fund) - Direct Plan - Growth Option,Sundaram Mutual Fund,Open Ended Schemes,Hybrid Scheme - Dynamic Asset Allocation or Balanced Advantage,Balanced Advantage,INF173K01FI7
134363,Sundaram Banking & PSU Debt Fund - Direct Growth,Sundaram Mutual Fund,Open Ended Schemes,Debt Scheme - Banking and PSU Fund,Banking & PSU,
119625,Sundaram Banking & PSU Fund (Formerly Known as Sundaram Banking and PSU Debt Fund) Direct Plan - Growth,Sundaram Mutual Fund,Open Ended Schemes,Debt Scheme - Banking and PSU Fund,Banking & PSU,INF903J01PA5
152677,Sundaram Business Cycle Fund Direct Plan Growth,Sundaram Mutual Fund,Open Ended Schemes,Equity Scheme - Sectoral/ Thematic,Sectoral,INF903JA1LQ6
119635,Sundaram Conservative Hybrid Fund (Formerly Known as Sundaram Debt Oriented Hybrid Fund) Direct Plan - Growth,Sundaram Mutual Fund,Open Ended Schemes,Hybrid Scheme - Conservative Hybrid Fund,Conservative Hybrid,INF903J01OP6
119595,Sundaram Consumption Fund (Formerly Known as Sundaram Rural and Consumption Fund Direct Plan - Growth),Sundaram Mutual Fund,Open Ended Schemes,Equity Scheme - Sectoral/ Thematic,Sectoral,INF903J01NH5
119621,Sundaram Corporate Bond Fund Direct Plan - Growth,Sundaram Mutual Fund,Open Ended Schemes,Debt Scheme - Corporate Bond Fund,Corporate Bond,INF903J01NR4
149570,Sundaram ELSS Tax Saver Fund Direct Plan Growth,Sundaram Mutual Fund,Open Ended Schemes,Equity Scheme - ELSS,ELSS,INF173K01HZ7
149679,Sundaram Equity Savings Fund (Formerly Known as Principal Equity Savings Fund) - Direct Plan - Growth Option,Sundaram Mutual Fund,Open Ended Schemes,Hybrid Scheme - Equity Savings,Equity Savings,INF173K01GZ9
119597,Sundaram Financial Services Opportunities Fund Direct Plan - Growth,Sundaram Mutual Fund,Open Ended Schemes,Equity Scheme - Sectoral/ Thematic,Sectoral,INF903J01NB8
150571,Sundaram Flexicap Fund Direct Growth,Sundaram Mutual Fund,Open Ended Schemes,Equity Scheme - Flexi Cap Fund,Flexi Cap,INF903JA1LE2
149533,Sundaram Focused Fund (Formerly Known as Principal Focused Multicap Fund)- Direct Plan - Growth Option,Sundaram Mutual Fund,Open Ended Schemes,Equity Scheme - Focused Fund,Focused,INF173K01EK6
119602,Sundaram Global Brand Theme-Equity Active FOF - Direct Growth,Sundaram Mutual Fund,Open Ended Schemes,Other Scheme - FoF Overseas,Fund of Funds,INF903J01OB6
154123,Sundaram Income Plus Arbitrage Active FoF Fund-Direct-Growth,Sundaram Mutual Fund,Open Ended Schemes,Other Scheme - FoF Domestic,Fund of Funds,INF903JA1LZ7
129212,Sundaram Infrastructure Advantage Fund Direct Plan - Growth,Sundaram Mutual Fund,Open Ended Schemes,Equity Scheme - Sectoral/ Thematic,Sectoral,INF903J01F92
148507,Sundaram Large Cap Fund (Formerly Known as Sundaram Blue Chip Fund)Direct Plan - Growth,Sundaram Mutual Fund,Open Ended Schemes,Equity Scheme - Large Cap Fund,Large Cap,INF903JA1JC0
119566,Sundaram Large and Midcap Fund Direct Plan - Growth,Sundaram Mutual Fund,Open Ended Schemes,Equity Scheme - Large & Mid Cap Fund,Mid Cap,INF903J01PR9
149664,Sundaram Liquid Fund (Formerly Known as Principal Cash Management Fund) - Direct Plan - Growth Option,Sundaram Mutual Fund,Open Ended Schemes,Debt Scheme - Liquid Fund,Liquid,INF173K01GU0
149526,Sundaram Low Duration Fund (Formerly Known as Principal Low Duration Fund) - Direct Plan - Growth Option,Sundaram Mutual Fund,Open Ended Schemes,Debt Scheme - Low Duration Fund,Low Duration,INF173K01FS6
119675,Sundaram Medium Duration Fund (Formerly Known as Sundaram Medium Term Bond Fund) Direct Plan - Growth,Sundaram Mutual Fund,Open Ended Schemes,Debt Scheme - Medium Duration Fund,Medium Duration,INF903J01PO6
119581,Sundaram Mid Cap Fund Direct Plan - Growth,Sundaram Mutual Fund,Open Ended Schemes,Equity Scheme - Mid Cap Fund,Mid Cap,INF903J01MJ3
145050,Sundaram Money Market Fund Direct Plan - Growth,Sundaram Mutual Fund,Open Ended Schemes,Debt Scheme - Money Market Fund,Money Market,INF903JA1FR6
152314,Sundaram Multi Asset Allocation Fund Direct Plan Growth,Sundaram Mutual Fund,Open Ended Schemes,Hybrid Scheme - Multi Asset Allocation,Multi Asset,INF903JA1LK9
149669,Sundaram Multi Cap Fund (Formerly Known as Principal Multi Cap Growth Fund)-Direct Plan - Growth Option,Sundaram Mutual Fund,Open Ended Schemes,Equity Scheme - Multi Cap Fund,Multi Cap,INF173K01FQ0
153669,Sundaram Multi-Factor Fund - Direct - Growth,Sundaram Mutual Fund,Open Ended Schemes,Equity Scheme - Sectoral/ Thematic,Sectoral,INF903JA1LV6
149483,Sundaram Nifty 100 Equal Weight Fund (Formerly Known as Principal Nifty 100 Equal Weight Fund) - Direct Plan - Growth Option,Sundaram Mutual Fund,Open Ended Schemes,Other Scheme - Index Funds,Index,INF173K01EZ4
146963,Sundaram Overnight Fund Direct Plan - Growth,Sundaram Mutual Fund,Open Ended Schemes,Debt Scheme - Overnight Fund,Overnight,INF903JA1HG5
144835,Sundaram Services Fund Direct Plan - Growth,Sundaram Mutual Fund,Open Ended Schemes,Equity Scheme - Sectoral/ Thematic,Sectoral,INF903JA1FA2
149587,Sundaram Short Duration Fund (Formerly Known as Principal Short Term Debt Fund)- Direct Plan - Growth Option,Sundaram Mutual Fund,Open Ended Schemes,Debt Scheme - Short Duration Fund,Short Duration,INF173K01GP0
119589,Sundaram Small Cap Fund Direct Plan - Growth,Sundaram Mutual Fund,Open Ended Schemes,Equity Scheme - Small Cap Fund,Small Cap,INF903J01NK9
149539,Sundaram Ultra Short Duration Fund (Formerly Known as Principal Ultra Short Term Fund)- Direct Plan -Growth Option,Sundaram Mutual Fund,Open Ended Schemes,Debt Scheme - Ultra Short Duration Fund,Ultra Short Duration,INF173K01HI3
119549,Sundaram Value Fund Direct Plan - Growth,Sundaram Mutual Fund,Open Ended Schemes,Equity Scheme - Value Fund,Value,INF903J01NN3
150692,TATA CRISIL-IBX GILT INDEX - APRIL 2026 INDEX FUND - DIRECT PLAN - GROWTH,Tata Mutual Fund,Open Ended Schemes,Other Scheme - Index Funds,Index,INF277KA1554
153891,THE WEALTH COMPANY ARBITRAGE FUND DIRECT GROWTH,The Wealth Company Mutual Fund,Open Ended Schemes,Hybrid Scheme - Arbitrage Fund,Arbitrage,INF2F0001271
153895,THE WEALTH COMPANY ETHICAL FUND DIRECT GROWTH,The Wealth Company Mutual Fund,Open Ended Schemes,Equity Scheme - Sectoral/ Thematic,Sectoral,INF2F0001214
153872,THE WEALTH COMPANY FLEXI CAP FUND - DIRECT GROWTH,The Wealth Company Mutual Fund,Open Ended Schemes,Equity Scheme - Flexi Cap Fund,Flexi Cap,INF2F0001040
154131,THE WEALTH COMPANY GOLD ETF FOF DIRECT GROWTH,The Wealth Company Mutual Fund,Open Ended Schemes,Other Scheme - FoF Domestic,Fund of Funds,INF2F0001412
153883,THE WEALTH COMPANY LIQUID FUND DIRECT GROWTH,The Wealth Company Mutual Fund,Open Ended Schemes,Debt Scheme - Liquid Fund,Liquid,INF2F0001081
149797,TRUST MF OVERNIGHT FUND-DIRECT PLAN-GROWTH,Trust Mutual Fund,Open Ended Schemes,Debt Scheme - Overnight Fund,Overnight,INF0GCD01453
153804,TRUSTMF ARBITRAGE FUND -DIRECT PLAN-GROWTH,Trust Mutual Fund,Open Ended Schemes,Hybrid Scheme - Arbitrage Fund,Arbitrage,INF0GCD01859
151320,TRUSTMF CORPORATE BOND FUND-DIRECT PLAN-GROWTH,Trust Mutual Fund,Open Ended Schemes,Debt Scheme - Corporate Bond Fund,Corporate Bond,INF0GCD01560
152584,TRUSTMF Flexi Cap Fund-Direct Plan- Growth,Trust Mutual Fund,Open Ended Schemes,Equity Scheme - Flexi Cap Fund,Flexi Cap,INF0GCD01743
154433,TRUSTMF LARGE & MIDCAP FUND - DIRECT PLAN - GROWTH,Trust Mutual Fund,Open Ended Schemes,Equity Schemes - Large & Mid Cap Fund,Mid Cap,INF0GCD01891
148841,TRUSTMF Liquid Fund-Direct Plan-Growth,Trust Mutual Fund,Open Ended Schemes,Debt Scheme - Liquid Fund,Liquid,INF0GCD01255
154210,TRUSTMF MID CAP FUND -DIRECT -GROWTH,Trust Mutual Fund,Open Ended Schemes,Equity Scheme - Mid Cap Fund,Mid Cap,INF0GCD01875
150513,TRUSTMF MONEY MARKET FUND-DIRECT PLAN-GROWTH,Trust Mutual Fund,Open Ended Schemes,Debt Scheme - Money Market Fund,Money Market,INF0GCD01503
153644,TRUSTMF MULTI CAP FUND -DIRECT PLAN-GROWTH,Trust Mutual Fund,Open Ended Schemes,Equity Scheme - Multi Cap Fund,Multi Cap,INF0GCD01834
152939,TRUSTMF SMALL CAP FUND -DIRECT PLAN-GROWTH,Trust Mutual Fund,Open Ended Schemes,Equity Scheme - Small Cap Fund,Small Cap,INF0GCD01800
149076,TRUSTMF Short Duration Fund-Direct Plan-Growth,Trust Mutual Fund,Open Ended Schemes,Debt Scheme - Short Duration Fund,Short Duration,INF0GCD01370
119053,Tata Aggressive Hybrid Fund -Direct Plan- Growth Option,Tata Mutual Fund,Open Ended Schemes,Hybrid Scheme - Aggressive Hybrid Fund,Aggressive Hybrid,INF277K01MN2
145724,Tata Arbitrage Fund-Direct Plan-Growth,Tata Mutual Fund,Open Ended Schemes,Hybrid Scheme - Arbitrage Fund,Arbitrage,INF277K017Q3
154066,Tata BSE Multicap Consumption 50:30:20 Index Fund - Direct Plan Growth Option,Tata Mutual Fund,Open Ended Schemes,Other Scheme - Index Funds,Index,INF277KA1EP8
153420,Tata BSE Quality Index Fund Direct plan Growth Option,Tata Mutual Fund,Open Ended Schemes,Other Scheme - Index Funds,Index,INF277KA1DK1
153132,Tata BSE Select Business Groups Index Fund - Direct Growth,Tata Mutual Fund,Open Ended Schemes,Other Scheme - Index Funds,Index,INF277KA1DA2
146010,Tata Balanced Advantage Fund-Direct Plan-Growth,Tata Mutual Fund,Open Ended Schemes,Hybrid Scheme - Dynamic Asset Allocation or Balanced Advantage,Balanced Advantage,INF277K013S8
135793,Tata Banking And Financial Services Fund-Direct Plan-Growth,Tata Mutual Fund,Open Ended Schemes,Equity Scheme - Sectoral/ Thematic,Sectoral,INF277K01Z10
149071,Tata Business Cycle Fund-Direct Plan-Growth,Tata Mutual Fund,Open Ended Schemes,Equity Scheme - Sectoral/ Thematic,Sectoral,INF277KA1166
119312,Tata Childrens Fund-Direct Plan-Growth Option,Tata Mutual Fund,Open Ended Schemes,Solution Oriented Scheme - Children’s Fund,Children,INF277K01QW4
149361,Tata Corporate Bond Fund-Direct Plan-Growth,Tata Mutual Fund,Open Ended Schemes,Debt Scheme - Corporate Bond Fund,Corporate Bond,INF277KA1224
135800,Tata Digital India Fund-Direct Plan-Growth,Tata Mutual Fund,Open Ended Schemes,Equity Scheme - Sectoral/ Thematic,Sectoral,INF277K01Z77
119097,Tata Dynamic Bond Fund- Direct Plan-Growth Option,Tata Mutual Fund,Open Ended Schemes,Debt Scheme - Dynamic Bond,Dynamic Bond,
132756,Tata ELSS Fund-Growth-Direct Plan,Tata Mutual Fund,Open Ended Schemes,Equity Scheme - ELSS,ELSS,INF277K01I86
119960,Tata Equity Savings Fund- Direct Plan- Growth Option,Tata Mutual Fund,Open Ended Schemes,Hybrid Scheme - Equity Savings,Equity Savings,INF277K01QH5
119172,Tata Ethical Fund -Direct Plan- Growth Option,Tata Mutual Fund,Open Ended Schemes,Equity Scheme - Sectoral/ Thematic,Sectoral,INF277K01NG4
144546,Tata Flexi Cap Fund-Direct Plan-Growth,Tata Mutual Fund,Open Ended Schemes,Equity Scheme - Flexi Cap Fund,Flexi Cap,INF277K015K0
149007,Tata Floating Rate Fund -Direct Plan-Growth,Tata Mutual Fund,Open Ended Schemes,Debt Scheme - Floater Fund,Floating Rate,INF277KA1026
147757,Tata Focused Fund-Direct Plan-Growth,Tata Mutual Fund,Open Ended Schemes,Equity Scheme - Focused Fund,Focused,INF277K017X9
119953,Tata Gilt Securities Fund- Direct Plan - Growth Option,Tata Mutual Fund,Open Ended Schemes,Debt Scheme - Gilt Fund,Gilt,INF277K01OX7
152287,Tata Gold ETF Fund of Fund Direct Plan Growth Option,Tata Mutual Fund,Open Ended Schemes,Other Scheme - FoF Domestic,Fund of Funds,INF277KA1869
150532,Tata Housing Opportunities Fund - Direct Plan - Growth,Tata Mutual Fund,Open Ended Schemes,Equity Scheme - Sectoral/ Thematic,Sectoral,INF277KA1497
119876,Tata Income Fund - Direct Plan - Growth Option,Tata Mutual Fund,Open Ended Schemes,Debt Scheme - Medium to Long Duration Fund,Long Duration,
153513,Tata Income Plus Arbitrage Active FOF - Direct Plan Growth Option,Tata Mutual Fund,Open Ended Schemes,Other Scheme - FoF Domestic,Fund of Funds,INF277KA1DT2
135805,Tata India Consumer Fund-Direct Plan-Growth,Tata Mutual Fund,Open Ended Schemes,Equity Scheme - Sectoral/ Thematic,Sectoral,INF277K013A6
153055,Tata India Innovation Fund- Direct Growth,Tata Mutual Fund,Open Ended Schemes,Equity Scheme - Sectoral/ Thematic,Sectoral,INF277KA1CU2
135810,Tata India Pharma & Healthcare Fund-Direct Plan-Growth,Tata Mutual Fund,Open Ended Schemes,Equity Scheme - Sectoral/ Thematic,Sectoral,INF277K019A3
119243,Tata Infrastructure Fund -Direct Plan -Growth Option,Tata Mutual Fund,Open Ended Schemes,Equity Scheme - Sectoral/ Thematic,Sectoral,INF277K01PQ8
119202,Tata Large & MId Cap Fund -Direct Plan- Growth Option,Tata Mutual Fund,Open Ended Schemes,Equity Scheme - Large & Mid Cap Fund,Mid Cap,INF277K01MK8
119160,Tata Large Cap Fund -Direct Plan Growth Option,Tata Mutual Fund,Open Ended Schemes,Equity Scheme - Large Cap Fund,Large Cap,INF277K01QZ7
119861,Tata Liquid Fund- Direct Plan-Growth Option,Tata Mutual Fund,Open Ended Schemes,Debt Scheme - Liquid Fund,Liquid,INF277K01YE6
119127,Tata Medium Term Fund- Direct Plan- Growth Option,Tata Mutual Fund,Open Ended Schemes,Debt Scheme - Medium Duration Fund,Medium Duration,
119178,Tata Mid Cap Fund - Direct Plan- Growth Option,Tata Mutual Fund,Open Ended Schemes,Equity Scheme - Mid Cap Fund,Mid Cap,INF277K01PY2
119424,Tata Money Market Fund- Direct Plan- Growth Option,Tata Mutual Fund,Open Ended Schemes,Debt Scheme - Money Market Fund,Money Market,INF277K01PR6
148053,Tata Multi Asset Allocation Fund-Direct Plan-Growth,Tata Mutual Fund,Open Ended Schemes,Hybrid Scheme - Multi Asset Allocation,Multi Asset,INF277K019Y3
154409,Tata Multi Sector Passive FOF Direct Plan Growth Option,Tata Mutual Fund,Open Ended Schemes,Equity Schemes - Value Fund,Value,INF277KA1EV6
151232,Tata Multicap Fund - Direct Plan - Growth,Tata Mutual Fund,Open Ended Schemes,Equity Scheme - Multi Cap Fund,Multi Cap,INF277KA1679
152557,Tata Nifty Auto Index Fund - Direct Plan - Growth,Tata Mutual Fund,Open Ended Schemes,Other Scheme - Index Funds,Index,INF277KA1AU6
152951,Tata Nifty Capital Markets Index Fund - Direct Plan Growth Option,Tata Mutual Fund,Open Ended Schemes,Other Scheme - Index Funds,Index,INF277KA1CO5
152577,Tata Nifty Financial Services Index Fund - Direct Plan - Growth,Tata Mutual Fund,Open Ended Schemes,Other Scheme - Index Funds,Index,INF277KA1BA6
151301,Tata Nifty G Sec Dec 2026 Index Fund-Direct Plan-Growth,Tata Mutual Fund,Open Ended Schemes,Other Scheme - Index Funds,Index,INF277KA1794
151273,Tata Nifty G-Sec Dec 2029 Index Fund - Direct Plan - Growth,Tata Mutual Fund,Open Ended Schemes,Other Scheme - Index Funds,Index,INF277KA1737
150344,Tata Nifty India Digital ETF Fund of Fund-Direct Plan-Growth,Tata Mutual Fund,Open Ended Schemes,Other Scheme - FoF Domestic,Fund of Funds,INF277KA1430
152742,Tata Nifty India Tourism Index Fund - Direct - Growth,Tata Mutual Fund,Open Ended Schemes,Other Scheme - Index Funds,Index,INF277KA1CC0
152564,Tata Nifty MidSmall Healthcare Index Fund - Direct Plan - Growth,Tata Mutual Fund,Open Ended Schemes,Other Scheme - Index Funds,Index,INF277KA1BG3
153581,Tata Nifty Midcap 150 Index Fund - Direct Plan - Growth Option,Tata Mutual Fund,Open Ended Schemes,Other Scheme - Index Funds,Index,INF277KA1DZ9
150738,Tata Nifty Midcap 150 Momentum 50 Index Fund - Growth - Direct Plan,Tata Mutual Fund,Open Ended Schemes,Other Scheme - Index Funds,Index,INF277KA1612
153858,Tata Nifty Next 50 Index Fund - Direct Plan Growth Option,Tata Mutual Fund,Open Ended Schemes,Other Scheme - Index Funds,Index,INF277KA1EJ1
152570,Tata Nifty Realty Index Fund - Direct Plan - Growth,Tata Mutual Fund,Open Ended Schemes,Other Scheme - Index Funds,Index,INF277KA1AO9
150326,Tata Nifty SDL Plus AAA PSU Bond Dec 6040 Index Fund- Direct Plan-Growth,Tata Mutual Fund,Open Ended Schemes,Other Scheme - Index Funds,Index,INF277KA1372
152836,Tata Nifty200 Alpha 30 Index Fund - Direct -Growth,Tata Mutual Fund,Open Ended Schemes,Other Scheme - Index Funds,Index,INF277KA1CI7
152588,Tata Nifty500 Multicap India Manufacturing 50:30:20 Index Fund -Direct Plan-Growth,Tata Mutual Fund,Open Ended Schemes,Other Scheme - Index Funds,Index,INF277KA1BM1
152595,Tata Nifty500 Multicap Infrastructure 50:30:20 Index Fund - Direct Plan - Growth,Tata Mutual Fund,Open Ended Schemes,Other Scheme - Index Funds,Index,INF277KA1BS8
146980,Tata Overnight Fund-Direct Plan-Growth,Tata Mutual Fund,Open Ended Schemes,Debt Scheme - Overnight Fund,Overnight,INF277K018T5
135813,Tata Resources & Energy Fund-Direct Plan-Growth,Tata Mutual Fund,Open Ended Schemes,Equity Scheme - Sectoral/ Thematic,Sectoral,INF277K015B9
119256,Tata Retirement Savings Fund- Conservative Plan-Direct Plan-Growth Option,Tata Mutual Fund,Open Ended Schemes,Solution Oriented Scheme - Retirement Fund,Retirement,INF277K01QM5
119255,Tata Retirement Savings Fund- Moderate Plan -Direct Plan-Growth Option,Tata Mutual Fund,Open Ended Schemes,Solution Oriented Scheme - Retirement Fund,Retirement,INF277K01QN3
119251,Tata Retirement Savings Fund- Progressive Plan -Direct Plan-Growth Option,Tata Mutual Fund,Open Ended Schemes,Solution Oriented Scheme - Retirement Fund,Retirement,INF277K01QO1
119949,Tata Short Term Bond Fund - Direct Plan - Growth Option,Tata Mutual Fund,Open Ended Schemes,Debt Scheme - Short Duration Fund,Short Duration,INF277K01QR4
152293,Tata Silver ETF Fund of Fund Direct Plan Growth Option,Tata Mutual Fund,Open Ended Schemes,Other Scheme - FoF Domestic,Fund of Funds,INF277KA1943
145206,Tata Small Cap Fund-Direct Plan-Growth,Tata Mutual Fund,Open Ended Schemes,Equity Scheme - Small Cap Fund,Small Cap,INF277K011O1
119863,Tata Treasury Advantage Fund - Direct Plan - Growth Option,Tata Mutual Fund,Open Ended Schemes,Debt Scheme - Low Duration Fund,Low Duration,INF277K01OK4
146075,Tata Ultra Short Term Fund-Direct Plan-Growth,Tata Mutual Fund,Open Ended Schemes,Debt Scheme - Ultra Short Duration Fund,Ultra Short Duration,INF277K011T0
119231,Tata Value Fund -Direct Plan Growth Option,Tata Mutual Fund,Open Ended Schemes,Equity Scheme - Value Fund,Value,INF277K01ND1
118868,Taurus Banking & Financial Services Fund - Direct Plan - Growth,Taurus Mutual Fund,Open Ended Schemes,Equity Scheme - Sectoral/ Thematic,Sectoral,INF044D01CN2
118866,Taurus ELSS Tax Saver Fund - Direct Plan - Growth,Taurus Mutual Fund,Open Ended Schemes,Equity Scheme - ELSS,ELSS,INF044D01CG6
118876,Taurus Ethical Fund - Direct Plan - Growth,Taurus Mutual Fund,Open Ended Schemes,Equity Scheme - Sectoral/ Thematic,Sectoral,INF044D01CJ0
118883,Taurus Flexi Cap Fund - Direct Plan - Growth,Taurus Mutual Fund,Open Ended Schemes,Equity Scheme - Flexi Cap Fund,Flexi Cap,INF044D01BU9
118879,Taurus Infrastructure Fund - Direct Plan - Growth ,Taurus Mutual Fund,Open Ended Schemes,Equity Scheme - Sectoral/ Thematic,Sectoral,INF044D01CD3
118870,Taurus Large Cap Fund - Direct Plan - Growth,Taurus Mutual Fund,Open Ended Schemes,Equity Scheme - Large Cap Fund,Large Cap,INF044D01BX3
118872,Taurus Mid Cap Fund - Direct Plan - Growth,Taurus Mutual Fund,Open Ended Schemes,Equity Scheme - Mid Cap Fund,Mid Cap,INF044D01CA9
118881,Taurus Nifty 50 Index Fund - Direct Plan - Growth,Taurus Mutual Fund,Open Ended Schemes,Other Scheme - Index Funds,Index,INF044D01CQ5
118494,Templeton India Value Fund - Direct - Growth,Franklin Templeton Mutual Fund,Open Ended Schemes,Equity Scheme - Value Fund,Value,INF090I01GY2
154185,The Wealth Company Balanced Advantage Fund - Direct Growth,The Wealth Company Mutual Fund,Open Ended Schemes,Hybrid Scheme - Dynamic Asset Allocation or Balanced Advantage,Balanced Advantage,INF2F0001479
154381,The Wealth Company Large & Mid Cap Fund Direct Growth,The Wealth Company Mutual Fund,Open Ended Schemes,Equity Scheme - Large & Mid Cap Fund,Mid Cap,INF2F0001594
154481,The Wealth Company Mid Cap Fund- Direct-Growth,The Wealth Company Mutual Fund,Open Ended Schemes,Equity Schemes - Mid Cap Fund,Mid Cap,INF2F0001651
153999,The Wealth Company Multi Asset Allocation Fund - Direct Growth,The Wealth Company Mutual Fund,Open Ended Schemes,Hybrid Scheme - Multi Asset Allocation,Multi Asset,INF2F0001347
154269,The Wealth Company Small Cap Fund- Direct-Growth,The Wealth Company Mutual Fund,Open Ended Schemes,Equity Scheme - Small Cap Fund,Small Cap,INF2F0001537
148086,UTI - Bond Fund (Segregated - 17022020) - Direct Plan - Growth Option,UTI Mutual Fund,Open Ended Schemes,Debt Scheme - Corporate Bond Fund,Corporate Bond,
148242,UTI - Credit Risk Fund (Segregated - 06032020) - Direct Plan - Growth Option,UTI Mutual Fund,Open Ended Schemes,Debt Scheme - Credit Risk Fund,Credit Risk,INF789F1ARF0
148430,UTI - Credit Risk Fund (Segregated - 07072020) - Direct Plan - Growth Option,UTI Mutual Fund,Open Ended Schemes,Debt Scheme - Credit Risk Fund,Credit Risk,
147651,UTI - Credit Risk Fund (Segregated - 13092019) - Direct Plan - Growth Option,UTI Mutual Fund,Open Ended Schemes,Debt Scheme - Credit Risk Fund,Credit Risk,
148147,UTI - Credit Risk Fund (Segregated - 17022020) - Direct Plan - Growth Option,UTI Mutual Fund,Open Ended Schemes,Debt Scheme - Credit Risk Fund,Credit Risk,
148118,UTI - Dynamic Bond Fund (Segregated - 17022020) - Direct Plan - Growth Option,UTI Mutual Fund,Open Ended Schemes,Debt Scheme - Dynamic Bond,Dynamic Bond,
120662,UTI - Flexi Cap Fund-Growth Option - Direct,UTI Mutual Fund,Open Ended Schemes,Equity Scheme - Flexi Cap Fund,Flexi Cap,INF789F01TC4
145295,UTI - Floater Fund - Direct Plan - Growth Option,UTI Mutual Fund,Open Ended Schemes,Debt Scheme - Floater Fund,Floating Rate,INF789F1ACX5
120792,UTI - GILT FUND - Direct Plan - Growth Option,UTI Mutual Fund,Open Ended Schemes,Debt Scheme - Gilt Fund,Gilt,INF789F01TL5
120682,UTI - MNC Fund - Growth Option - Direct,UTI Mutual Fund,Open Ended Schemes,Equity Scheme - Sectoral/ Thematic,Sectoral,INF789F01UD0
148257,UTI - Medium Term Fund (Segregated - 06032020) - Direct Plan - Growth Option,UTI Mutual Fund,Open Ended Schemes,Debt Scheme - Medium Duration Fund,Medium Duration,INF789F1ASB7
148441,UTI - Medium Term Fund (Segregated - 07072020) - Direct Plan - Growth Option,UTI Mutual Fund,Open Ended Schemes,Debt Scheme - Medium Duration Fund,Medium Duration,
148136,UTI - Medium Term Fund (Segregated - 17022020) - Direct Plan - Growth Option,UTI Mutual Fund,Open Ended Schemes,Debt Scheme - Medium Duration Fund,Medium Duration,
120785,UTI - Overnight Fund - Direct Plan - Growth Option,UTI Mutual Fund,Open Ended Schemes,Debt Scheme - Overnight Fund,Overnight,INF789FB1S71
148106,UTI - Regular Saving Fund (Segregated - 17022020) - Direct Plan - Growth Option,UTI Mutual Fund,Open Ended Schemes,Hybrid Scheme - Conservative Hybrid Fund,Conservative Hybrid,
120674,UTI Aggressive Hybrid Fund -Direct Plan - Growth,UTI Mutual Fund,Open Ended Schemes,Hybrid Scheme - Aggressive Hybrid Fund,Aggressive Hybrid,INF789F01SK9
120795,UTI Arbitrage Fund - Direct Plan - Growth Option,UTI Mutual Fund,Open Ended Schemes,Hybrid Scheme - Arbitrage Fund,Arbitrage,INF789FB1RG6
151764,UTI BSE Housing Index Fund - Direct Plan - Growth Option,UTI Mutual Fund,Open Ended Schemes,Other Scheme - Index Funds,Index,INF789F1AYR1
149881,UTI BSE Low Volatility Index Fund - Direct Plan  - Growth Option,UTI Mutual Fund,Open Ended Schemes,Other Scheme - Index Funds,Index,INF789F1AVF2
149803,UTI BSE Sensex Index Fund - Direct Plan - Growth Option,UTI Mutual Fund,Open Ended Schemes,Other Scheme - Index Funds,Index,INF789F1AVD7
151885,UTI Balanced Advantage Fund - Direct Plan - Growth Option,UTI Mutual Fund,Open Ended Schemes,Hybrid Scheme - Dynamic Asset Allocation or Balanced Advantage,Balanced Advantage,INF789F1AYV3
126940,UTI Banking & PSU Fund - Direct Plan - Growth Option,UTI Mutual Fund,Open Ended Schemes,Debt Scheme - Banking and PSU Fund,Banking & PSU,INF789F015Z6
120733,UTI Banking and Financial Services Fund - Direct Plan - Growth Option,UTI Mutual Fund,Open Ended Schemes,Equity Scheme - Sectoral/ Thematic,Sectoral,INF789F01SN3
151185,UTI CRISIL SDL Maturity April 2033 Index Fund - Direct Plan - Growth Option,UTI Mutual Fund,Open Ended Schemes,Other Scheme - Index Funds,Index,INF789F1AWX3
151239,UTI CRISIL SDL Maturity June 2027 Index Fund - Direct Plan - Growth Option,UTI Mutual Fund,Open Ended Schemes,Other Scheme - Index Funds,Index,INF789F1AWZ8
120724,UTI Children's Equity Fund - Direct Plan - Growth Option,UTI Mutual Fund,Open Ended Schemes,Solution Oriented Scheme - Children’s Fund,Children,INF789F1AZV0
120779,UTI Conservative Hybrid Fund - Direct Plan - Growth Option,UTI Mutual Fund,Open Ended Schemes,Hybrid Scheme - Conservative Hybrid Fund,Conservative Hybrid,INF789F01UJ7
144339,UTI Corporate Bond Fund - Direct Plan - Growth Option,UTI Mutual Fund,Open Ended Schemes,Debt Scheme - Corporate Bond Fund,Corporate Bond,INF789F1A538
120764,UTI Credit Risk Fund - Direct Plan - Growth Option,UTI Mutual Fund,Open Ended Schemes,Debt Scheme - Credit Risk Fund,Credit Risk,INF789F01YB6
120762,UTI Dynamic Bond Fund - Direct Plan - Growth Option,UTI Mutual Fund,Open Ended Schemes,Debt Scheme - Dynamic Bond,Dynamic Bond,INF789F01XD4
120715,UTI ELSS Tax Saver Fund - Direct Plan - Growth Option,UTI Mutual Fund,Open Ended Schemes,Equity Scheme - ELSS,ELSS,INF789F01TF7
144490,UTI Equity Savings Fund - Direct Plan - Growth Option,UTI Mutual Fund,Open Ended Schemes,Hybrid Scheme - Equity Savings,Equity Savings,INF789F1A777
149091,UTI Focused Fund - Direct Plan - Growth Option,UTI Mutual Fund,Open Ended Schemes,Equity Scheme - Focused Fund,Focused,INF789F1AVA3
150410,UTI Gilt Fund with 10 year Constant Duration - Direct Plan - Growth Option,UTI Mutual Fund,Open Ended Schemes,Debt Scheme - Gilt Fund with 10 year constant duration,Gilt,INF789F1AVR7
150714,UTI Gold ETF Fund of Fund - Direct Plan - Growth Option,UTI Mutual Fund,Open Ended Schemes,Other Scheme - FoF Domestic,Fund of Funds,INF789F1AWB9
120782,UTI Healthcare Fund - Direct Plan - Growth Option,UTI Mutual Fund,Open Ended Schemes,Equity Scheme - Sectoral/ Thematic,Sectoral,INF789F01TO9
153442,UTI Income Plus Arbitrage Active Fund of Fund - Direct Plan - Growth Option,UTI Mutual Fund,Open Ended Schemes,Other Scheme - FoF Domestic,Fund of Funds,INF789F1AB55
120780,UTI India Consumer Fund - Direct Plan - Growth Option,UTI Mutual Fund,Open Ended Schemes,Equity Scheme - Sectoral/ Thematic,Sectoral,INF789F01VF3
120728,UTI Infrastructure Fund-Growth Option- Direct,UTI Mutual Fund,Open Ended Schemes,Equity Scheme - Sectoral/ Thematic,Sectoral,INF789F01TU6
152087,UTI Innovation Fund - Direct Plan - Growth Option,UTI Mutual Fund,Open Ended Schemes,Equity Scheme - Sectoral/ Thematic,Sectoral,INF789F1AZA4
120665,UTI Large & Mid Cap Fund - Direct Plan - Growth Option,UTI Mutual Fund,Open Ended Schemes,Equity Scheme - Large & Mid Cap Fund,Mid Cap,INF789F01UG3
120656,UTI Large Cap Fund - Direct Plan - Growth Option,UTI Mutual Fund,Open Ended Schemes,Equity Scheme - Large Cap Fund,Large Cap,INF789F01US8
120304,UTI Liquid Fund - Direct Plan - Growth Option,UTI Mutual Fund,Open Ended Schemes,Income/Debt Oriented Schemes - Liquid Fund,Liquid,INF789F1AD46
151523,UTI Long Duration Fund - Direct Plan - Growth Option,UTI Mutual Fund,Open Ended Schemes,Debt Scheme - Long Duration Fund,Long Duration,INF789F1AYB5
120735,UTI Low Duration Fund - Direct Plan - Growth Option,UTI Mutual Fund,Open Ended Schemes,Debt Scheme - Low Duration Fund,Low Duration,INF789F01XI3
120299,UTI MMF - Direct Plan - Growth Option,UTI Mutual Fund,Open Ended Schemes,Debt Scheme - Money Market Fund,Money Market,INF789F01XV6
134503,UTI Medium Duration Fund - Direct Plan - Growth Option,UTI Mutual Fund,Open Ended Schemes,Debt Scheme - Medium Duration Fund,Medium Duration,INF789FB1KE6
120689,UTI Medium to Long Duration Fund-Growth - Direct,UTI Mutual Fund,Open Ended Schemes,Debt Scheme - Medium to Long Duration Fund,Long Duration,INF789F01SQ6
120726,UTI Mid Cap Fund-Growth Option- Direct,UTI Mutual Fund,Open Ended Schemes,Equity Scheme - Mid Cap Fund,Mid Cap,INF789F01UA6
120760,UTI Multi Asset Allocation Fund - Direct Plan - Growth Option,UTI Mutual Fund,Open Ended Schemes,Hybrid Scheme - Multi Asset Allocation,Multi Asset,INF789F01VE6
153515,UTI Multi Cap Fund - Direct Plan - Growth Option,UTI Mutual Fund,Open Ended Schemes,Equity Scheme - Multi Cap Fund,Multi Cap,INF789F1AB89
151364,UTI NIFTY SDL Plus AAA PSU Bond Apr 2026 75:25 Index Fund - Direct Plan - Growth Option,UTI Mutual Fund,Open Ended Schemes,Other Scheme - Index Funds,Index,INF789F1AXL6
151487,UTI NIFTY SDL Plus AAA PSU Bond Apr 2028- 75:25 Index Fund - Direct Plan - Growth Option,UTI Mutual Fund,Open Ended Schemes,Other Scheme - Index Funds,Index,INF789F1AXR3
148703,UTI Nifty 200 Momentum 30 Index Fund - Direct Plan - Growth Option,UTI Mutual Fund,Open Ended Schemes,Other Scheme - Index Funds,Index,INF789F1AUT5
152859,UTI Nifty 200 Quality 30 Index Fund - Direct Plan - Growth Option,UTI Mutual Fund,Open Ended Schemes,Other Scheme - Index Funds,Index,INF789F1AZH9
120716,UTI Nifty 50 Index Fund - Growth Option- Direct,UTI Mutual Fund,Open Ended Schemes,Other Scheme - Index Funds,Index,INF789F01XA0
151739,UTI Nifty 500 Value 50 Index Fund - Direct Plan - Growth Option,UTI Mutual Fund,Open Ended Schemes,Other Scheme - Index Funds,Index,INF789F1AYN0
153086,UTI Nifty Alpha Low-Volatility 30 Index Fund - Direct Plan - Growth Option,UTI Mutual Fund,Open Ended Schemes,Other Scheme - Index Funds,Index,INF789F1AZM9
153270,UTI Nifty India Manufacturing Index Fund - Direct Plan - Growth Option,UTI Mutual Fund,Open Ended Schemes,Other Scheme - Index Funds,Index,INF789F1AB48
153089,UTI Nifty Midcap 150 Index Fund - Direct Plan - Growth Option,UTI Mutual Fund,Open Ended Schemes,Other Scheme - Index Funds,Index,INF789F1AZO5
150313,UTI Nifty Midcap 150 Quality 50 Index Fund - Direct Plan - Growth Option,UTI Mutual Fund,Open Ended Schemes,Other Scheme - Index Funds,Index,INF789F1AVH8
153272,UTI Nifty Midsmallcap 400 Momentum Quality 100 Index Fund - Direct Plan - Growth Option,UTI Mutual Fund,Open Ended Schemes,Other Scheme - Index Funds,Index,INF789F1AB22
143341,UTI Nifty Next 50 Index Fund - Direct Plan - Growth Option,UTI Mutual Fund,Open Ended Schemes,Other Scheme - Index Funds,Index,INF789FC12T1
152864,UTI Nifty Private Bank Index Fund - Direct Plan - Growth Option,UTI Mutual Fund,Open Ended Schemes,Other Scheme - Index Funds,Index,INF789F1AZJ5
151762,UTI Nifty50 Equal Weight Index Fund - Direct Plan - Growth Option,UTI Mutual Fund,Open Ended Schemes,Other Scheme - Index Funds,Index,INF789F1AYP5
154197,UTI Nifty500 Shariah Index Fund - Direct Plan Growth Option,UTI Mutual Fund,Open Ended Schemes,Other Scheme - Index Funds,Index,INF789F1AD04
153204,UTI Quant Fund - Direct Plan - Growth Option,UTI Mutual Fund,Open Ended Schemes,Equity Scheme - Sectoral/ Thematic,Sectoral,INF789F1AA98
120718,UTI Short Duration Fund - Direct Plan - Growth Option,UTI Mutual Fund,Open Ended Schemes,Debt Scheme - Short Duration Fund,Short Duration,INF789F01XY0
151731,UTI Silver ETF Fund of Fund - Direct Plan - Growth Option,UTI Mutual Fund,Open Ended Schemes,Other Scheme - FoF Domestic,Fund of Funds,INF789F1AYL4
148618,UTI Small Cap Fund - Direct Plan - Growth Option,UTI Mutual Fund,Open Ended Schemes,Equity Scheme - Small Cap Fund,Small Cap,INF789F1AUQ1
120746,UTI Ultra Short Duration Fund - Direct Plan - Growth Option,UTI Mutual Fund,Open Ended Schemes,Debt Scheme - Ultra Short Duration Fund,Ultra Short Duration,INF789F01TI1
120751,UTI Value Fund - Direct Plan - Growth Option,UTI Mutual Fund,Open Ended Schemes,Equity Scheme - Value Fund,Value,INF789F01VB2
120731,UTI-Transportation and Logistics  Fund-Growth Option- Direct,UTI Mutual Fund,Open Ended Schemes,Equity Scheme - Sectoral/ Thematic,Sectoral,INF789F01SH5
153376,Unifi Dynamic Asset Allocation Fund - Direct Growth,Unifi Mutual Fund,Open Ended Schemes,Hybrid Scheme - Dynamic Asset Allocation or Balanced Advantage,Balanced Advantage,INF1MIY01015
153543,Unifi Flexi Cap Fund - Direct Growth,Unifi Mutual Fund,Open Ended Schemes,Equity Scheme - Flexi Cap Fund,Flexi Cap,INF1MIY01031
153570,Unifi Liquid Fund- Direct Growth,Unifi Mutual Fund,Open Ended Schemes,Debt Scheme - Liquid Fund,Liquid,INF1MIY01056
153109,Union Active Momentum Fund - Direct Plan - Growth Option,Union Mutual Fund,Open Ended Schemes,Equity Scheme - Sectoral/ Thematic,Sectoral,INF582M01KG9
148592,Union Aggressive Hybrid Fund - Direct Plan - Growth Option,Union Mutual Fund,Open Ended Schemes,Hybrid Scheme - Aggressive Hybrid Fund,Aggressive Hybrid,INF582M01GY0
146297,Union Arbitrage Fund - Direct Plan - Growth Option,Union Mutual Fund,Open Ended Schemes,Hybrid Scheme - Arbitrage Fund,Arbitrage,INF582M01ES7
142038,Union Balanced Advantage Fund - Direct Plan - Growth Option,Union Mutual Fund,Open Ended Schemes,Hybrid Scheme - Dynamic Asset Allocation or Balanced Advantage,Balanced Advantage,INF582M01DE9
152409,Union Business Cycle Fund - Direct Plan - Growth Option,Union Mutual Fund,Open Ended Schemes,Equity Scheme - Sectoral/ Thematic,Sectoral,INF582M01JQ0
152219,Union Children's Fund - Direct Plan - Growth Option,Union Mutual Fund,Open Ended Schemes,Solution Oriented Scheme - Children’s Fund,Children,INF582M01JK3
154020,Union Consumption Fund - Direct Plan - Growth Option,Union Mutual Fund,Open Ended Schemes,Equity Scheme - Sectoral/ Thematic,Sectoral,INF582M01MH3
143241,Union Corporate Bond Fund - Direct Plan - Growth Option,Union Mutual Fund,Open Ended Schemes,Debt Scheme - Corporate Bond Fund,Corporate Bond,INF582M01DU5
153824,Union Diversified Equity All Cap Active FOF - Direct Plan - Growth Option,Union Mutual Fund,Open Ended Schemes,Other Scheme - FoF Domestic,Fund of Funds,INF582M01LZ7
119311,Union Dynamic Bond Fund - Direct Plan - Growth Option,Union Mutual Fund,Open Ended Schemes,Debt Scheme - Dynamic Bond,Dynamic Bond,INF582M01799
119307,Union ELSS Tax Saver Fund - Direct Plan - Growth Option,Union Mutual Fund,Open Ended Schemes,Equity Scheme - ELSS,ELSS,INF582M01765
144312,Union Equity Savings Fund - Direct Plan - Growth Option,Union Mutual Fund,Open Ended Schemes,Hybrid Scheme - Equity Savings,Equity Savings,INF582M01EC1
119292,Union Flexi Cap Fund - Direct Plan - Growth Option,Union Mutual Fund,Open Ended Schemes,Equity Scheme - Flexi Cap Fund,Flexi Cap,INF582M01633
147492,Union Focused Fund - Direct Plan - Growth Option,Union Mutual Fund,Open Ended Schemes,Equity Scheme - Focused Fund,Focused,INF582M01FS4
150407,Union Gilt Fund - Direct Plan - Growth Option,Union Mutual Fund,Open Ended Schemes,Debt Scheme - Gilt Fund,Gilt,INF582M01HW2
153340,Union Gold ETF Fund of Fund - Direct Plan - Growth Option,Union Mutual Fund,Open Ended Schemes,Other Scheme - FoF Domestic,Fund of Funds,INF582M01LA0
153575,Union Income Plus Arbitrage Active FOF - Direct Plan - Growth Option,Union Mutual Fund,Open Ended Schemes,Other Scheme - FoF Domestic,Fund of Funds,INF582M01LF9
151905,Union Innovation & Opportunities Fund - Direct Plan - Growth Option,Union Mutual Fund,Open Ended Schemes,Equity Scheme - Sectoral/ Thematic,Sectoral,INF582M01JE6
147750,Union Large & Midcap Fund - Direct Plan - Growth Option,Union Mutual Fund,Open Ended Schemes,Equity Scheme - Large & Mid Cap Fund,Mid Cap,INF582M01GA0
141248,Union Largecap Fund - Direct Plan - Growth Option,Union Mutual Fund,Open Ended Schemes,Equity Scheme - Large Cap Fund,Large Cap,INF582M01CU7
119303,Union Liquid Fund - Direct Plan - Growth Option,Union Mutual Fund,Open Ended Schemes,Debt Scheme - Liquid Fund,Liquid,INF582M01674
153654,Union Low Duration Fund - Direct Plan - Growth Option,Union Mutual Fund,Open Ended Schemes,Debt Scheme - Low Duration Fund,Low Duration,INF582M01LQ6
148073,Union Midcap Fund - Direct Plan - Growth Option,Union Mutual Fund,Open Ended Schemes,Equity Scheme - Mid Cap Fund,Mid Cap,INF582M01GI3
149117,Union Money Market Fund - Direct Plan -  Growth Option,Union Mutual Fund,Open Ended Schemes,Debt Scheme - Money Market Fund,Money Market,INF582M01HG5
152787,Union Multi Asset Allocation Fund- Direct Plan - Growth Option,Union Mutual Fund,Open Ended Schemes,Hybrid Scheme - Multi Asset Allocation,Multi Asset,INF582M01JY4
150858,Union Multicap Fund - Direct Plan - Growth Option,Union Mutual Fund,Open Ended Schemes,Equity Scheme - Multi Cap Fund,Multi Cap,INF582M01IO7
147003,Union Overnight Fund - Direct Plan - Growth Option,Union Mutual Fund,Open Ended Schemes,Debt Scheme - Overnight Fund,Overnight,INF582M01FA2
150554,Union Retirement Fund - Direct Plan - Growth Option,Union Mutual Fund,Open Ended Schemes,Solution Oriented Scheme - Retirement Fund,Retirement,INF582M01IK5
153242,Union Short Duration Fund - Direct Plan - Growth Option,Union Mutual Fund,Open Ended Schemes,Debt Scheme - Short Duration Fund,Short Duration,INF582M01KO3
129649,Union Small Cap Fund - Direct Plan - Growth Option,Union Mutual Fund,Open Ended Schemes,Equity Scheme - Small Cap Fund,Small Cap,INF582M01BU9
145473,Union Value Fund - Direct Plan - Growth Option,Union Mutual Fund,Open Ended Schemes,Equity Scheme - Value Fund,Value,INF582M01EK4
154392,WhiteOak Capital Aggressive Hybrid Fund Direct Plan Growth,WhiteOak Capital Mutual Fund,Open Ended Schemes,Hybrid Schemes - Aggressive Hybrid Fund,Aggressive Hybrid,INF03VN01AF8
152849,WhiteOak Capital Arbitrage Fund Direct Plan Growth,WhiteOak Capital Mutual Fund,Open Ended Schemes,Hybrid Scheme - Arbitrage Fund,Arbitrage,INF03VN01910
151267,WhiteOak Capital Balanced Advantage Fund Direct Plan Growth,WhiteOak Capital Mutual Fund,Open Ended Schemes,Hybrid Scheme - Dynamic Asset Allocation or Balanced Advantage,Balanced Advantage,INF03VN01738
152132,WhiteOak Capital Balanced Hybrid Fund Direct Plan Growth,WhiteOak Capital Mutual Fund,Open Ended Schemes,Hybrid Scheme - Balanced Hybrid Fund,Balanced Hybrid,INF03VN01829
152321,WhiteOak Capital Banking & Financial Services Fund - Direct Growth,WhiteOak Capital Mutual Fund,Open Ended Schemes,Equity Scheme - Sectoral/ Thematic,Sectoral,INF03VN01860
154161,WhiteOak Capital Consumption Opportunities Fund Direct Plan Growth,WhiteOak Capital Mutual Fund,Open Ended Schemes,Equity Scheme - Sectoral/ Thematic,Sectoral,INF03VN01AD3
152915,WhiteOak Capital Digital Bharat Fund Direct Plan Growth,WhiteOak Capital Mutual Fund,Open Ended Schemes,Equity Scheme - Sectoral/ Thematic,Sectoral,INF03VN01936
150587,WhiteOak Capital ELSS Tax Saver Fund Direct Plan Growth,WhiteOak Capital Mutual Fund,Open Ended Schemes,Equity Scheme - ELSS,ELSS,INF03VN01621
152962,WhiteOak Capital ESG Best-In-Class Strategy Fund Direct Plan Growth,WhiteOak Capital Mutual Fund,Open Ended Schemes,Equity Scheme - Sectoral/ Thematic,Sectoral,INF03VN01951
153355,WhiteOak Capital Equity Savings Fund Direct Plan Growth,WhiteOak Capital Mutual Fund,Open Ended Schemes,Hybrid Scheme - Equity Savings,Equity Savings,INF03VN01AB7
150346,WhiteOak Capital Flexi Cap Fund Direct Plan-Growth,WhiteOak Capital Mutual Fund,Open Ended Schemes,Equity Scheme - Flexi Cap Fund,Flexi Cap,INF03VN01530
150797,WhiteOak Capital Large Cap Fund Direct Plan Growth,WhiteOak Capital Mutual Fund,Open Ended Schemes,Equity Scheme - Large Cap Fund,Large Cap,INF03VN01696
145971,WhiteOak Capital Liquid Fund- Direct plan-Growth Option,WhiteOak Capital Mutual Fund,Open Ended Schemes,Debt Scheme - Liquid Fund,Liquid,INF03VN01043
150584,WhiteOak Capital Mid Cap Fund Direct Plan Growth,WhiteOak Capital Mutual Fund,Open Ended Schemes,Equity Scheme - Mid Cap Fund,Mid Cap,INF03VN01597
151745,WhiteOak Capital Multi Asset Allocation Fund Direct Plan Growth,WhiteOak Capital Mutual Fund,Open Ended Schemes,Hybrid Scheme - Multi Asset Allocation,Multi Asset,INF03VN01761
152071,WhiteOak Capital Multi Cap Fund Direct Plan Growth,WhiteOak Capital Mutual Fund,Open Ended Schemes,Equity Scheme - Multi Cap Fund,Multi Cap,INF03VN01803
152349,WhiteOak Capital Pharma and Heathcare Fund Direct Plan Growth,WhiteOak Capital Mutual Fund,Open Ended Schemes,Equity Scheme - Sectoral/ Thematic,Sectoral,INF03VN01886
153189,WhiteOak Capital Quality Equity Fund Direct Plan Growth,WhiteOak Capital Mutual Fund,Open Ended Schemes,Equity Scheme - Sectoral/ Thematic,Sectoral,INF03VN01977
152644,WhiteOak Capital Special Opportunities Fund - Direct Growth,WhiteOak Capital Mutual Fund,Open Ended Schemes,Equity Scheme - Sectoral/ Thematic,Sectoral,INF03VN01902
147311,WhiteOak Capital Ultra Short Duration Fund- Direct plan-Growth Option,WhiteOak Capital Mutual Fund,Open Ended Schemes,Debt Scheme - Ultra Short Duration Fund,Ultra Short Duration,INF03VN01209
152226,Whiteoak Capital Large & Mid Cap Fund Direct Plan Growth,WhiteOak Capital Mutual Fund,Open Ended Schemes,Equity Scheme - Large & Mid Cap Fund,Mid Cap,INF03VN01845
152157,Zerodha ELSS Tax Saver Nifty LargeMidcap 250 Index Fund - Direct Plan - Growth option,Zerodha Mutual Fund,Open Ended Schemes,Other Scheme - Index Funds,Index,INF0R8F01026
153011,Zerodha Gold ETF FoF-Direct Plan - Growth Option,Zerodha Mutual Fund,Open Ended Schemes,Other Scheme - FoF Domestic,Fund of Funds,INF0R8F01083
154436,Zerodha Life Cycle Fund 2036 - Direct - Growth,Zerodha Mutual Fund,Open Ended Schemes,Life Cycle Funds - Life Cycle Fund with Maturity of 10 Years,Solution Oriented,
154437,Zerodha Life Cycle Fund 2041 - Direct - Growth,Zerodha Mutual Fund,Open Ended Schemes,Life Cycle Funds - Life Cycle Fund with Maturity of 15 Years,Solution Oriented,
153757,Zerodha Multi Asset Passive FoF - Direct - Growth,Zerodha Mutual Fund,Open Ended Schemes,Other Scheme - FoF Domestic,Fund of Funds,INF0R8F01117
153906,Zerodha Nifty 50 Index Fund - Direct Plan - Growth,Zerodha Mutual Fund,Open Ended Schemes,Other Scheme - Index Funds,Index,INF0R8F01158
152156,Zerodha Nifty LargeMidcap 250 Index Fund - Direct Plan - Growth option,Zerodha Mutual Fund,Open Ended Schemes,Other Scheme - Index Funds,Index,INF0R8F01018
154321,Zerodha Nifty LargeMidcap250 Plus 8-13 Yr G-Sec 70:30 Index Fund - Direct Plan - Growth Option,Zerodha Mutual Fund,Open Ended Schemes,Other Scheme - Index Funds,Index,INF0R8F01208
154306,Zerodha Nifty MidSmallcap400 50:50 Index Fund - Direct Plan - Growth Option,Zerodha Mutual Fund,Open Ended Schemes,Other Scheme - Index Funds,Index,INF0R8F01190
154109,Zerodha Nifty Short Duration G-Sec Index Fund - Direct Plan - Growth Option,Zerodha Mutual Fund,Open Ended Schemes,Other Scheme - Index Funds,Index,INF0R8F01182
153436,Zerodha Overnight Fund - Direct Plan - Growth Option,Zerodha Mutual Fund,Open Ended Schemes,Debt Scheme - Overnight Fund,Overnight,INF0R8F01075
153656,Zerodha Silver ETF FoF - Direct Growth,Zerodha Mutual Fund,Open Ended Schemes,Other Scheme - FoF Domestic,Fund of Funds,INF0R8F01109
120819,quant Aggressive Hybrid Fund-Growth Option-Direct Plan,quant Mutual Fund,Open Ended Schemes,Hybrid Scheme - Aggressive Hybrid Fund,Aggressive Hybrid,INF966L01556
153426,quant Arbitrage Fund - Growth Option - Direct Plan,quant Mutual Fund,Open Ended Schemes,Hybrid Scheme - Arbitrage Fund,Arbitrage,INF966L01DW8
151791,quant BFSI Fund - Growth Option - Direct Plan,quant Mutual Fund,Open Ended Schemes,Equity Scheme - Sectoral/ Thematic,Sectoral,INF966L01BX0
151757,quant Business Cycle Fund - Growth Option - Direct Plan,quant Mutual Fund,Open Ended Schemes,Equity Scheme - Sectoral/ Thematic,Sectoral,INF966L01BR2
152255,quant Commodities Fund - Growth Option - Direct Plan,quant Mutual Fund,Open Ended Schemes,Equity Scheme - Sectoral/ Thematic,Sectoral,INF966L01DF3
152336,quant Consumption Fund - Growth Option - Direct Plan,quant Mutual Fund,Open Ended Schemes,Equity Scheme - Sectoral/ Thematic,Sectoral,INF966L01DN7
151713,quant Dynamic Asset Allocation Fund - Growth Option - Direct Plan,quant Mutual Fund,Open Ended Schemes,Hybrid Scheme - Dynamic Asset Allocation or Balanced Advantage,Balanced Advantage,INF966L01BL5
120847,quant ELSS Tax Saver Fund - Growth Option - Direct Plan,quant Mutual Fund,Open Ended Schemes,Equity Scheme - ELSS,ELSS,INF966L01986
148564,quant ESG Integration Strategy Fund - Growth Option - Direct Plan,quant Mutual Fund,Open Ended Schemes,Equity Scheme - Sectoral/ Thematic,Sectoral,INF966L01AD4
153705,quant Equity Savings Fund - Growth Option - Direct Plan,quant Mutual Fund,Open Ended Schemes,Hybrid Scheme - Equity Savings,Equity Savings,INF966L01EC8
120843,quant Flexi Cap Fund - Growth Option-Direct Plan,quant Mutual Fund,Open Ended Schemes,Equity Scheme - Flexi Cap Fund,Flexi Cap,INF966L01911
120834,quant Focused Fund - Growth Option-Direct Plan,quant Mutual Fund,Open Ended Schemes,Equity Scheme - Focused Fund,Focused,INF966L01853
151228,quant Gilt Fund - Growth Option - Direct Plan,quant Mutual Fund,Open Ended Schemes,Debt Scheme - Gilt Fund,Gilt,INF966L01BF7
151853,quant Healthcare Fund - Growth Option - Direct Plan,quant Mutual Fund,Open Ended Schemes,Equity Scheme - Sectoral/ Thematic,Sectoral,INF966L01CD0
120833,quant Infrastructure Fund - Growth Option-Direct Plan,quant Mutual Fund,Open Ended Schemes,Equity Scheme - Sectoral/ Thematic,Sectoral,INF966L01721
120826,quant Large & Mid Cap Fund - Growth Option-Direct Plan,quant Mutual Fund,Open Ended Schemes,Equity Scheme - Large & Mid Cap Fund,Mid Cap,INF966L01648
150440,quant Large Cap Fund - Growth Option - Direct Plan,quant Mutual Fund,Open Ended Schemes,Equity Scheme - Large Cap Fund,Large Cap,INF966L01AT0
120837,quant Liquid Fund - Growth Option - Direct Plan,quant Mutual Fund,Open Ended Schemes,Debt Scheme - Liquid Fund,Liquid,INF966L01820
151916,quant Manufacturing Fund - Growth Option - Direct Plan,quant Mutual Fund,Open Ended Schemes,Equity Scheme - Sectoral/ Thematic,Sectoral,INF966L01CJ7
120841,quant Mid Cap Fund - Growth Option - Direct Plan,quant Mutual Fund,Open Ended Schemes,Equity Scheme - Mid Cap Fund,Mid Cap,INF966L01887
152189,quant Momentum Fund - Growth Option - Direct Plan,quant Mutual Fund,Open Ended Schemes,Equity Scheme - Sectoral/ Thematic,Sectoral,INF966L01CZ3
120821,quant Multi Asset Allocation Fund-GROWTH OPTION-Direct Plan,quant Mutual Fund,Open Ended Schemes,Hybrid Scheme - Multi Asset Allocation,Multi Asset,INF966L01580
120823,quant Multi Cap Fund-GROWTH OPTION-Direct Plan,quant Mutual Fund,Open Ended Schemes,Equity Scheme - Multi Cap Fund,Multi Cap,INF966L01614
151190,quant Overnight Fund - Growth Option - Direct Plan,quant Mutual Fund,Open Ended Schemes,Debt Scheme - Overnight Fund,Overnight,INF966L01AZ7
152415,quant PSU Fund - Growth Option - Direct Plan,quant Mutual Fund,Open Ended Schemes,Equity Scheme - Sectoral/ Thematic,Sectoral,INF966L01DT4
148925,quant Quantamental Fund - Growth Option - Direct Plan,quant Mutual Fund,Open Ended Schemes,Equity Scheme - Sectoral/ Thematic,Sectoral,INF966L01AK9
120828,quant Small Cap Fund - Growth Option - Direct Plan,quant Mutual Fund,Open Ended Schemes,Equity Scheme - Small Cap Fund,Small Cap,INF966L01689
152067,quant Teck Fund - Growth Option - Direct Plan,quant Mutual Fund,Open Ended Schemes,Equity Scheme - Sectoral/ Thematic,Sectoral,INF966L01CT6
